{"credit":"Made with Blockbench","texture_size":[28,28],"textures":{"0":"space_green_pack:sword","1":"space_green_pack:boots","2":"space_green_pack:boots_1","3":"space_green_pack:sword_animated","4":"space_green_pack:circle","particle":"space_green_pack:sword"},"elements":[{"from":[7.65648,-4.01747,7.97153],"to":[8.34353,-3.10747,8.65403],"rotation":{"angle":0,"axis":"y","origin":[8,3.54756,8]},"faces":{"north":{"uv":[12,5.71429,12.42857,6.28571],"texture":"#0"},"east":{"uv":[12,6.28571,12.42857,6.85714],"texture":"#0"},"south":{"uv":[12,6.85714,12.42857,7.42857],"texture":"#0"},"west":{"uv":[7.42857,12,7.85714,12.57143],"texture":"#0"},"up":{"uv":[13,6.14286,12.57143,5.71429],"texture":"#0"},"down":{"uv":[13,6.28571,12.57143,6.71429],"texture":"#0"}}},{"from":[7.65875,-1.17839,12.68569],"to":[8.34125,-0.26839,13.36819],"rotation":{"angle":45,"axis":"x","origin":[8,3.54756,8]},"faces":{"north":{"uv":[12,7.42857,12.42857,8],"texture":"#0"},"east":{"uv":[8,12,8.42857,12.57143],"texture":"#0"},"south":{"uv":[12,8,12.42857,8.57143],"texture":"#0"},"west":{"uv":[8.57143,12,9,12.57143],"texture":"#0"},"up":{"uv":[13,7.28571,12.57143,6.85714],"texture":"#0"},"down":{"uv":[7.85714,12.57143,7.42857,13],"texture":"#0"}}},{"from":[7.65875,-0.53369,4.78849],"to":[8.34125,0.37631,5.47099],"rotation":{"angle":-45,"axis":"x","origin":[8,3.54756,8]},"faces":{"north":{"uv":[12,8.57143,12.42857,9.14286],"texture":"#0"},"east":{"uv":[9.14286,12,9.57143,12.57143],"texture":"#0"},"south":{"uv":[12,9.14286,12.42857,9.71429],"texture":"#0"},"west":{"uv":[9.71429,12,10.14286,12.57143],"texture":"#0"},"up":{"uv":[13,7.85714,12.57143,7.42857],"texture":"#0"},"down":{"uv":[8.42857,12.57143,8,13],"texture":"#0"}}},{"from":[7.65875,-0.96574,7.97153],"to":[8.34125,-0.05574,8.65403],"rotation":{"angle":0,"axis":"y","origin":[8,3.54756,8]},"faces":{"north":{"uv":[12,9.71429,12.42857,10.28571],"texture":"#0"},"east":{"uv":[10.28571,12,10.71429,12.57143],"texture":"#0"},"south":{"uv":[12,10.28571,12.42857,10.85714],"texture":"#0"},"west":{"uv":[10.85714,12,11.28571,12.57143],"texture":"#0"},"up":{"uv":[13,8.42857,12.57143,8],"texture":"#0"},"down":{"uv":[9,12.57143,8.57143,13],"texture":"#0"}}},{"from":[7.65648,-2.9466,8.4151],"to":[8.34353,-1.1266,9.0976],"rotation":{"angle":0,"axis":"y","origin":[8,3.54756,8]},"faces":{"north":{"uv":[10.28571,1.14286,10.71429,2.14286],"texture":"#0"},"east":{"uv":[8.57143,10.28571,9,11.28571],"texture":"#0"},"south":{"uv":[9.14286,10.28571,9.57143,11.28571],"texture":"#0"},"west":{"uv":[9.71429,10.28571,10.14286,11.28571],"texture":"#0"},"up":{"uv":[13,9,12.57143,8.57143],"texture":"#0"},"down":{"uv":[9.57143,12.57143,9.14286,13],"texture":"#0"}}},{"from":[7.65875,0.21544,3.04427],"to":[8.34125,1.12544,3.72677],"rotation":{"angle":-45,"axis":"x","origin":[8,3.54756,8]},"faces":{"north":{"uv":[12,10.85714,12.42857,11.42857],"texture":"#0"},"east":{"uv":[11.42857,12,11.85714,12.57143],"texture":"#0"},"south":{"uv":[12,11.42857,12.42857,12],"texture":"#0"},"west":{"uv":[12,12,12.42857,12.57143],"texture":"#0"},"up":{"uv":[13,9.57143,12.57143,9.14286],"texture":"#0"},"down":{"uv":[10.14286,12.57143,9.71429,13],"texture":"#0"}}},{"from":[7.65648,-1.66937,6.20847],"to":[8.34353,0.60563,6.89097],"rotation":{"angle":0,"axis":"y","origin":[8,3.54756,8]},"faces":{"north":{"uv":[8,2.28571,8.42857,3.57143],"texture":"#0"},"east":{"uv":[8,4,8.42857,5.28571],"texture":"#0"},"south":{"uv":[7.42857,8,7.85714,9.28571],"texture":"#0"},"west":{"uv":[8,8,8.42857,9.28571],"texture":"#0"},"up":{"uv":[13,10.14286,12.57143,9.71429],"texture":"#0"},"down":{"uv":[10.71429,12.57143,10.28571,13],"texture":"#0"}}},{"from":[7.65875,1.28651,7.63028],"to":[8.34125,12.54776,8.76778],"rotation":{"angle":0,"axis":"y","origin":[8,3.54756,8]},"faces":{"north":{"uv":[5.14286,6.85714,5.57143,13.28571],"texture":"#0"},"east":{"uv":[4.57143,0,5.28571,6.42857],"texture":"#0"},"south":{"uv":[5.71429,6.85714,6.14286,13.28571],"texture":"#0"},"west":{"uv":[5.71429,0,6.42857,6.42857],"texture":"#0"},"up":{"uv":[12.42857,1.85714,12,1.14286],"texture":"#0"},"down":{"uv":[12.42857,2.28571,12,3],"texture":"#0"}}},{"from":[7.65875,1.28651,7.21028],"to":[8.34125,12.68776,7.47278],"rotation":{"angle":0,"axis":"y","origin":[8,3.54756,8]},"faces":{"north":{"uv":[6.85714,0,7.28571,6.57143],"texture":"#0"},"east":{"uv":[6.28571,6.85714,6.42857,13.42857],"texture":"#0"},"south":{"uv":[4.57143,6.85714,5,13.42857],"texture":"#0"},"west":{"uv":[6.85714,6.85714,7,13.42857],"texture":"#0"},"up":{"uv":[13.57143,5.85714,13.14286,5.71429],"texture":"#0"},"down":{"uv":[13.57143,6.28571,13.14286,6.42857],"texture":"#0"}}},{"from":[8,0.78651,-2.94472],"to":[8,22.86427,18.46778],"rotation":{"angle":0,"axis":"y","origin":[8,3.54756,8]},"faces":{"east":{"uv":[16,0.01818,0,16],"texture":"#3"},"west":{"uv":[0,0.01818,16,16],"texture":"#3"}}},{"from":[7.6584,11.72118,4.2142],"to":[8.3416,13.39243,5.3517],"rotation":{"angle":22.5,"axis":"x","origin":[8,3.54756,8]},"faces":{"north":{"uv":[10.28571,10.28571,10.71429,11.28571],"texture":"#0"},"east":{"uv":[7.42857,5.71429,8.14286,6.71429],"texture":"#0"},"south":{"uv":[10.85714,1.14286,11.28571,2.14286],"texture":"#0"},"west":{"uv":[7.42857,6.85714,8.14286,7.85714],"texture":"#0"},"up":{"uv":[12.42857,4.14286,12,3.42857],"texture":"#0"},"down":{"uv":[12.42857,4.57143,12,5.28571],"texture":"#0"}}},{"from":[7.6584,11.6898,3.77259],"to":[8.3416,13.43105,4.03509],"rotation":{"angle":22.5,"axis":"x","origin":[8,3.54756,8]},"faces":{"north":{"uv":[10.85714,2.28571,11.28571,3.28571],"texture":"#0"},"east":{"uv":[3.42857,13.14286,3.57143,14.14286],"texture":"#0"},"south":{"uv":[10.85714,3.42857,11.28571,4.42857],"texture":"#0"},"west":{"uv":[4,13.14286,4.14286,14.14286],"texture":"#0"},"up":{"uv":[13.57143,7,13.14286,6.85714],"texture":"#0"},"down":{"uv":[7.85714,13.14286,7.42857,13.28571],"texture":"#0"}}},{"from":[7.545,0.21484,8.92814],"to":[8.455,0.73809,10.29314],"rotation":{"angle":22.5,"axis":"x","origin":[8,3.54756,8]},"faces":{"north":{"uv":[12.57143,10.28571,13.14286,10.57143],"texture":"#0"},"east":{"uv":[0,12.57143,0.71429,12.85714],"texture":"#0"},"south":{"uv":[10.85714,12.57143,11.42857,12.85714],"texture":"#0"},"west":{"uv":[12.57143,0,13.28571,0.28571],"texture":"#0"},"up":{"uv":[11.42857,5.28571,10.85714,4.57143],"texture":"#0"},"down":{"uv":[11.42857,5.71429,10.85714,6.42857],"texture":"#0"}}},{"from":[7.545,-0.41571,9.18933],"to":[8.455,0.10754,10.55433],"rotation":{"angle":22.5,"axis":"x","origin":[8,3.54756,8]},"faces":{"north":{"uv":[12.57143,10.85714,13.14286,11.14286],"texture":"#0"},"east":{"uv":[12.57143,0.57143,13.28571,0.85714],"texture":"#0"},"south":{"uv":[11.42857,12.57143,12,12.85714],"texture":"#0"},"west":{"uv":[1.14286,12.57143,1.85714,12.85714],"texture":"#0"},"up":{"uv":[11.42857,7.57143,10.85714,6.85714],"texture":"#0"},"down":{"uv":[8,10.85714,7.42857,11.57143],"texture":"#0"}}},{"from":[7.545,3.62129,7.84027],"to":[8.455,4.14454,9.20527],"rotation":{"angle":22.5,"axis":"x","origin":[8,3.54756,8.2]},"faces":{"north":{"uv":[12.57143,11.42857,13.14286,11.71429],"texture":"#0"},"east":{"uv":[12.57143,1.14286,13.28571,1.42857],"texture":"#0"},"south":{"uv":[12,12.57143,12.57143,12.85714],"texture":"#0"},"west":{"uv":[12.57143,1.71429,13.28571,2],"texture":"#0"},"up":{"uv":[8.57143,11.57143,8,10.85714],"texture":"#0"},"down":{"uv":[11.42857,8,10.85714,8.71429],"texture":"#0"}}},{"from":[7.545,2.57038,8.27557],"to":[8.455,3.09363,9.64057],"rotation":{"angle":22.5,"axis":"x","origin":[8,3.54756,8.2]},"faces":{"north":{"uv":[12.57143,12,13.14286,12.28571],"texture":"#0"},"east":{"uv":[2.28571,12.57143,3,12.85714],"texture":"#0"},"south":{"uv":[12.57143,12.57143,13.14286,12.85714],"texture":"#0"},"west":{"uv":[12.57143,2.28571,13.28571,2.57143],"texture":"#0"},"up":{"uv":[11.42857,9.85714,10.85714,9.14286],"texture":"#0"},"down":{"uv":[11.42857,10.28571,10.85714,11],"texture":"#0"}}},{"from":[7.545,4.6722,7.40497],"to":[8.455,5.19545,8.76997],"rotation":{"angle":22.5,"axis":"x","origin":[8,3.54756,8.2]},"faces":{"north":{"uv":[0,13.14286,0.57143,13.42857],"texture":"#0"},"east":{"uv":[12.57143,2.85714,13.28571,3.14286],"texture":"#0"},"south":{"uv":[0.57143,13.14286,1.14286,13.42857],"texture":"#0"},"west":{"uv":[3.42857,12.57143,4.14286,12.85714],"texture":"#0"},"up":{"uv":[12,0.71429,11.42857,0],"texture":"#0"},"down":{"uv":[12,1.14286,11.42857,1.85714],"texture":"#0"}}},{"from":[7.545,-3.02496,10.27011],"to":[8.455,-2.50171,11.63511],"rotation":{"angle":22.5,"axis":"x","origin":[8,3.54756,8]},"faces":{"north":{"uv":[1.14286,13.14286,1.71429,13.42857],"texture":"#0"},"east":{"uv":[12.57143,3.42857,13.28571,3.71429],"texture":"#0"},"south":{"uv":[1.71429,13.14286,2.28571,13.42857],"texture":"#0"},"west":{"uv":[12.57143,4,13.28571,4.28571],"texture":"#0"},"up":{"uv":[12,3,11.42857,2.28571],"texture":"#0"},"down":{"uv":[12,3.42857,11.42857,4.14286],"texture":"#0"}}},{"from":[7.545,-3.65551,10.53129],"to":[8.455,-3.13226,11.89629],"rotation":{"angle":22.5,"axis":"x","origin":[8,3.54756,8]},"faces":{"north":{"uv":[2.28571,13.14286,2.85714,13.42857],"texture":"#0"},"east":{"uv":[12.57143,4.57143,13.28571,4.85714],"texture":"#0"},"south":{"uv":[2.85714,13.14286,3.42857,13.42857],"texture":"#0"},"west":{"uv":[12.57143,5.14286,13.28571,5.42857],"texture":"#0"},"up":{"uv":[12,5.28571,11.42857,4.57143],"texture":"#0"},"down":{"uv":[12,5.71429,11.42857,6.42857],"texture":"#0"}}},{"from":[7.52225,-2.80864,1.92628],"to":[8.47775,-1.89864,2.83628],"rotation":{"angle":-45,"axis":"x","origin":[8,3.54756,8]},"faces":{"north":{"uv":[8.57143,11.42857,9.14286,12],"texture":"#0"},"east":{"uv":[9.14286,11.42857,9.71429,12],"texture":"#0"},"south":{"uv":[11.42857,9.14286,12,9.71429],"texture":"#0"},"west":{"uv":[9.71429,11.42857,10.28571,12],"texture":"#0"},"up":{"uv":[12,10.28571,11.42857,9.71429],"texture":"#0"},"down":{"uv":[10.85714,11.42857,10.28571,12],"texture":"#0"}}},{"from":[7.52225,1.35831,5.28789],"to":[8.47775,2.72331,7.56289],"rotation":{"angle":-45,"axis":"x","origin":[8,3.54756,8]},"faces":{"north":{"uv":[11.42857,6.85714,12,7.57143],"texture":"#0"},"east":{"uv":[7.42857,0,8.71429,0.71429],"texture":"#0"},"south":{"uv":[11.42857,8,12,8.71429],"texture":"#0"},"west":{"uv":[7.42857,1.14286,8.71429,1.85714],"texture":"#0"},"up":{"uv":[8,3.57143,7.42857,2.28571],"texture":"#0"},"down":{"uv":[8,4,7.42857,5.28571],"texture":"#0"}}},{"from":[7.4085,-0.16992,6.33353],"to":[8.5915,1.19508,7.69853],"rotation":{"angle":-45,"axis":"x","origin":[8,3.54756,8]},"faces":{"north":{"uv":[8.57143,2.28571,9.28571,3],"texture":"#0"},"east":{"uv":[8.57143,3.42857,9.28571,4.14286],"texture":"#0"},"south":{"uv":[8.57143,4.57143,9.28571,5.28571],"texture":"#0"},"west":{"uv":[8.57143,5.71429,9.28571,6.42857],"texture":"#0"},"up":{"uv":[9.28571,7.57143,8.57143,6.85714],"texture":"#0"},"down":{"uv":[9.28571,8,8.57143,8.71429],"texture":"#0"}}},{"from":[7.4085,1.76048,4.40313],"to":[8.5915,3.12548,5.76813],"rotation":{"angle":-45,"axis":"x","origin":[8,3.54756,8]},"faces":{"north":{"uv":[9.14286,0,9.85714,0.71429],"texture":"#0"},"east":{"uv":[9.14286,1.14286,9.85714,1.85714],"texture":"#0"},"south":{"uv":[8.57143,9.14286,9.28571,9.85714],"texture":"#0"},"west":{"uv":[9.71429,2.28571,10.42857,3],"texture":"#0"},"up":{"uv":[10.42857,4.14286,9.71429,3.42857],"texture":"#0"},"down":{"uv":[10.42857,4.57143,9.71429,5.28571],"texture":"#0"}}},{"from":[7.5085,0.12,8.85778],"to":[8.4915,1.29,10.02778],"rotation":{"angle":0,"axis":"x","origin":[8,-6.34677,8.54028]},"faces":{"north":{"uv":[10.42857,9.85714,9.71429,9.14286],"rotation":180,"texture":"#0"},"east":{"uv":[9.71429,6.85714,10.42857,7.57143],"rotation":90,"texture":"#0"},"south":{"uv":[11,0,10.28571,0.71429],"texture":"#0"},"west":{"uv":[9.71429,8,10.42857,8.71429],"rotation":270,"texture":"#0"},"up":{"uv":[7.42857,9.71429,8.14286,10.42857],"texture":"#0"},"down":{"uv":[9.71429,5.71429,10.42857,6.42857],"rotation":180,"texture":"#0"}}},{"from":[7.1585,-1.38,7.35778],"to":[8.8415,2.79,11.52778],"rotation":{"angle":0,"axis":"x","origin":[10,-6.34677,8.54028]},"faces":{"east":{"uv":[0,0,16,16],"rotation":90,"texture":"#4"},"west":{"uv":[0,0,16,16],"rotation":270,"texture":"#4"}}},{"from":[7.5495,-4.71839,4.47279],"to":[8.4505,-3.80839,5.38279],"rotation":{"angle":-22.5,"axis":"x","origin":[7.95,3.54756,8]},"faces":{"north":{"uv":[11.42857,10.28571,12,10.85714],"texture":"#0"},"east":{"uv":[10.85714,11.42857,11.42857,12],"texture":"#0"},"south":{"uv":[11.42857,10.85714,12,11.42857],"texture":"#0"},"west":{"uv":[11.42857,11.42857,12,12],"texture":"#0"},"up":{"uv":[12.57143,0.57143,12,0],"texture":"#0"},"down":{"uv":[12.57143,0.57143,12,1.14286],"texture":"#0"}}},{"from":[7.2995,-7.22338,7.82845],"to":[8.7005,-5.31338,9.23845],"rotation":{"angle":-22.5,"axis":"x","origin":[8,-5.76838,8.53345]},"faces":{"north":{"uv":[0,0,16,16],"rotation":180,"texture":"#2"},"east":{"uv":[0,0,16,16],"rotation":180,"texture":"#2"},"south":{"uv":[0,0,16,16],"rotation":180,"texture":"#2"},"west":{"uv":[0,0,16,16],"rotation":180,"texture":"#2"}}},{"from":[7.5495,-7.47338,8.07845],"to":[8.4505,-5.56338,8.98845],"rotation":{"angle":-22.5,"axis":"x","origin":[8,-5.76838,8.53345]},"faces":{"north":{"uv":[0,0,16,16],"rotation":180,"texture":"#1"},"east":{"uv":[0,0,16,16],"rotation":180,"texture":"#1"},"south":{"uv":[0,0,16,16],"rotation":180,"texture":"#1"},"west":{"uv":[0,0,16,16],"rotation":180,"texture":"#1"}}},{"from":[7.3995,3.04526,9.4604],"to":[8.6005,4.05526,11.3704],"rotation":{"angle":-45,"axis":"x","origin":[8,2.15026,10.6654]},"faces":{"east":{"uv":[0,0,16,16],"rotation":270,"texture":"#2"},"west":{"uv":[0,0,16,16],"rotation":90,"texture":"#2"},"up":{"uv":[0,0,16,16],"rotation":180,"texture":"#2"},"down":{"uv":[0,0,16,16],"texture":"#2"}}},{"from":[7.6995,3.19526,9.9604],"to":[8.3005,3.90526,11.8704],"rotation":{"angle":-45,"axis":"x","origin":[8,2.15026,10.6654]},"faces":{"east":{"uv":[0,0,16,16],"rotation":270,"texture":"#1"},"west":{"uv":[0,0,16,16],"rotation":90,"texture":"#1"},"up":{"uv":[0,0,16,16],"rotation":180,"texture":"#1"},"down":{"uv":[0,0,16,16],"texture":"#1"}}}],"gui_light":"front","display":{"thirdperson_righthand":{"translation":[0,9.25,0.5],"scale":[1.2,1.2,1.2]},"thirdperson_lefthand":{"translation":[0,9.25,0.5],"scale":[1.2,1.2,1.2]},"firstperson_righthand":{"rotation":[-10.78,-8.3,4.74],"translation":[13.5,2.5,-9.25]},"firstperson_lefthand":{"rotation":[-10.78,-8.3,4.74],"translation":[13.5,2.5,-9.25]},"ground":{"rotation":[-131,0,0],"translation":[0,2.5,0],"scale":[0.55,0.55,0.55]},"gui":{"rotation":[-90,45,90],"translation":[0.25,-0.25,0],"scale":[0.67,0.67,0.67]},"head":{"scale":[0.02,0.01,0.01]},"fixed":{"rotation":[0,-90,0],"translation":[-1.75,9.5,-1.5],"scale":[3,3,3]}}}