{"credit":"Made by PolygonMC","texture_size":[24,24],"textures":{"0":"sweetheartset:wings","1":"sweetheartset:animations/animations_01","2":"sweetheartset:animations/animations_03","particle":"sweetheartset:wings"},"elements":[{"from":[7.375,-9.06694,7.5],"to":[8.625,-7.81694,8.5],"rotation":{"angle":-45,"axis":"z","origin":[8,-8.44194,8]},"faces":{"north":{"uv":[8.33333,13.66667,10,15.33333],"texture":"#0","tintindex":0},"east":{"uv":[13.33333,13.66667,14.66667,15.33333],"texture":"#0","tintindex":0},"south":{"uv":[14.33333,0,16,1.66667],"texture":"#0","tintindex":0},"down":{"uv":[16,5,14.33333,6.33333],"texture":"#0","tintindex":0}}},{"from":[7.375,-7.81694,7.5],"to":[8.625,-6.56694,8.5],"rotation":{"angle":-45,"axis":"z","origin":[8,-8.44194,8]},"faces":{"north":{"uv":[10,13.66667,11.66667,15.33333],"texture":"#0","tintindex":0},"east":{"uv":[14.66667,13.66667,16,15.33333],"texture":"#0","tintindex":0},"south":{"uv":[14.33333,1.66667,16,3.33333],"texture":"#0","tintindex":0},"west":{"uv":[14.66667,6.33333,16,8],"texture":"#0","tintindex":0},"up":{"uv":[16,13.66667,14.33333,12.33333],"texture":"#0","tintindex":0}}},{"from":[6.125,-9.06694,7.5],"to":[7.375,-7.81694,8.5],"rotation":{"angle":-45,"axis":"z","origin":[8,-8.44194,8]},"faces":{"north":{"uv":[11.66667,13.66667,13.33333,15.33333],"texture":"#0","tintindex":0},"south":{"uv":[14.33333,3.33333,16,5],"texture":"#0","tintindex":0},"west":{"uv":[14.66667,8,16,9.66667],"texture":"#0","tintindex":0},"up":{"uv":[16,12.33333,14.33333,11],"texture":"#0","tintindex":0},"down":{"uv":[16,9.66667,14.33333,11],"texture":"#0","tintindex":0}}},{"from":[8.4,-11.875,9.6125],"to":[17.9,-2.375,9.6375],"rotation":{"angle":-22.5,"axis":"y","origin":[13.15,-7.125,9.625]},"faces":{"north":{"uv":[0,0,12.66667,12.66667],"texture":"#0","tintindex":0},"south":{"uv":[12.66667,0,0,12.66667],"texture":"#0","tintindex":0}}},{"from":[-1.9,-11.875,9.6125],"to":[7.6,-2.375,9.6375],"rotation":{"angle":22.5,"axis":"y","origin":[2.85,-7.125,9.625]},"faces":{"north":{"uv":[12.66667,0,0,12.66667],"texture":"#0","tintindex":0},"south":{"uv":[0,0,12.66667,12.66667],"texture":"#0","tintindex":0}}},{"from":[12.075,-9.125,8.025],"to":[14.575,0.375,8.05],"rotation":{"angle":-45,"axis":"z","origin":[13.325,-4.375,8.025]},"faces":{"north":{"uv":[0,0,3.33333,12.66667],"texture":"#1","tintindex":0},"south":{"uv":[3.33333,0,0,12.66667],"texture":"#1","tintindex":0}}},{"from":[1.425,-9.125,8.025],"to":[3.925,0.375,8.05],"rotation":{"angle":45,"axis":"z","origin":[2.675,-4.375,8.025]},"faces":{"north":{"uv":[3.33333,0,0,12.66667],"texture":"#1","tintindex":0},"south":{"uv":[0,0,3.33333,12.66667],"texture":"#1","tintindex":0}}},{"from":[12.075,-15.375,7.775],"to":[14.575,-5.875,7.8],"rotation":{"angle":45,"axis":"z","origin":[13.325,-10.625,7.775]},"faces":{"north":{"uv":[0,12.66667,3.33333,0],"texture":"#1","tintindex":0},"south":{"uv":[3.33333,12.66667,0,0],"texture":"#1","tintindex":0}}},{"from":[1.425,-15.375,7.775],"to":[3.925,-5.875,7.8],"rotation":{"angle":-45,"axis":"z","origin":[2.675,-10.625,7.775]},"faces":{"north":{"uv":[3.33333,12.66667,0,0],"texture":"#1","tintindex":0},"south":{"uv":[0,12.66667,3.33333,0],"texture":"#1","tintindex":0}}},{"from":[6.25,-9.75,7.25],"to":[9.75,-6.25,7.275],"rotation":{"angle":0,"axis":"y","origin":[6.25,-9.75,7.25]},"faces":{"north":{"uv":[0,0,16,16],"texture":"#2","tintindex":0},"south":{"uv":[16,0,0,16],"texture":"#2","tintindex":0}}},{"from":[6.25,-9.75,8.725],"to":[9.75,-6.25,8.75],"rotation":{"angle":0,"axis":"y","origin":[6.25,-9.75,8.75]},"faces":{"north":{"uv":[0,0,16,16],"texture":"#2","tintindex":0},"south":{"uv":[16,0,0,16],"texture":"#2","tintindex":0}}}],"gui_light":"front","display":{"thirdperson_righthand":{"rotation":[-154,0,-180],"translation":[0,0.25,-0.5],"scale":[0.3418,0.3418,0.3418]},"thirdperson_lefthand":{"rotation":[68,0,0],"translation":[-5.5,-7.5,9.25]},"firstperson_righthand":{"rotation":[155,0,-180],"translation":[0,1.5,0.75],"scale":[0.69727,0.69727,0.69727]},"firstperson_lefthand":{"rotation":[155,0,-180],"translation":[0,1.5,0.75],"scale":[0,0,0]},"ground":{"rotation":[-45,0,0],"translation":[0,10.25,0]},"gui":{"rotation":[0,180,0],"translation":[0,13.75,0],"scale":[0.87,0.87,0.87]},"head":{"translation":[0,-45.25,7.75],"scale":[3.84766,3.84766,3.84766]},"fixed":{"rotation":[0,180,0],"translation":[0,0,-1.25],"scale":[1.55469,1.55469,1.55469]}}}