{"credit":"Made with Blockbench","texture_size":[24,24],"textures":{"2":"royal_crystal:royal_crystal_hoe"},"elements":[{"from":[7,2.75,7],"to":[9,3.75,9],"rotation":{"angle":0,"axis":"y","origin":[8,4.10355,8]},"faces":{"north":{"uv":[10.66667,9.33333,12,10],"texture":"#2"},"east":{"uv":[10.66667,10,12,10.66667],"texture":"#2"},"south":{"uv":[10.66667,10.66667,12,11.33333],"texture":"#2"},"west":{"uv":[11.33333,0,12.66667,0.66667],"texture":"#2"},"up":{"uv":[10.66667,10,9.33333,8.66667],"texture":"#2"},"down":{"uv":[11.33333,1.33333,10,2.66667],"texture":"#2"}}},{"from":[7.5,3.5,7.5],"to":[8.5,15.5,8.5],"rotation":{"angle":0,"axis":"y","origin":[8,4.10355,8]},"faces":{"north":{"uv":[0,7.33333,0.66667,15.33333],"texture":"#2"},"east":{"uv":[0.66667,7.33333,1.33333,15.33333],"texture":"#2"},"south":{"uv":[1.33333,7.33333,2,15.33333],"texture":"#2"},"west":{"uv":[2,7.33333,2.66667,15.33333],"texture":"#2"},"up":{"uv":[5.33333,12.66667,4.66667,12],"texture":"#2"},"down":{"uv":[12.66667,4.66667,12,5.33333],"texture":"#2"}}},{"from":[7.55,1.83756,8.41599],"to":[8.45,3.68756,10.26599],"rotation":{"angle":45,"axis":"x","origin":[8,4.10355,8]},"faces":{"north":{"uv":[11.33333,0.66667,12,2],"texture":"#2"},"east":{"uv":[10,2.66667,11.33333,4],"texture":"#2"},"south":{"uv":[11.33333,2,12,3.33333],"texture":"#2"},"west":{"uv":[10,4,11.33333,5.33333],"texture":"#2"},"up":{"uv":[3.33333,12.66667,2.66667,11.33333],"texture":"#2"},"down":{"uv":[4,11.33333,3.33333,12.66667],"texture":"#2"}}},{"from":[7,15.2,6.5],"to":[9,16.2,9.5],"rotation":{"angle":0,"axis":"y","origin":[8,15.7,8]},"faces":{"north":{"uv":[11.33333,3.33333,12.66667,4],"texture":"#2"},"east":{"uv":[10,6.66667,12,7.33333],"texture":"#2"},"south":{"uv":[11.33333,4,12.66667,4.66667],"texture":"#2"},"west":{"uv":[10.66667,8.66667,12.66667,9.33333],"texture":"#2"},"up":{"uv":[10,3.33333,8.66667,1.33333],"texture":"#2"},"down":{"uv":[10,3.33333,8.66667,5.33333],"texture":"#2"}}},{"from":[7.05,16.12443,6.95413],"to":[8.95,18.97443,9.80413],"rotation":{"angle":45,"axis":"x","origin":[8,17.92855,8]},"faces":{"north":{"uv":[8.66667,5.33333,10,7.33333],"texture":"#2"},"east":{"uv":[2.66667,7.33333,4.66667,9.33333],"texture":"#2"},"south":{"uv":[6.66667,8.66667,8,10.66667],"texture":"#2"},"west":{"uv":[4.66667,7.33333,6.66667,9.33333],"texture":"#2"},"up":{"uv":[9.33333,10.66667,8,8.66667],"texture":"#2"},"down":{"uv":[4,9.33333,2.66667,11.33333],"texture":"#2"}}},{"from":[7,15.58496,8.39905],"to":[9,17.58496,9.39905],"rotation":{"angle":-45,"axis":"x","origin":[8,17.92855,8]},"faces":{"north":{"uv":[10,5.33333,11.33333,6.66667],"texture":"#2"},"east":{"uv":[11.33333,4.66667,12,6],"texture":"#2"},"south":{"uv":[9.33333,10,10.66667,11.33333],"texture":"#2"},"west":{"uv":[11.33333,7.33333,12,8.66667],"texture":"#2"},"up":{"uv":[12.66667,6.66667,11.33333,6],"texture":"#2"},"down":{"uv":[10.66667,11.33333,9.33333,12],"texture":"#2"}}},{"from":[7.5,15.58496,3.60095],"to":[8.5,17.58496,7.60095],"rotation":{"angle":0,"axis":"y","origin":[8,17.92855,8]},"faces":{"north":{"uv":[10.66667,11.33333,11.33333,12.66667],"texture":"#2"},"east":{"uv":[6.66667,7.33333,9.33333,8.66667],"texture":"#2"},"south":{"uv":[11.33333,11.33333,12,12.66667],"texture":"#2"},"west":{"uv":[8.66667,0,11.33333,1.33333],"texture":"#2"},"up":{"uv":[6.66667,12,6,9.33333],"texture":"#2"},"down":{"uv":[4.66667,10.66667,4,13.33333],"texture":"#2"}}},{"from":[7.6,15.08706,1.09782],"to":[8.4,17.08706,4.09782],"rotation":{"angle":-22.5,"axis":"x","origin":[8,16.08706,2.59782]},"faces":{"north":{"uv":[12,0.66667,12.66667,2],"texture":"#2"},"east":{"uv":[4,9.33333,6,10.66667],"texture":"#2"},"south":{"uv":[12,2,12.66667,3.33333],"texture":"#2"},"west":{"uv":[9.33333,7.33333,11.33333,8.66667],"texture":"#2"},"up":{"uv":[8.66667,12.66667,8,10.66667],"texture":"#2"},"down":{"uv":[9.33333,10.66667,8.66667,12.66667],"texture":"#2"}}},{"from":[7.7,14.13035,0.37051],"to":[8.3,16.13035,2.37051],"rotation":{"angle":22.5,"axis":"x","origin":[8,15.13035,1.37051]},"faces":{"north":{"uv":[5.33333,12,5.66667,13.33333],"texture":"#2"},"east":{"uv":[4.66667,10.66667,6,12],"texture":"#2"},"south":{"uv":[6,12,6.33333,13.33333],"texture":"#2"},"west":{"uv":[6.66667,10.66667,8,12],"texture":"#2"},"up":{"uv":[7,13.33333,6.66667,12],"texture":"#2"},"down":{"uv":[12.33333,6.66667,12,8],"texture":"#2"}}},{"from":[8,13,1.5],"to":[8,24,14.5],"rotation":{"angle":0,"axis":"y","origin":[8,17.92855,8]},"faces":{"north":{"uv":[0,0,0,7.33333],"texture":"#2"},"east":{"uv":[0,0,8.66667,7.33333],"texture":"#2"},"south":{"uv":[0,0,0,7.33333],"texture":"#2"},"west":{"uv":[8.66667,0,0,7.33333],"texture":"#2"},"up":{"uv":[0,8.66667,0,0],"texture":"#2"},"down":{"uv":[0,0,0,8.66667],"texture":"#2"}}}],"gui_light":"front","display":{"thirdperson_righthand":{"translation":[0,-0.25,1]},"thirdperson_lefthand":{"translation":[0,-0.25,1]},"firstperson_righthand":{"rotation":[0,0,-12.5],"translation":[1,-0.5,0]},"firstperson_lefthand":{"rotation":[0,0,-12.5],"translation":[1,-0.5,0]},"gui":{"rotation":[90,45,-90],"translation":[-2,-2.25,0],"scale":[0.8,0.8,0.8]},"head":{"scale":[0,0,0]},"fixed":{"rotation":[90,45,-90],"translation":[-2,-2.25,0],"scale":[0.8,0.8,0.8]}}}