{"credit":"Made with Blockbench","texture_size":[40,40],"textures":{"1":"royal_crystal:royal_crystal_sword"},"elements":[{"from":[7,8.88496,6.60095],"to":[9,10.88496,7.60095],"rotation":{"angle":45,"axis":"x","origin":[8,11.22855,8]},"faces":{"north":{"uv":[5.2,5.6,6,6.4],"texture":"#1"},"east":{"uv":[5.2,3.6,5.6,4.4],"texture":"#1"},"south":{"uv":[6,0,6.8,0.8],"texture":"#1"},"west":{"uv":[5.2,6.4,5.6,7.2],"texture":"#1"},"up":{"uv":[6.4,6.8,5.6,6.4],"texture":"#1"},"down":{"uv":[7.2,6.4,6.4,6.8],"texture":"#1"}}},{"from":[7.55,3.92443,13.45413],"to":[8.45,5.77443,15.30413],"rotation":{"angle":45,"axis":"x","origin":[8,11.22855,8]},"faces":{"north":{"uv":[6.8,0,7.2,0.8],"texture":"#1"},"east":{"uv":[6,0.8,6.8,1.6],"texture":"#1"},"south":{"uv":[6.8,0.8,7.2,1.6],"texture":"#1"},"west":{"uv":[6,1.6,6.8,2.4],"texture":"#1"},"up":{"uv":[7.2,2.4,6.8,1.6],"texture":"#1"},"down":{"uv":[2.8,6.8,2.4,7.6],"texture":"#1"}}},{"from":[7,2.75,7],"to":[9,3.75,9],"rotation":{"angle":0,"axis":"y","origin":[8,11.22855,8]},"faces":{"north":{"uv":[6.8,2.4,7.6,2.8],"texture":"#1"},"east":{"uv":[2.8,6.8,3.6,7.2],"texture":"#1"},"south":{"uv":[6.8,2.8,7.6,3.2],"texture":"#1"},"west":{"uv":[6.8,3.2,7.6,3.6],"texture":"#1"},"up":{"uv":[6.8,3.2,6,2.4],"texture":"#1"},"down":{"uv":[6.8,3.2,6,4],"texture":"#1"}}},{"from":[7.5,3.5,7.5],"to":[8.5,8.5,8.5],"rotation":{"angle":0,"axis":"y","origin":[8,11.22855,8]},"faces":{"north":{"uv":[5.6,3.6,6,5.6],"texture":"#1"},"east":{"uv":[4,5.6,4.4,7.6],"texture":"#1"},"south":{"uv":[4.4,5.6,4.8,7.6],"texture":"#1"},"west":{"uv":[4.8,5.6,5.2,7.6],"texture":"#1"},"up":{"uv":[6.8,7.2,6.4,6.8],"texture":"#1"},"down":{"uv":[7.2,6.8,6.8,7.2],"texture":"#1"}}},{"from":[7,8.5,6.5],"to":[9,9.5,9.5],"rotation":{"angle":0,"axis":"y","origin":[8,11.22855,8]},"faces":{"north":{"uv":[6.8,3.6,7.6,4],"texture":"#1"},"east":{"uv":[6,5.6,7.2,6],"texture":"#1"},"south":{"uv":[6.8,4,7.6,4.4],"texture":"#1"},"west":{"uv":[6,6,7.2,6.4],"texture":"#1"},"up":{"uv":[5.6,5.6,4.8,4.4],"texture":"#1"},"down":{"uv":[6,0,5.2,1.2],"texture":"#1"}}},{"from":[7.05,9.42443,6.95413],"to":[8.95,12.27443,9.80413],"rotation":{"angle":45,"axis":"x","origin":[8,11.22855,8]},"faces":{"north":{"uv":[5.2,1.2,6,2.4],"texture":"#1"},"east":{"uv":[2.4,4.4,3.6,5.6],"texture":"#1"},"south":{"uv":[5.2,2.4,6,3.6],"texture":"#1"},"west":{"uv":[3.6,4.4,4.8,5.6],"texture":"#1"},"up":{"uv":[3.2,6.8,2.4,5.6],"texture":"#1"},"down":{"uv":[4,5.6,3.2,6.8],"texture":"#1"}}},{"from":[7,8.88496,8.39905],"to":[9,10.88496,9.39905],"rotation":{"angle":-45,"axis":"x","origin":[8,11.22855,8]},"faces":{"north":{"uv":[6,4,6.8,4.8],"texture":"#1"},"east":{"uv":[3.6,6.8,4,7.6],"texture":"#1"},"south":{"uv":[6,4.8,6.8,5.6],"texture":"#1"},"west":{"uv":[6.8,4.4,7.2,5.2],"texture":"#1"},"up":{"uv":[7.6,5.6,6.8,5.2],"texture":"#1"},"down":{"uv":[6.4,6.8,5.6,7.2],"texture":"#1"}}},{"from":[8,6.5,1.5],"to":[8,17.5,14.5],"rotation":{"angle":0,"axis":"y","origin":[8,11.22855,8]},"faces":{"north":{"uv":[0,0,0,4.4],"texture":"#1"},"east":{"uv":[0,0,5.2,4.4],"texture":"#1"},"south":{"uv":[0,0,0,4.4],"texture":"#1"},"west":{"uv":[0,0,5.2,4.4],"texture":"#1"},"up":{"uv":[0,5.2,0,0],"texture":"#1"},"down":{"uv":[0,0,0,5.2],"texture":"#1"}}},{"from":[8,8.5,5.25],"to":[8,32,10.75],"rotation":{"angle":0,"axis":"y","origin":[8,11.22855,8]},"faces":{"north":{"uv":[0,0,0,9.4],"texture":"#1"},"east":{"uv":[0,4.4,2.2,13.8],"texture":"#1"},"south":{"uv":[0,0,0,9.4],"texture":"#1"},"west":{"uv":[2.2,4.4,0,13.8],"texture":"#1"},"up":{"uv":[0,2.2,0,0],"texture":"#1"},"down":{"uv":[0,0,0,2.2],"texture":"#1"}}}],"gui_light":"front","display":{"thirdperson_righthand":{"translation":[0,-0.25,1]},"firstperson_righthand":{"scale":[0.8,0.8,0.8]},"firstperson_lefthand":{"scale":[0.8,0.8,0.8]},"gui":{"rotation":[90,45,-90],"translation":[-4,-4.25,0],"scale":[0.7,0.7,0.7]},"head":{"scale":[0,0,0]},"fixed":{"rotation":[90,45,-90],"translation":[-5,-4.75,0],"scale":[0.8,0.8,0.8]}}}