{"credit":"Made with Blockbench","texture_size":[32,32],"textures":{"1":"royal_crystal:royal_crystal_wing","particle":"royal_crystal:royal_crystal_wing"},"elements":[{"from":[7,6.2,7.25],"to":[9,8.2,8.75],"rotation":{"angle":45,"axis":"z","origin":[8,7.2,8]},"faces":{"north":{"uv":[8,1,9,2],"texture":"#1"},"east":{"uv":[9.75,0,9,1],"texture":"#1"},"south":{"uv":[8,0,9,1],"texture":"#1"},"west":{"uv":[9.75,0,10.5,1],"texture":"#1"},"up":{"uv":[9,1,9.75,2],"rotation":90,"texture":"#1"},"down":{"uv":[9.75,1,10.5,2],"rotation":270,"texture":"#1"}}},{"from":[6.56962,5.76962,7.475],"to":[9.41962,8.61962,8.525],"rotation":{"angle":45,"axis":"z","origin":[8,7.2,8]},"faces":{"north":{"uv":[9.5,5.5,11,7],"texture":"#1"},"east":{"uv":[11,4,12,5.5],"texture":"#1"},"south":{"uv":[8,5.5,9.5,7],"texture":"#1"},"west":{"uv":[8,4,9,5.5],"texture":"#1"},"up":{"uv":[10,5.5,9,4],"rotation":90,"texture":"#1"},"down":{"uv":[11,4,10,5.5],"rotation":270,"texture":"#1"}}},{"from":[6.22721,5.23015,7.425],"to":[7.22721,7.23015,8.575],"rotation":{"angle":-45,"axis":"z","origin":[8,7.2,8]},"faces":{"north":{"uv":[11.5,2,12,3],"texture":"#1"},"east":{"uv":[10,3,11,4],"texture":"#1"},"south":{"uv":[11,2,11.5,3],"texture":"#1"},"west":{"uv":[10,2,11,3],"texture":"#1"},"up":{"uv":[12,3.5,11,3],"rotation":90,"texture":"#1"},"down":{"uv":[12,3.5,11,4],"rotation":270,"texture":"#1"}}},{"from":[8.77279,5.23015,7.425],"to":[9.77279,7.23015,8.575],"rotation":{"angle":45,"axis":"z","origin":[8,7.2,8]},"faces":{"north":{"uv":[9.5,2,10,3],"texture":"#1"},"east":{"uv":[8,2,9,3],"texture":"#1"},"south":{"uv":[9,2,9.5,3],"texture":"#1"},"west":{"uv":[8,3,9,4],"texture":"#1"},"up":{"uv":[10,3.5,9,3],"rotation":90,"texture":"#1"},"down":{"uv":[10,3.5,9,4],"rotation":270,"texture":"#1"}}},{"from":[8.30866,0.5,7.53806],"to":[24.30866,24.5,7.53806],"rotation":{"angle":-22.5,"axis":"y","origin":[8,7.2,8]},"faces":{"north":{"uv":[0,0,8,12],"texture":"#1"},"south":{"uv":[8,0,0,12],"texture":"#1"}}},{"from":[-8.30866,0.5,7.53806],"to":[7.69134,24.5,7.53806],"rotation":{"angle":22.5,"axis":"y","origin":[8,7.2,8]},"faces":{"north":{"uv":[8,0,0,12],"texture":"#1"},"south":{"uv":[0,0,8,12],"texture":"#1"}}},{"from":[8.1353,-1.25,7.67336],"to":[16.1353,6.75,7.67336],"rotation":{"angle":-22.5,"axis":"y","origin":[8,7.2,8]},"faces":{"north":{"uv":[8,7,12,11],"texture":"#1"},"south":{"uv":[12,7,8,11],"texture":"#1"}}},{"from":[-0.1353,-1.25,7.67336],"to":[7.8647,6.75,7.67336],"rotation":{"angle":22.5,"axis":"y","origin":[8,7.2,8]},"faces":{"north":{"uv":[12,7,8,11],"texture":"#1"},"south":{"uv":[8,7,12,11],"texture":"#1"}}}],"gui_light":"front","display":{"thirdperson_righthand":{"rotation":[49,180,0],"translation":[0,1,0.25],"scale":[0.45703,0.45703,0.45703]},"thirdperson_lefthand":{"rotation":[67,0,0],"translation":[-5.5,-5,10.25],"scale":[1.4,1.4,1.4]},"firstperson_righthand":{"scale":[0.6,0.6,0.6]},"firstperson_lefthand":{"scale":[0.6,0.6,0.6]},"ground":{"translation":[0,4,0]},"gui":{"translation":[0,-1.75,0],"scale":[0.55,0.55,0.55]},"head":{"translation":[0,-7.75,4.25],"scale":[3,3,3]},"fixed":{"translation":[0,-0.25,-4]}}}