{"credit":"MadewithBlockbench","texture_size":[128,128],"textures":{"0":"elitecreatures:seaturtle_animated_weapon_set/seaturtle_texture_01","1":"elitecreatures:seaturtle_animated_weapon_set/seaturtle_animation_01","2":"elitecreatures:seaturtle_animated_weapon_set/seaturtle_animation_02","3":"elitecreatures:seaturtle_animated_weapon_set/seaturtle_animation_03","particle":"elitecreatures:seaturtle_animated_weapon_set/seaturtle_texture_01"},"elements":[{"from":[7,0,6.5],"to":[9,2,9.5],"rotation":{"angle":0,"axis":"y","origin":[0,-1,0]},"faces":{"north":{"uv":[0.75,2.875,1,3.125],"texture":"#0"},"east":{"uv":[1.375,2.75,1,3],"texture":"#0"},"south":{"uv":[0.75,2.875,1,3.125],"texture":"#0"},"west":{"uv":[1,2.75,1.375,3],"texture":"#0"},"up":{"uv":[2.5,1.625,2.75,2],"texture":"#0"},"down":{"uv":[2.5,1.625,2.75,2],"texture":"#0"}}},{"from":[7,-9,6.5],"to":[9,-7,9.5],"rotation":{"angle":0,"axis":"y","origin":[0,-1,0]},"faces":{"north":{"uv":[0.75,2.875,1,3.125],"texture":"#0"},"east":{"uv":[1.375,2.75,1,3],"texture":"#0"},"south":{"uv":[0.75,2.875,1,3.125],"texture":"#0"},"west":{"uv":[1,2.75,1.375,3],"texture":"#0"},"up":{"uv":[2.5,1.625,2.75,2],"texture":"#0"},"down":{"uv":[2.5,1.625,2.75,2],"texture":"#0"}}},{"from":[7,-2.1,6.5],"to":[9,-0.6,8.5],"rotation":{"angle":0,"axis":"y","origin":[0,-1,0]},"faces":{"north":{"uv":[2.75,1.25,3,1.4375],"texture":"#0"},"east":{"uv":[3,1.4375,2.75,1.625],"texture":"#0"},"south":{"uv":[2.75,1.25,3,1.4375],"texture":"#0"},"west":{"uv":[2.75,1.4375,3,1.625],"texture":"#0"},"up":{"uv":[2.75,1.625,3,1.875],"texture":"#0"},"down":{"uv":[2.75,1.875,3,1.625],"texture":"#0"}}},{"from":[7,-4.2,6.5],"to":[9,-2.7,8.5],"rotation":{"angle":0,"axis":"y","origin":[0,-1,0]},"faces":{"north":{"uv":[2.75,1.25,3,1.4375],"texture":"#0"},"east":{"uv":[3,1.4375,2.75,1.625],"texture":"#0"},"south":{"uv":[2.75,1.25,3,1.4375],"texture":"#0"},"west":{"uv":[2.75,1.4375,3,1.625],"texture":"#0"},"up":{"uv":[2.75,1.625,3,1.875],"texture":"#0"},"down":{"uv":[2.75,1.875,3,1.625],"texture":"#0"}}},{"from":[7,-6.3,6.5],"to":[9,-4.8,8.5],"rotation":{"angle":0,"axis":"y","origin":[0,-1,0]},"faces":{"north":{"uv":[2.75,1.25,3,1.4375],"texture":"#0"},"east":{"uv":[3,1.4375,2.75,1.625],"texture":"#0"},"south":{"uv":[2.75,1.25,3,1.4375],"texture":"#0"},"west":{"uv":[2.75,1.4375,3,1.625],"texture":"#0"},"up":{"uv":[2.75,1.625,3,1.875],"texture":"#0"},"down":{"uv":[2.75,1.875,3,1.625],"texture":"#0"}}},{"from":[7.25,-10,7],"to":[8.75,-9,9],"rotation":{"angle":0,"axis":"y","origin":[0,-1,0]},"faces":{"north":{"uv":[2.75,1.875,2.9375,2],"texture":"#0"},"east":{"uv":[2.25,2.125,2.5,2.25],"texture":"#0"},"south":{"uv":[2.75,1.875,2.9375,2],"texture":"#0"},"west":{"uv":[2.25,2.125,2.5,2.25],"texture":"#0"},"up":{"uv":[2.5,2,2.6875,2.25],"texture":"#0"},"down":{"uv":[2.5,2,2.6875,2.25],"texture":"#0"}}},{"from":[6.5,9,6.5],"to":[9.5,12,9.5],"rotation":{"angle":0,"axis":"y","origin":[0,-3,0]},"faces":{"north":{"uv":[1.875,2.125,2.25,2.5],"texture":"#0"},"east":{"uv":[1.5,2.125,1.875,2.5],"texture":"#0"},"south":{"uv":[1.875,2.125,2.25,2.5],"texture":"#0"},"west":{"uv":[1.5,2.125,1.875,2.5],"texture":"#0"},"up":{"uv":[1.5,2.5,1.875,2.875],"texture":"#0"},"down":{"uv":[1.875,2.5625,2.25,2.9375],"texture":"#0"}}},{"from":[6.5,12,6.5],"to":[9.5,15,9.5],"rotation":{"angle":0,"axis":"y","origin":[0,-3,0]},"faces":{"north":{"uv":[1.875,2.125,2.25,2.5],"texture":"#0"},"east":{"uv":[1.5,2.125,1.875,2.5],"texture":"#0"},"south":{"uv":[1.875,2.125,2.25,2.5],"texture":"#0"},"west":{"uv":[1.5,2.125,1.875,2.5],"texture":"#0"},"up":{"uv":[1.5,2.5,1.875,2.875],"texture":"#0"},"down":{"uv":[1.875,2.5625,2.25,2.9375],"texture":"#0"}}},{"from":[4.5,12.5,7],"to":[7.5,15,9.5],"rotation":{"angle":45,"axis":"x","origin":[8,14,8]},"faces":{"north":{"uv":[1.3125,3,1.6875,3.3125],"texture":"#0"},"east":{"uv":[1.3125,3,1,3.3125],"texture":"#0"},"south":{"uv":[1.3125,3,1.6875,3.3125],"texture":"#0"},"west":{"uv":[1,3,1.3125,3.3125],"texture":"#0"},"up":{"uv":[1.6875,3,2.0625,3.3125],"texture":"#0"},"down":{"uv":[1.6875,3,2.0625,3.3125],"texture":"#0"}}},{"from":[5.25,11.64645,6],"to":[6.75,15.64645,10],"rotation":{"angle":45,"axis":"x","origin":[8,13.64645,8]},"faces":{"north":{"uv":[2.75,2.25,2.9375,2.75],"texture":"#0"},"east":{"uv":[2.25,2.25,2.75,2.75],"texture":"#0"},"south":{"uv":[2.75,2.25,2.9375,2.75],"texture":"#0"},"west":{"uv":[2.25,2.25,2.75,2.75],"texture":"#0"},"up":{"uv":[2.9375,2.25,3.125,2.75],"texture":"#0"},"down":{"uv":[2.9375,2.25,3.125,2.75],"texture":"#0"}}},{"from":[9.25,11.64645,6],"to":[10.75,15.64645,10],"rotation":{"angle":45,"axis":"x","origin":[8,13.64645,8]},"faces":{"north":{"uv":[2.9375,2.25,2.75,2.75],"texture":"#0"},"east":{"uv":[2.75,2.25,2.25,2.75],"texture":"#0"},"south":{"uv":[2.9375,2.25,2.75,2.75],"texture":"#0"},"west":{"uv":[2.75,2.25,2.25,2.75],"texture":"#0"},"up":{"uv":[3.125,2.25,2.9375,2.75],"texture":"#0"},"down":{"uv":[3.125,2.25,2.9375,2.75],"texture":"#0"}}},{"from":[8.5,12.5,7],"to":[11.5,15,9.5],"rotation":{"angle":45,"axis":"x","origin":[8,14,8]},"faces":{"north":{"uv":[1.6875,3,1.3125,3.3125],"texture":"#0"},"east":{"uv":[1.3125,3,1,3.3125],"texture":"#0"},"south":{"uv":[1.6875,3,1.3125,3.3125],"texture":"#0"},"west":{"uv":[1,3,1.3125,3.3125],"texture":"#0"},"up":{"uv":[2.0625,3,1.6875,3.3125],"texture":"#0"},"down":{"uv":[2.0625,3,1.6875,3.3125],"texture":"#0"}}},{"from":[7,12,12],"to":[9,15.5,16],"rotation":{"angle":0,"axis":"y","origin":[0,-3,15]},"faces":{"north":{"uv":[0.0625,0.5,0.3125,0.9375],"texture":"#0"},"east":{"uv":[1.0625,1.125,0.5625,0.6875],"texture":"#0"},"south":{"uv":[0.0625,0.5,0.3125,0.9375],"texture":"#0"},"west":{"uv":[0.5625,1.125,1.0625,0.6875],"texture":"#0"},"up":{"uv":[0.5625,0.625,0.8125,0.125],"texture":"#0"},"down":{"uv":[0.5625,0.625,0.8125,0.125],"texture":"#0"}}},{"from":[8.5,15,-1.5],"to":[8.5,24,6.5],"rotation":{"angle":0,"axis":"y","origin":[0,-1,0]},"faces":{"north":{"uv":[0,0,0,6],"texture":"#missing"},"east":{"uv":[2.8125,14.875,1.8125,16],"texture":"#0"},"south":{"uv":[0,0,0,6],"texture":"#missing"},"west":{"uv":[1.8125,14.875,2.8125,16],"texture":"#0"},"up":{"uv":[0,0,0,5],"texture":"#missing"},"down":{"uv":[0,0,0,5],"texture":"#missing"}}},{"from":[4,16.3,13],"to":[8,16.3,17],"rotation":{"angle":-22.5,"axis":"x","origin":[4,17.1,19]},"faces":{"north":{"uv":[0,0,4,0],"texture":"#missing"},"east":{"uv":[0,0,4,0],"texture":"#missing"},"south":{"uv":[0,0,4,0],"texture":"#missing"},"west":{"uv":[0.6875,13.5,1.1875,13.5],"texture":"#0"},"up":{"uv":[0,14.3125,0.5,14.8125],"texture":"#0"},"down":{"uv":[0,14.3125,0.5,14.8125],"texture":"#0"}}},{"from":[6,15.3,15],"to":[10,15.3,19],"rotation":{"angle":-22.5,"axis":"x","origin":[4,17.1,19]},"faces":{"north":{"uv":[0,0,4,0],"texture":"#missing"},"east":{"uv":[0,0,4,0],"texture":"#missing"},"south":{"uv":[0,0,4,0],"texture":"#missing"},"west":{"uv":[0.6875,13.5,1.1875,13.5],"texture":"#0"},"up":{"uv":[0,14.8125,0.5,14.3125],"texture":"#0"},"down":{"uv":[0,14.3125,0.5,14.8125],"texture":"#0"}}},{"from":[5,17.3,14],"to":[9,17.3,18],"rotation":{"angle":-22.5,"axis":"x","origin":[4,17.1,19]},"faces":{"north":{"uv":[0,0,4,0],"texture":"#missing"},"east":{"uv":[0,0,4,0],"texture":"#missing"},"south":{"uv":[0,0,4,0],"texture":"#missing"},"west":{"uv":[0.6875,13.5,1.1875,13.5],"texture":"#0"},"up":{"uv":[0,14.3125,0.5,14.8125],"texture":"#0"},"down":{"uv":[0,14.3125,0.5,14.8125],"texture":"#0"}}},{"from":[4,16.5,13],"to":[8,16.5,17],"rotation":{"angle":-22.5,"axis":"x","origin":[4,17.1,19]},"faces":{"north":{"uv":[0,0,4,0],"texture":"#missing"},"east":{"uv":[0,0,4,0],"texture":"#missing"},"south":{"uv":[0,0,4,0],"texture":"#missing"},"west":{"uv":[0.6875,13.5,1.1875,13.5],"texture":"#0"},"up":{"uv":[0,14.3125,0.5,14.8125],"texture":"#0"},"down":{"uv":[0,14.3125,0.5,14.8125],"texture":"#0"}}},{"from":[6,15.5,15],"to":[10,15.5,19],"rotation":{"angle":-22.5,"axis":"x","origin":[4,17.1,19]},"faces":{"north":{"uv":[0,0,4,0],"texture":"#missing"},"east":{"uv":[0,0,4,0],"texture":"#missing"},"south":{"uv":[0,0,4,0],"texture":"#missing"},"west":{"uv":[0.6875,13.5,1.1875,13.5],"texture":"#0"},"up":{"uv":[0,14.8125,0.5,14.3125],"texture":"#0"},"down":{"uv":[0,14.3125,0.5,14.8125],"texture":"#0"}}},{"from":[5,17.5,14],"to":[9,17.5,18],"rotation":{"angle":-22.5,"axis":"x","origin":[4,17.1,19]},"faces":{"north":{"uv":[0,0,4,0],"texture":"#missing"},"east":{"uv":[0,0,4,0],"texture":"#missing"},"south":{"uv":[0,0,4,0],"texture":"#missing"},"west":{"uv":[0.6875,13.5,1.1875,13.5],"texture":"#0"},"up":{"uv":[0,14.3125,0.5,14.8125],"texture":"#0"},"down":{"uv":[0,14.3125,0.5,14.8125],"texture":"#0"}}},{"from":[7.1,13.5,14],"to":[8.9,16,19],"rotation":{"angle":22.5,"axis":"x","origin":[8,14,12.5]},"faces":{"north":{"uv":[0.7875,0.8125,0.5625,1.125],"texture":"#0"},"east":{"uv":[0.1875,0.625,0.8125,0.3125],"texture":"#0"},"south":{"uv":[0.0625,0.625,0.2875,0.9375],"texture":"#0"},"west":{"uv":[0.1875,0.625,0.8125,0.3125],"texture":"#0"},"up":{"uv":[0,1.875,0.225,1.25],"texture":"#0"},"down":{"uv":[0.225,1.25,0,1.875],"texture":"#0"}}},{"from":[7.1,13.5,-3],"to":[8.9,16,2],"rotation":{"angle":-22.5,"axis":"x","origin":[8,14,3.5]},"faces":{"north":{"uv":[0.2875,0.625,0.0625,0.9375],"texture":"#0"},"east":{"uv":[0.8125,0.625,0.1875,0.3125],"texture":"#0"},"south":{"uv":[0.5625,0.8125,0.7875,1.125],"texture":"#0"},"west":{"uv":[0.8125,0.625,0.1875,0.3125],"texture":"#0"},"up":{"uv":[0,1.25,0.225,1.875],"texture":"#0"},"down":{"uv":[0.225,1.875,0,1.25],"texture":"#0"}}},{"from":[4.4,14,5],"to":[4.4,25,11],"faces":{"north":{"uv":[0,0,0,11],"texture":"#1"},"east":{"uv":[6,0,0,11],"texture":"#1"},"south":{"uv":[0,0,0,11],"texture":"#1"},"west":{"uv":[0,0,6,11],"texture":"#1"},"up":{"uv":[0,6,0,0],"texture":"#1"},"down":{"uv":[0,0,0,6],"texture":"#1"}}},{"from":[5.3,14.6,4],"to":[5.3,21.6,11],"faces":{"north":{"uv":[0,0,0,7],"texture":"#missing"},"east":{"uv":[5.0625,15.125,4.1875,16],"texture":"#0"},"south":{"uv":[0,0,0,7],"texture":"#missing"},"west":{"uv":[4.1875,15.125,5.0625,16],"texture":"#0"},"up":{"uv":[0,0,0,7],"texture":"#missing"},"down":{"uv":[0,0,0,7],"texture":"#missing"}}},{"from":[11.6,14,5],"to":[11.6,25,11],"rotation":{"angle":0,"axis":"y","origin":[16,0,0]},"faces":{"north":{"uv":[0,0,0,11],"texture":"#1"},"east":{"uv":[6,0,0,11],"texture":"#1"},"south":{"uv":[0,0,0,11],"texture":"#1"},"west":{"uv":[0,0,6,11],"texture":"#1"},"up":{"uv":[0,6,0,0],"texture":"#1"},"down":{"uv":[0,0,0,6],"texture":"#1"}}},{"from":[8.3,17.5,7.5],"to":[8.3,25.5,15.5],"rotation":{"angle":0,"axis":"y","origin":[0,-1,0]},"faces":{"north":{"uv":[0,0,0,6],"texture":"#missing"},"east":{"uv":[0,15,1,16],"texture":"#0"},"south":{"uv":[0,0,0,6],"texture":"#missing"},"west":{"uv":[1,15,0,16],"texture":"#0"},"up":{"uv":[0,0,0,5],"texture":"#missing"},"down":{"uv":[0,0,0,5],"texture":"#missing"}}},{"from":[7.25,15.5,16],"to":[8.75,17.5,21],"rotation":{"angle":45,"axis":"x","origin":[8,14,12.5]},"faces":{"north":{"uv":[0.75,0.8125,0.5625,1.0625],"texture":"#0"},"east":{"uv":[1.375,0.0625,0.75,0.3125],"texture":"#0"},"south":{"uv":[0.75,0.8125,0.5625,1.0625],"texture":"#0"},"west":{"uv":[0.75,0.0625,1.375,0.3125],"texture":"#0"},"up":{"uv":[0,1.875,0.1875,1.25],"texture":"#0"},"down":{"uv":[0.1875,1.25,0,1.875],"texture":"#0"}}},{"from":[13,15,6],"to":[13,21,15],"rotation":{"angle":0,"axis":"y","origin":[16,0,0]},"faces":{"east":{"uv":[9,0,0,6],"texture":"#3"},"west":{"uv":[0,0,9,6],"texture":"#3"}}},{"from":[3,8,1],"to":[3,14,10],"rotation":{"angle":0,"axis":"y","origin":[0,0,16]},"faces":{"east":{"uv":[0,0,9,6],"texture":"#3"},"west":{"uv":[9,0,0,6],"texture":"#3"}}},{"from":[8,22.5,-0.1],"to":[8,28,4.9],"rotation":{"angle":22.5,"axis":"x","origin":[0,0,0]},"faces":{"east":{"uv":[0,0,10,11],"texture":"#2"},"west":{"uv":[0,0,10,11],"texture":"#2"}}},{"from":[7,15,-3],"to":[12,15,2],"rotation":{"angle":22.5,"axis":"x","origin":[11.5,18,-3]},"faces":{"north":{"uv":[0.6875,13.5,1.1875,13.5],"texture":"#0"},"east":{"uv":[0,0,4,0],"texture":"#missing"},"south":{"uv":[0,0,4,0],"texture":"#missing"},"west":{"uv":[0,0,4,0],"texture":"#missing"},"up":{"uv":[0,13.625,0.625,14.25],"rotation":90,"texture":"#0"},"down":{"uv":[0,14.25,0.625,13.625],"rotation":270,"texture":"#0"}}},{"from":[6,14,-4],"to":[11,14,1],"rotation":{"angle":22.5,"axis":"x","origin":[11.5,18,-3]},"faces":{"north":{"uv":[0,0,4,0],"texture":"#missing"},"east":{"uv":[0,0,4,0],"texture":"#missing"},"south":{"uv":[0,0,4,0],"texture":"#missing"},"west":{"uv":[0.6875,13.5,1.1875,13.5],"texture":"#0"},"up":{"uv":[0.625,13.625,0,14.25],"texture":"#0"},"down":{"uv":[0.625,14.25,0,13.625],"texture":"#0"}}},{"from":[5,16,-4],"to":[10,16,1],"rotation":{"angle":22.5,"axis":"x","origin":[11.5,18,-3]},"faces":{"north":{"uv":[0,0,4,0],"texture":"#missing"},"east":{"uv":[0,0,4,0],"texture":"#missing"},"south":{"uv":[0,0,4,0],"texture":"#missing"},"west":{"uv":[0.6875,13.5,1.1875,13.5],"texture":"#0"},"up":{"uv":[0.625,13.625,0,14.25],"texture":"#0"},"down":{"uv":[0.625,14.25,0,13.625],"texture":"#0"}}},{"from":[6,14.2,-4],"to":[11,14.2,1],"rotation":{"angle":22.5,"axis":"x","origin":[11.5,18,-3]},"faces":{"north":{"uv":[0,0,4,0],"texture":"#missing"},"east":{"uv":[0,0,4,0],"texture":"#missing"},"south":{"uv":[0,0,4,0],"texture":"#missing"},"west":{"uv":[0.6875,13.5,1.1875,13.5],"texture":"#0"},"up":{"uv":[0.625,13.625,0,14.25],"texture":"#0"},"down":{"uv":[0.625,14.25,0,13.625],"texture":"#0"}}},{"from":[5,16.2,-4],"to":[10,16.2,1],"rotation":{"angle":22.5,"axis":"x","origin":[11.5,18,-3]},"faces":{"north":{"uv":[0,0,4,0],"texture":"#missing"},"east":{"uv":[0,0,4,0],"texture":"#missing"},"south":{"uv":[0,0,4,0],"texture":"#missing"},"west":{"uv":[0.6875,13.5,1.1875,13.5],"texture":"#0"},"up":{"uv":[0.625,13.625,0,14.25],"texture":"#0"},"down":{"uv":[0.625,14.25,0,13.625],"texture":"#0"}}},{"from":[7,15.2,-3],"to":[12,15.2,2],"rotation":{"angle":22.5,"axis":"x","origin":[11.5,18,-3]},"faces":{"north":{"uv":[0.6875,13.5,1.1875,13.5],"texture":"#0"},"east":{"uv":[0,0,4,0],"texture":"#missing"},"south":{"uv":[0,0,4,0],"texture":"#missing"},"west":{"uv":[0,0,4,0],"texture":"#missing"},"up":{"uv":[0,13.625,0.625,14.25],"rotation":90,"texture":"#0"},"down":{"uv":[0,14.25,0.625,13.625],"rotation":270,"texture":"#0"}}},{"from":[7,12,0],"to":[9,15.5,4],"rotation":{"angle":0,"axis":"y","origin":[0,-3,1]},"faces":{"north":{"uv":[0.3125,0.5,0.0625,0.9375],"texture":"#0"},"east":{"uv":[0.5625,1.125,1.0625,0.6875],"texture":"#0"},"south":{"uv":[0.3125,0.5,0.0625,0.9375],"texture":"#0"},"west":{"uv":[1.0625,1.125,0.5625,0.6875],"texture":"#0"},"up":{"uv":[0.5625,0.125,0.8125,0.625],"texture":"#0"},"down":{"uv":[0.5625,0.125,0.8125,0.625],"texture":"#0"}}},{"from":[7.25,15.5,-5],"to":[8.75,17.5,0],"rotation":{"angle":-45,"axis":"x","origin":[8,14,3.5]},"faces":{"north":{"uv":[0.5625,0.8125,0.75,1.0625],"texture":"#0"},"east":{"uv":[0.75,0.0625,1.375,0.3125],"texture":"#0"},"south":{"uv":[0.5625,0.8125,0.75,1.0625],"texture":"#0"},"west":{"uv":[1.375,0.0625,0.75,0.3125],"texture":"#0"},"up":{"uv":[0,1.25,0.1875,1.875],"texture":"#0"},"down":{"uv":[0.1875,1.875,0,1.25],"texture":"#0"}}},{"from":[6.5,11.5,4],"to":[9.5,16,5],"rotation":{"angle":0,"axis":"y","origin":[0,-3,1]},"faces":{"north":{"uv":[1.5,0,1.875,0.5625],"texture":"#0"},"east":{"uv":[2.625,0.625,2.75,1.1875],"texture":"#0"},"south":{"uv":[1.5,0,1.875,0.5625],"texture":"#0"},"west":{"uv":[2.625,0.625,2.75,1.1875],"texture":"#0"},"up":{"uv":[1.5,1.5,1.875,1.625],"texture":"#0"},"down":{"uv":[1.5,1.5,1.875,1.625],"texture":"#0"}}},{"from":[6.5,11.5,11],"to":[9.5,16,12],"rotation":{"angle":0,"axis":"y","origin":[0,-3,15]},"faces":{"north":{"uv":[1.875,0,1.5,0.5625],"texture":"#0"},"east":{"uv":[2.75,0.625,2.625,1.1875],"texture":"#0"},"south":{"uv":[1.875,0,1.5,0.5625],"texture":"#0"},"west":{"uv":[2.75,0.625,2.625,1.1875],"texture":"#0"},"up":{"uv":[1.5,1.625,1.875,1.5],"texture":"#0"},"down":{"uv":[1.5,1.625,1.875,1.5],"texture":"#0"}}},{"from":[6,17.5,4.5],"to":[10.5,20.5,11.5],"rotation":{"angle":0,"axis":"y","origin":[0,-3,16]},"faces":{"north":{"uv":[0,1.75,0.5625,1.375],"rotation":180,"texture":"#0"},"east":{"uv":[0.5625,0.5,0.9375,1.375],"rotation":90,"texture":"#0"},"south":{"uv":[1.5,1.625,2.0625,2],"texture":"#0"},"west":{"uv":[1.375,0,1,0.875],"rotation":270,"texture":"#0"},"up":{"uv":[0.5625,0.25,0,1.125],"texture":"#0"},"down":{"uv":[0.5625,0,0,0.875],"rotation":180,"texture":"#0"}}},{"from":[5.5,16.5,4],"to":[11,17.5,12],"rotation":{"angle":0,"axis":"y","origin":[0,-3,16]},"faces":{"north":{"uv":[1.5,1.625,2.1875,1.5],"rotation":180,"texture":"#0"},"east":{"uv":[2.625,0,2.75,1],"rotation":90,"texture":"#0"},"south":{"uv":[1.5,1.625,2.1875,1.5],"texture":"#0"},"west":{"uv":[2.75,0,2.625,1],"rotation":270,"texture":"#0"},"up":{"uv":[2.1875,0,1.5,1],"texture":"#0"},"down":{"uv":[2.1875,0,1.5,1],"rotation":180,"texture":"#0"}}},{"from":[7.5,2,7],"to":[8.5,12,9],"rotation":{"angle":0,"axis":"y","origin":[0,-1,0]},"faces":{"north":{"uv":[3,0,3.125,1.25],"texture":"#0"},"east":{"uv":[2.75,0,3,1.25],"texture":"#0"},"south":{"uv":[3,0,3.125,1.25],"texture":"#0"},"west":{"uv":[2.75,0,3,1.25],"texture":"#0"},"up":{"uv":[3,0,3.125,0.25],"texture":"#0"},"down":{"uv":[3,0,3.125,0.25],"texture":"#0"}}},{"from":[7.5,13,3],"to":[8.5,15,13],"rotation":{"angle":0,"axis":"y","origin":[0,-3,0]},"faces":{"north":{"uv":[3,0,3.125,0.25],"rotation":180,"texture":"#0"},"east":{"uv":[2.75,0,3,1.25],"rotation":270,"texture":"#0"},"south":{"uv":[3,0,3.125,0.25],"texture":"#0"},"west":{"uv":[2.75,0,3,1.25],"rotation":90,"texture":"#0"},"up":{"uv":[3,0,3.125,1.25],"rotation":180,"texture":"#0"},"down":{"uv":[3,0,3.125,1.25],"texture":"#0"}}},{"from":[7.2,-7,7],"to":[8.8,0,9],"rotation":{"angle":0,"axis":"y","origin":[0,-1,0]},"faces":{"north":{"uv":[2.75,0,2.95,0.875],"texture":"#0"},"east":{"uv":[2.75,0,3,0.875],"texture":"#0"},"south":{"uv":[2.75,0,2.95,0.875],"texture":"#0"},"west":{"uv":[2.75,0,3,0.875],"texture":"#0"},"up":{"uv":[2.75,0,2.95,0.25],"texture":"#0"},"down":{"uv":[2.75,0,2.95,0.25],"texture":"#0"}}},{"from":[7.3,2,4.5],"to":[7.3,10,12.5],"rotation":{"angle":0,"axis":"y","origin":[0,-1,0]},"faces":{"north":{"uv":[0,0,0,6],"texture":"#missing"},"east":{"uv":[0,15,1,16],"texture":"#0"},"south":{"uv":[0,0,0,6],"texture":"#missing"},"west":{"uv":[1,15,0,16],"texture":"#0"},"up":{"uv":[0,0,0,5],"texture":"#missing"},"down":{"uv":[0,0,0,5],"texture":"#missing"}}},{"from":[7.2,1,4.5],"to":[7.2,6,9.5],"rotation":{"angle":0,"axis":"y","origin":[0,-1,0]},"faces":{"north":{"uv":[0,0,0,6],"texture":"#missing"},"east":{"uv":[1,15.375,1.625,16],"texture":"#0"},"south":{"uv":[0,0,0,6],"texture":"#missing"},"west":{"uv":[1.625,15.375,1,16],"texture":"#0"},"up":{"uv":[0,0,0,5],"texture":"#missing"},"down":{"uv":[0,0,0,5],"texture":"#missing"}}},{"from":[7.2,20,2.5],"to":[7.2,25,7.5],"rotation":{"angle":0,"axis":"y","origin":[0,-1,0]},"faces":{"north":{"uv":[0,0,0,6],"texture":"#missing"},"east":{"uv":[1,15.375,1.625,16],"texture":"#0"},"south":{"uv":[0,0,0,6],"texture":"#missing"},"west":{"uv":[1.625,15.375,1,16],"texture":"#0"},"up":{"uv":[0,0,0,5],"texture":"#missing"},"down":{"uv":[0,0,0,5],"texture":"#missing"}}},{"from":[8,-16,5],"to":[8,-10,11],"rotation":{"angle":0,"axis":"y","origin":[8,-13,8]},"faces":{"north":{"uv":[0,0,0,6],"texture":"#missing"},"east":{"uv":[1,14.625,1.75,15.375],"texture":"#0"},"south":{"uv":[0,0,0,6],"texture":"#missing"},"west":{"uv":[1.75,14.625,1,15.375],"texture":"#0"},"up":{"uv":[0,0,0,5],"texture":"#missing"},"down":{"uv":[0,0,0,5],"texture":"#missing"}}},{"from":[8.8,1,2.5],"to":[8.8,10,10.5],"rotation":{"angle":0,"axis":"y","origin":[0,-1,0]},"faces":{"north":{"uv":[0,0,0,6],"texture":"#missing"},"east":{"uv":[2.8125,14.875,1.8125,16],"texture":"#0"},"south":{"uv":[0,0,0,6],"texture":"#missing"},"west":{"uv":[1.8125,14.875,2.8125,16],"texture":"#0"},"up":{"uv":[0,0,0,5],"texture":"#missing"},"down":{"uv":[0,0,0,5],"texture":"#missing"}}},{"from":[8,-14,1],"to":[8,-3,7],"faces":{"north":{"uv":[0,0,0,11],"texture":"#1"},"east":{"uv":[6,0,0,11],"texture":"#1"},"south":{"uv":[0,0,0,11],"texture":"#1"},"west":{"uv":[0,0,6,11],"texture":"#1"},"up":{"uv":[0,6,0,0],"texture":"#1"},"down":{"uv":[0,0,0,6],"texture":"#1"}}},{"from":[6.6,14.5,6],"to":[9.4,16.5,10],"rotation":{"angle":0,"axis":"y","origin":[0,-3,16]},"faces":{"north":{"uv":[0,3.125,0.375,2.875],"rotation":180,"texture":"#0"},"east":{"uv":[0.75,2.0625,1,2.5625],"rotation":90,"texture":"#0"},"south":{"uv":[0.375,2.875,0,3.125],"texture":"#0"},"west":{"uv":[1,2.0625,0.75,2.5625],"rotation":270,"texture":"#0"},"up":{"uv":[0.375,1.875,0,2.375],"texture":"#0"},"down":{"uv":[0.375,1.875,0,2.375],"rotation":180,"texture":"#0"}}}],"gui_light":"front","display":{"thirdperson_righthand":{"translation":[0,4.9,1.5],"scale":[0.6,0.6,0.6]},"thirdperson_lefthand":{"translation":[0,4.9,1.5],"scale":[0.6,0.6,0.6]},"firstperson_righthand":{"rotation":[6,0,0],"translation":[1.75,5.75,2.25],"scale":[0.29883,0.29883,0.29883]},"firstperson_lefthand":{"rotation":[6,0,0],"translation":[1.75,5.75,2.25],"scale":[0.29883,0.29883,0.29883]},"ground":{"rotation":[-45,0,0],"translation":[0,9,0],"scale":[0.4,0.4,0.4]},"gui":{"rotation":[-90,-45,-90],"translation":[0.5,0.25,-1.5],"scale":[0.44531,0.44531,0.44531]},"head":{"scale":[0,0,0]},"fixed":{"rotation":[-90,-90,-90],"translation":[0,5.25,-2],"scale":[1.3,1.3,1.3]}}}