{"credit":"MadewithBlockbench","texture_size":[128,128],"textures":{"0":"elitecreatures:seaturtle_animated_weapon_set/seaturtle_texture_01","1":"elitecreatures:seaturtle_animated_weapon_set/seaturtle_animation_01","2":"elitecreatures:seaturtle_animated_weapon_set/seaturtle_animation_02","3":"elitecreatures:seaturtle_animated_weapon_set/seaturtle_animation_03","particle":"elitecreatures:seaturtle_animated_weapon_set/seaturtle_texture_01"},"elements":[{"from":[7,0,6.5],"to":[9,2,9.5],"rotation":{"angle":0,"axis":"y","origin":[0,-1,0]},"faces":{"north":{"uv":[0.75,2.875,1,3.125],"texture":"#0"},"east":{"uv":[1.375,2.75,1,3],"texture":"#0"},"south":{"uv":[0.75,2.875,1,3.125],"texture":"#0"},"west":{"uv":[1,2.75,1.375,3],"texture":"#0"},"up":{"uv":[2.5,1.625,2.75,2],"texture":"#0"},"down":{"uv":[2.5,1.625,2.75,2],"texture":"#0"}}},{"from":[7,-9,6.5],"to":[9,-7,9.5],"rotation":{"angle":0,"axis":"y","origin":[0,-1,0]},"faces":{"north":{"uv":[0.75,2.875,1,3.125],"texture":"#0"},"east":{"uv":[1.375,2.75,1,3],"texture":"#0"},"south":{"uv":[0.75,2.875,1,3.125],"texture":"#0"},"west":{"uv":[1,2.75,1.375,3],"texture":"#0"},"up":{"uv":[2.5,1.625,2.75,2],"texture":"#0"},"down":{"uv":[2.5,1.625,2.75,2],"texture":"#0"}}},{"from":[7,-2.1,6.5],"to":[9,-0.6,8.5],"rotation":{"angle":0,"axis":"y","origin":[0,-1,0]},"faces":{"north":{"uv":[2.75,1.25,3,1.4375],"texture":"#0"},"east":{"uv":[3,1.4375,2.75,1.625],"texture":"#0"},"south":{"uv":[2.75,1.25,3,1.4375],"texture":"#0"},"west":{"uv":[2.75,1.4375,3,1.625],"texture":"#0"},"up":{"uv":[2.75,1.625,3,1.875],"texture":"#0"},"down":{"uv":[2.75,1.875,3,1.625],"texture":"#0"}}},{"from":[7,-4.2,6.5],"to":[9,-2.7,8.5],"rotation":{"angle":0,"axis":"y","origin":[0,-1,0]},"faces":{"north":{"uv":[2.75,1.25,3,1.4375],"texture":"#0"},"east":{"uv":[3,1.4375,2.75,1.625],"texture":"#0"},"south":{"uv":[2.75,1.25,3,1.4375],"texture":"#0"},"west":{"uv":[2.75,1.4375,3,1.625],"texture":"#0"},"up":{"uv":[2.75,1.625,3,1.875],"texture":"#0"},"down":{"uv":[2.75,1.875,3,1.625],"texture":"#0"}}},{"from":[7,-6.3,6.5],"to":[9,-4.8,8.5],"rotation":{"angle":0,"axis":"y","origin":[0,-1,0]},"faces":{"north":{"uv":[2.75,1.25,3,1.4375],"texture":"#0"},"east":{"uv":[3,1.4375,2.75,1.625],"texture":"#0"},"south":{"uv":[2.75,1.25,3,1.4375],"texture":"#0"},"west":{"uv":[2.75,1.4375,3,1.625],"texture":"#0"},"up":{"uv":[2.75,1.625,3,1.875],"texture":"#0"},"down":{"uv":[2.75,1.875,3,1.625],"texture":"#0"}}},{"from":[7,11.9,9],"to":[9,13.4,11],"rotation":{"angle":-22.5,"axis":"x","origin":[8,12.65,10]},"faces":{"north":{"uv":[2.75,1.25,3,1.4375],"texture":"#0"},"east":{"uv":[3,1.4375,2.75,1.625],"texture":"#0"},"south":{"uv":[2.75,1.25,3,1.4375],"texture":"#0"},"west":{"uv":[2.75,1.4375,3,1.625],"texture":"#0"},"up":{"uv":[2.75,1.625,3,1.875],"texture":"#0"},"down":{"uv":[2.75,1.875,3,1.625],"texture":"#0"}}},{"from":[7,9.8,9],"to":[9,11.3,11],"rotation":{"angle":-22.5,"axis":"x","origin":[8,10.55,10]},"faces":{"north":{"uv":[2.75,1.25,3,1.4375],"texture":"#0"},"east":{"uv":[3,1.4375,2.75,1.625],"texture":"#0"},"south":{"uv":[2.75,1.25,3,1.4375],"texture":"#0"},"west":{"uv":[2.75,1.4375,3,1.625],"texture":"#0"},"up":{"uv":[2.75,1.625,3,1.875],"texture":"#0"},"down":{"uv":[2.75,1.875,3,1.625],"texture":"#0"}}},{"from":[7,7.7,9],"to":[9,9.2,11],"rotation":{"angle":-22.5,"axis":"x","origin":[8,8.45,10]},"faces":{"north":{"uv":[2.75,1.25,3,1.4375],"texture":"#0"},"east":{"uv":[3,1.4375,2.75,1.625],"texture":"#0"},"south":{"uv":[2.75,1.25,3,1.4375],"texture":"#0"},"west":{"uv":[2.75,1.4375,3,1.625],"texture":"#0"},"up":{"uv":[2.75,1.625,3,1.875],"texture":"#0"},"down":{"uv":[2.75,1.875,3,1.625],"texture":"#0"}}},{"from":[7.25,-10,7],"to":[8.75,-9,9],"rotation":{"angle":0,"axis":"y","origin":[0,-1,0]},"faces":{"north":{"uv":[2.75,1.875,2.9375,2],"texture":"#0"},"east":{"uv":[2.25,2.125,2.5,2.25],"texture":"#0"},"south":{"uv":[2.75,1.875,2.9375,2],"texture":"#0"},"west":{"uv":[2.25,2.125,2.5,2.25],"texture":"#0"},"up":{"uv":[2.5,2,2.6875,2.25],"texture":"#0"},"down":{"uv":[2.5,2,2.6875,2.25],"texture":"#0"}}},{"from":[6.5,2,8],"to":[9.5,5,11],"rotation":{"angle":0,"axis":"y","origin":[8,3.5,9.5]},"faces":{"north":{"uv":[1.875,2.5625,2.25,2.9375],"rotation":180,"texture":"#0"},"east":{"uv":[1.5,2.125,1.875,2.5],"rotation":270,"texture":"#0"},"south":{"uv":[1.5,2.5,1.875,2.875],"texture":"#0"},"west":{"uv":[1.5,2.125,1.875,2.5],"rotation":90,"texture":"#0"},"up":{"uv":[1.875,2.125,2.25,2.5],"rotation":180,"texture":"#0"},"down":{"uv":[1.875,2.125,2.25,2.5],"texture":"#0"}}},{"from":[6.5,2,5],"to":[9.5,5,8],"rotation":{"angle":0,"axis":"y","origin":[8,3.5,6.5]},"faces":{"north":{"uv":[1.5,2.5,1.875,2.875],"rotation":180,"texture":"#0"},"east":{"uv":[1.5,2.125,1.875,2.5],"rotation":90,"texture":"#0"},"south":{"uv":[1.875,2.5625,2.25,2.9375],"texture":"#0"},"west":{"uv":[1.5,2.125,1.875,2.5],"rotation":270,"texture":"#0"},"up":{"uv":[1.875,2.125,2.25,2.5],"texture":"#0"},"down":{"uv":[1.875,2.125,2.25,2.5],"rotation":180,"texture":"#0"}}},{"from":[5.5,4.5,7],"to":[8.5,7,9.5],"rotation":{"angle":45,"axis":"x","origin":[8,6,8]},"faces":{"north":{"uv":[1.3125,3,1.6875,3.3125],"texture":"#0"},"east":{"uv":[1.3125,3,1,3.3125],"texture":"#0"},"south":{"uv":[1.3125,3,1.6875,3.3125],"texture":"#0"},"west":{"uv":[1,3,1.3125,3.3125],"texture":"#0"},"up":{"uv":[1.6875,3,2.0625,3.3125],"texture":"#0"},"down":{"uv":[1.6875,3,2.0625,3.3125],"texture":"#0"}}},{"from":[7.5,4.5,7],"to":[10.5,7,9.5],"rotation":{"angle":45,"axis":"x","origin":[8,6,8]},"faces":{"north":{"uv":[1.6875,3,1.3125,3.3125],"texture":"#0"},"east":{"uv":[1.3125,3,1,3.3125],"texture":"#0"},"south":{"uv":[1.6875,3,1.3125,3.3125],"texture":"#0"},"west":{"uv":[1,3,1.3125,3.3125],"texture":"#0"},"up":{"uv":[2.0625,3,1.6875,3.3125],"texture":"#0"},"down":{"uv":[2.0625,3,1.6875,3.3125],"texture":"#0"}}},{"from":[6.3,3.5,6],"to":[8,7.5,10],"rotation":{"angle":45,"axis":"x","origin":[8,5.64645,8]},"faces":{"north":{"uv":[2.75,2.25,2.9375,2.75],"texture":"#0"},"east":{"uv":[2.25,2.25,2.75,2.75],"texture":"#0"},"south":{"uv":[2.9375,2.25,2.75,2.75],"texture":"#0"},"west":{"uv":[2.25,2.25,2.75,2.75],"texture":"#0"},"up":{"uv":[2.9375,2.25,3.125,2.75],"texture":"#0"},"down":{"uv":[2.9375,2.25,3.125,2.75],"texture":"#0"}}},{"from":[8,3.5,6],"to":[9.7,7.5,10],"rotation":{"angle":45,"axis":"x","origin":[8,5.64645,8]},"faces":{"north":{"uv":[2.9375,2.25,2.75,2.75],"texture":"#0"},"east":{"uv":[2.25,2.25,2.75,2.75],"texture":"#0"},"south":{"uv":[2.75,2.25,2.9375,2.75],"texture":"#0"},"west":{"uv":[2.25,2.25,2.75,2.75],"texture":"#0"},"up":{"uv":[3.125,2.25,2.9375,2.75],"texture":"#0"},"down":{"uv":[3.125,2.25,2.9375,2.75],"texture":"#0"}}},{"from":[7.2,-7,7],"to":[8.8,0,9],"rotation":{"angle":0,"axis":"y","origin":[0,-1,0]},"faces":{"north":{"uv":[2.75,0,2.95,0.875],"texture":"#0"},"east":{"uv":[2.75,0,3,0.875],"texture":"#0"},"south":{"uv":[2.75,0,2.95,0.875],"texture":"#0"},"west":{"uv":[2.75,0,3,0.875],"texture":"#0"},"up":{"uv":[2.75,0,2.95,0.25],"texture":"#0"},"down":{"uv":[2.75,0,2.95,0.25],"texture":"#0"}}},{"from":[8,-16,5],"to":[8,-10,11],"rotation":{"angle":0,"axis":"y","origin":[8,-13,8]},"faces":{"north":{"uv":[0,0,0,6],"texture":"#missing"},"east":{"uv":[1,14.625,1.75,15.375],"texture":"#0"},"south":{"uv":[0,0,0,6],"texture":"#missing"},"west":{"uv":[1.75,14.625,1,15.375],"texture":"#0"},"up":{"uv":[0,0,0,5],"texture":"#missing"},"down":{"uv":[0,0,0,5],"texture":"#missing"}}},{"from":[5.4,6,5],"to":[5.4,17,11],"rotation":{"angle":0,"axis":"y","origin":[0,-13,0]},"faces":{"north":{"uv":[0,0,0,11],"texture":"#1"},"east":{"uv":[6,0,0,11],"texture":"#1"},"south":{"uv":[0,0,0,11],"texture":"#1"},"west":{"uv":[0,0,6,11],"texture":"#1"},"up":{"uv":[0,6,0,0],"texture":"#1"},"down":{"uv":[0,0,0,6],"texture":"#1"}}},{"from":[8,-14,1],"to":[8,-3,7],"faces":{"north":{"uv":[0,0,0,11],"texture":"#1"},"east":{"uv":[6,0,0,11],"texture":"#1"},"south":{"uv":[0,0,0,11],"texture":"#1"},"west":{"uv":[0,0,6,11],"texture":"#1"},"up":{"uv":[0,6,0,0],"texture":"#1"},"down":{"uv":[0,0,0,6],"texture":"#1"}}},{"from":[10.6,6,5],"to":[10.6,17,11],"rotation":{"angle":0,"axis":"y","origin":[16,-13,0]},"faces":{"north":{"uv":[0,0,0,11],"texture":"#1"},"east":{"uv":[6,0,0,11],"texture":"#1"},"south":{"uv":[0,0,0,11],"texture":"#1"},"west":{"uv":[0,0,6,11],"texture":"#1"},"up":{"uv":[0,6,0,0],"texture":"#1"},"down":{"uv":[0,0,0,6],"texture":"#1"}}},{"from":[6.6,0,8.5],"to":[9.4,4,10.5],"rotation":{"angle":22.5,"axis":"x","origin":[0,-1,16]},"faces":{"north":{"uv":[0.375,1.875,0,2.375],"texture":"#0"},"east":{"uv":[0.75,2.0625,1,2.5625],"texture":"#0"},"south":{"uv":[0.375,1.875,0,2.375],"texture":"#0"},"west":{"uv":[1,2.0625,0.75,2.5625],"texture":"#0"},"up":{"uv":[0,3.125,0.375,2.875],"texture":"#0"},"down":{"uv":[0.375,2.875,0,3.125],"texture":"#0"}}},{"from":[5.5,-2.5,10.5],"to":[10.5,5.5,11.5],"rotation":{"angle":22.5,"axis":"x","origin":[0,-1,16]},"faces":{"north":{"uv":[2.125,0,1.5,1],"texture":"#0"},"east":{"uv":[2.625,0,2.75,1],"texture":"#0"},"south":{"uv":[2.125,0,1.5,1],"texture":"#0"},"west":{"uv":[2.75,0,2.625,1],"texture":"#0"},"up":{"uv":[1.5,1.625,2.125,1.5],"texture":"#0"},"down":{"uv":[1.5,1.625,2.125,1.5],"texture":"#0"}}},{"from":[8.6,6,1.5],"to":[8.6,15,9.5],"rotation":{"angle":0,"axis":"y","origin":[0,-1,0]},"faces":{"north":{"uv":[0,0,0,6],"texture":"#missing"},"east":{"uv":[2.8125,14.875,1.8125,16],"texture":"#0"},"south":{"uv":[0,0,0,6],"texture":"#missing"},"west":{"uv":[1.8125,14.875,2.8125,16],"texture":"#0"},"up":{"uv":[0,0,0,5],"texture":"#missing"},"down":{"uv":[0,0,0,5],"texture":"#missing"}}},{"from":[-3,2,-4],"to":[2,2,1],"rotation":{"angle":22.5,"axis":"z","origin":[4.5,18,-3]},"faces":{"north":{"uv":[4,0,0,0],"texture":"#missing"},"east":{"uv":[1.1875,13.5,0.6875,13.5],"texture":"#0"},"south":{"uv":[4,0,0,0],"texture":"#missing"},"west":{"uv":[4,0,0,0],"texture":"#missing"},"up":{"uv":[0,13.625,0.625,14.25],"texture":"#0"},"down":{"uv":[0,14.25,0.625,13.625],"texture":"#0"}}},{"from":[-4,3,-3],"to":[1,3,2],"rotation":{"angle":22.5,"axis":"z","origin":[4.5,18,-3]},"faces":{"north":{"uv":[1.1875,13.5,0.6875,13.5],"texture":"#0"},"east":{"uv":[4,0,0,0],"texture":"#missing"},"south":{"uv":[4,0,0,0],"texture":"#missing"},"west":{"uv":[4,0,0,0],"texture":"#missing"},"up":{"uv":[0,14.25,0.625,13.625],"rotation":90,"texture":"#0"},"down":{"uv":[0,13.625,0.625,14.25],"rotation":270,"texture":"#0"}}},{"from":[-3,2.2,-4],"to":[2,2.2,1],"rotation":{"angle":22.5,"axis":"z","origin":[4.5,18,-3]},"faces":{"north":{"uv":[4,0,0,0],"texture":"#missing"},"east":{"uv":[1.1875,13.5,0.6875,13.5],"texture":"#0"},"south":{"uv":[4,0,0,0],"texture":"#missing"},"west":{"uv":[4,0,0,0],"texture":"#missing"},"up":{"uv":[0,13.625,0.625,14.25],"texture":"#0"},"down":{"uv":[0,14.25,0.625,13.625],"texture":"#0"}}},{"from":[-4,3.2,-3],"to":[1,3.2,2],"rotation":{"angle":22.5,"axis":"z","origin":[4.5,18,-3]},"faces":{"north":{"uv":[1.1875,13.5,0.6875,13.5],"texture":"#0"},"east":{"uv":[4,0,0,0],"texture":"#missing"},"south":{"uv":[4,0,0,0],"texture":"#missing"},"west":{"uv":[4,0,0,0],"texture":"#missing"},"up":{"uv":[0,14.25,0.625,13.625],"rotation":90,"texture":"#0"},"down":{"uv":[0,13.625,0.625,14.25],"rotation":270,"texture":"#0"}}},{"from":[-2,4,-4],"to":[3,4,1],"rotation":{"angle":22.5,"axis":"z","origin":[4.5,18,-3]},"faces":{"north":{"uv":[4,0,0,0],"texture":"#missing"},"east":{"uv":[1.1875,13.5,0.6875,13.5],"texture":"#0"},"south":{"uv":[4,0,0,0],"texture":"#missing"},"west":{"uv":[4,0,0,0],"texture":"#missing"},"up":{"uv":[0,13.625,0.625,14.25],"texture":"#0"},"down":{"uv":[0,14.25,0.625,13.625],"texture":"#0"}}},{"from":[-2,4.2,-4],"to":[3,4.2,1],"rotation":{"angle":22.5,"axis":"z","origin":[4.5,18,-3]},"faces":{"north":{"uv":[4,0,0,0],"texture":"#missing"},"east":{"uv":[1.1875,13.5,0.6875,13.5],"texture":"#0"},"south":{"uv":[4,0,0,0],"texture":"#missing"},"west":{"uv":[4,0,0,0],"texture":"#missing"},"up":{"uv":[0,13.625,0.625,14.25],"texture":"#0"},"down":{"uv":[0,14.25,0.625,13.625],"texture":"#0"}}},{"from":[6,-2,11.5],"to":[10,5,14.5],"rotation":{"angle":22.5,"axis":"x","origin":[0,-1,16]},"faces":{"north":{"uv":[0.5,0,0,0.875],"texture":"#0"},"east":{"uv":[0.5625,0.5,0.9375,1.375],"texture":"#0"},"south":{"uv":[0.5,0.25,0,1.125],"texture":"#0"},"west":{"uv":[1.375,0,1,0.875],"texture":"#0"},"up":{"uv":[0,1.75,0.5,1.375],"texture":"#0"},"down":{"uv":[1.5,1.625,2,2],"texture":"#0"}}},{"from":[7,15,2],"to":[7,21,11],"rotation":{"angle":0,"axis":"y","origin":[0,0,16]},"faces":{"east":{"uv":[0,0,9,6],"texture":"#3"},"west":{"uv":[9,0,0,6],"texture":"#3"}}},{"from":[6,9,7],"to":[6,13,12],"faces":{"east":{"uv":[9,2,4,6],"texture":"#3"},"west":{"uv":[4,2,9,6],"texture":"#3"}}},{"from":[10,13,6],"to":[10,17,11],"rotation":{"angle":0,"axis":"y","origin":[16,0,0]},"faces":{"east":{"uv":[9,2,4,6],"texture":"#3"},"west":{"uv":[4,2,9,6],"texture":"#3"}}},{"from":[9.3,6,7],"to":[9.3,13,14],"rotation":{"angle":22.5,"axis":"x","origin":[8.3,9.5,10.5]},"faces":{"north":{"uv":[0,0,0,7],"texture":"#missing"},"east":{"uv":[4.1875,15.125,5.0625,16],"texture":"#0"},"south":{"uv":[0,0,0,7],"texture":"#missing"},"west":{"uv":[5.0625,15.125,4.1875,16],"texture":"#0"},"up":{"uv":[0,0,0,7],"texture":"#missing"},"down":{"uv":[0,0,0,7],"texture":"#missing"}}},{"from":[6.6,0,5.5],"to":[9.4,4,7.5],"rotation":{"angle":-22.5,"axis":"x","origin":[0,-1,0]},"faces":{"north":{"uv":[0,1.875,0.375,2.375],"texture":"#0"},"east":{"uv":[1,2.0625,0.75,2.5625],"texture":"#0"},"south":{"uv":[0,1.875,0.375,2.375],"texture":"#0"},"west":{"uv":[0.75,2.0625,1,2.5625],"texture":"#0"},"up":{"uv":[0,2.875,0.375,3.125],"texture":"#0"},"down":{"uv":[0.375,3.125,0,2.875],"texture":"#0"}}},{"from":[5.5,-2.5,4.5],"to":[10.5,5.5,5.5],"rotation":{"angle":-22.5,"axis":"x","origin":[0,-1,0]},"faces":{"north":{"uv":[1.5,0,2.125,1],"texture":"#0"},"east":{"uv":[2.75,0,2.625,1],"texture":"#0"},"south":{"uv":[1.5,0,2.125,1],"texture":"#0"},"west":{"uv":[2.625,0,2.75,1],"texture":"#0"},"up":{"uv":[1.5,1.5,2.125,1.625],"texture":"#0"},"down":{"uv":[1.5,1.5,2.125,1.625],"texture":"#0"}}},{"from":[6,-2,1.5],"to":[10,5,4.5],"rotation":{"angle":-22.5,"axis":"x","origin":[0,-1,0]},"faces":{"north":{"uv":[0,0.25,0.5,1.125],"texture":"#0"},"east":{"uv":[0.9375,0.5,0.5625,1.375],"texture":"#0"},"south":{"uv":[0,0,0.5,0.875],"texture":"#0"},"west":{"uv":[1,0,1.375,0.875],"texture":"#0"},"up":{"uv":[0,1.375,0.5,1.75],"texture":"#0"},"down":{"uv":[1.5,2,2,1.625],"texture":"#0"}}},{"from":[8,4.5,2.5],"to":[8,27.5,11.5],"faces":{"north":{"uv":[0,0,0,2.875],"texture":"#missing"},"east":{"uv":[16,0,14.875,2.875],"texture":"#0"},"south":{"uv":[0,0,0,2.875],"texture":"#missing"},"west":{"uv":[14.875,0,16,2.875],"texture":"#0"},"up":{"uv":[0,0,0,0.75],"texture":"#missing"},"down":{"uv":[0,0,0,0.75],"texture":"#missing"}}},{"from":[7.3,6.8,2.2],"to":[7.3,14.8,10.2],"rotation":{"angle":-22.5,"axis":"x","origin":[7.3,10,6.5]},"faces":{"north":{"uv":[0,0,0,6],"texture":"#missing"},"east":{"uv":[1,15,0,16],"texture":"#0"},"south":{"uv":[0,0,0,6],"texture":"#missing"},"west":{"uv":[0,15,1,16],"texture":"#0"},"up":{"uv":[0,0,0,5],"texture":"#missing"},"down":{"uv":[0,0,0,5],"texture":"#missing"}}},{"from":[4.5,12.3,10.7],"to":[8.5,12.3,14.7],"rotation":{"angle":22.5,"axis":"z","origin":[4,17.1,19]},"faces":{"north":{"uv":[0,0,4,0],"texture":"#missing"},"east":{"uv":[0,0,4,0],"texture":"#missing"},"south":{"uv":[0,0,4,0],"texture":"#missing"},"west":{"uv":[0.6875,13.5,1.1875,13.5],"texture":"#0"},"up":{"uv":[0,14.3125,0.5,14.8125],"texture":"#0"},"down":{"uv":[0,14.3125,0.5,14.8125],"texture":"#0"}}},{"from":[3.5,11.3,9.7],"to":[7.5,11.3,13.7],"rotation":{"angle":22.5,"axis":"z","origin":[4,17.1,19]},"faces":{"north":{"uv":[0,0,4,0],"texture":"#missing"},"east":{"uv":[0,0,4,0],"texture":"#missing"},"south":{"uv":[0,0,4,0],"texture":"#missing"},"west":{"uv":[0.6875,13.5,1.1875,13.5],"texture":"#0"},"up":{"uv":[0,14.3125,0.5,14.8125],"texture":"#0"},"down":{"uv":[0,14.3125,0.5,14.8125],"texture":"#0"}}},{"from":[4.5,12.1,10.7],"to":[8.5,12.1,14.7],"rotation":{"angle":22.5,"axis":"z","origin":[4,17.1,19]},"faces":{"north":{"uv":[0,0,4,0],"texture":"#missing"},"east":{"uv":[0,0,4,0],"texture":"#missing"},"south":{"uv":[0,0,4,0],"texture":"#missing"},"west":{"uv":[0.6875,13.5,1.1875,13.5],"texture":"#0"},"up":{"uv":[0,14.3125,0.5,14.8125],"texture":"#0"},"down":{"uv":[0,14.3125,0.5,14.8125],"texture":"#0"}}},{"from":[3.5,11.1,9.7],"to":[7.5,11.1,13.7],"rotation":{"angle":22.5,"axis":"z","origin":[4,17.1,19]},"faces":{"north":{"uv":[0,0,4,0],"texture":"#missing"},"east":{"uv":[0,0,4,0],"texture":"#missing"},"south":{"uv":[0,0,4,0],"texture":"#missing"},"west":{"uv":[0.6875,13.5,1.1875,13.5],"texture":"#0"},"up":{"uv":[0,14.3125,0.5,14.8125],"texture":"#0"},"down":{"uv":[0,14.3125,0.5,14.8125],"texture":"#0"}}},{"from":[6.2,0,5.5],"to":[6.2,5,10.5],"rotation":{"angle":0,"axis":"y","origin":[0,17,0]},"faces":{"north":{"uv":[0,6,0,0],"texture":"#missing"},"east":{"uv":[1,16,1.625,15.375],"texture":"#0"},"south":{"uv":[0,6,0,0],"texture":"#missing"},"west":{"uv":[1.625,16,1,15.375],"texture":"#0"},"up":{"uv":[0,5,0,0],"texture":"#missing"},"down":{"uv":[0,5,0,0],"texture":"#missing"}}},{"from":[7.5,6,11],"to":[7.5,11.5,16],"rotation":{"angle":0,"axis":"y","origin":[7.5,8.75,13.5]},"faces":{"east":{"uv":[0,0,10,11],"texture":"#2"},"west":{"uv":[0,0,10,11],"texture":"#2"}}}],"gui_light":"front","display":{"thirdperson_righthand":{"translation":[0,4.9,1.5],"scale":[0.6,0.6,0.6]},"thirdperson_lefthand":{"translation":[0,4.9,1.5],"scale":[0.6,0.6,0.6]},"firstperson_righthand":{"rotation":[6,0,0],"translation":[1.75,5,2.25],"scale":[0.26563,0.26563,0.26563]},"firstperson_lefthand":{"rotation":[6,0,0],"translation":[1.75,5,2.25],"scale":[0.26563,0.26563,0.26563]},"ground":{"rotation":[-45,0,0],"translation":[0,9,0],"scale":[0.4,0.4,0.4]},"gui":{"rotation":[-90,-45,-90],"translation":[1,0.75,-1.5],"scale":[0.46289,0.46289,0.46289]},"head":{"scale":[0,0,0]},"fixed":{"rotation":[-90,-90,-90],"translation":[0,5.25,-2],"scale":[1.3,1.3,1.3]}}}