{"credit":"MadewithBlockbench","texture_size":[128,128],"textures":{"0":"elitecreatures:seaturtle_animated_weapon_set/seaturtle_texture_01","1":"elitecreatures:seaturtle_animated_weapon_set/seaturtle_animation_01","2":"elitecreatures:seaturtle_animated_weapon_set/seaturtle_animation_02","3":"elitecreatures:seaturtle_animated_weapon_set/seaturtle_animation_03","particle":"elitecreatures:seaturtle_animated_weapon_set/seaturtle_texture_01"},"elements":[{"from":[7.5,0,8],"to":[11.5,10,13.5],"rotation":{"angle":0,"axis":"y","origin":[0,-1,0]},"faces":{"north":{"uv":[1,0,1.5,1.25],"texture":"#0"},"east":{"uv":[0,0,0.6875,1.25],"texture":"#0"},"south":{"uv":[1.5,1.375,1,2.625],"texture":"#0"},"west":{"uv":[0,0,0.6875,1.25],"texture":"#0"},"up":{"uv":[0,1.375,0.6875,1.875],"rotation":90,"texture":"#0"},"down":{"uv":[1.5,2.125,2.1875,1.625],"rotation":270,"texture":"#0"}}},{"from":[7.5,0,2.5],"to":[11.5,10,8],"rotation":{"angle":0,"axis":"y","origin":[0,-1,16]},"faces":{"north":{"uv":[1,1.375,1.5,2.625],"texture":"#0"},"east":{"uv":[0.3125,0,1,1.25],"texture":"#0"},"south":{"uv":[1.5,0,1,1.25],"texture":"#0"},"west":{"uv":[0.6875,0,0,1.25],"texture":"#0"},"up":{"uv":[0.6875,1.375,0,1.875],"rotation":90,"texture":"#0"},"down":{"uv":[2.1875,2.125,1.5,1.625],"rotation":270,"texture":"#0"}}},{"from":[7.5,10,3.5],"to":[11.5,14,12.5],"rotation":{"angle":0,"axis":"y","origin":[0,-1,0]},"faces":{"north":{"uv":[1,0,1.5,0.5],"texture":"#0"},"east":{"uv":[0,0,1.125,0.5],"texture":"#0"},"south":{"uv":[1.5,1.375,1,1.875],"texture":"#0"},"west":{"uv":[0,0,1.125,0.5],"texture":"#0"},"up":{"uv":[0,0.4375,1.125,0.9375],"rotation":90,"texture":"#0"},"down":{"uv":[0,0.4375,1.125,0.9375],"rotation":90,"texture":"#0"}}},{"from":[11.5,2,3.5],"to":[13.5,9,12.5],"rotation":{"angle":0,"axis":"y","origin":[0,-1,0]},"faces":{"north":{"uv":[1.1875,0.1875,1.4375,1.0625],"texture":"#0"},"east":{"uv":[0,0.125,1.125,1],"texture":"#0"},"south":{"uv":[1.4375,0.25,1.1875,1.125],"texture":"#0"},"west":{"uv":[0,0.125,1.125,1],"texture":"#0"},"up":{"uv":[0,1.375,1.125,1.625],"rotation":90,"texture":"#0"},"down":{"uv":[1.5,1.875,2.625,1.625],"rotation":270,"texture":"#0"}}},{"from":[12.2,11,4.5],"to":[12.2,16,9.5],"rotation":{"angle":0,"axis":"y","origin":[0,-1,0]},"faces":{"north":{"uv":[0,0,0,6],"texture":"#missing"},"east":{"uv":[1,15.375,1.625,16],"texture":"#0"},"south":{"uv":[0,0,0,6],"texture":"#missing"},"west":{"uv":[1.625,15.375,1,16],"texture":"#0"},"up":{"uv":[0,0,0,5],"texture":"#missing"},"down":{"uv":[0,0,0,5],"texture":"#missing"}}},{"from":[13.2,10,2.5],"to":[13.2,15,7.5],"rotation":{"angle":0,"axis":"y","origin":[0,-1,0]},"faces":{"north":{"uv":[0,0,0,6],"texture":"#missing"},"east":{"uv":[1.625,15.375,1,16],"texture":"#0"},"south":{"uv":[0,0,0,6],"texture":"#missing"},"west":{"uv":[1,15.375,1.625,16],"texture":"#0"},"up":{"uv":[0,0,0,5],"texture":"#missing"},"down":{"uv":[0,0,0,5],"texture":"#missing"}}},{"from":[13,12,6],"to":[13,17.5,11],"faces":{"east":{"uv":[0,0,10,11],"texture":"#2"},"west":{"uv":[0,0,10,11],"texture":"#2"}}},{"from":[11,8,14],"to":[11,12,19],"faces":{"east":{"uv":[9,2,4,6],"texture":"#3"},"west":{"uv":[4,2,9,6],"texture":"#3"}}},{"from":[11,16,-3],"to":[11,22,6],"rotation":{"angle":0,"axis":"y","origin":[0,0,16]},"faces":{"east":{"uv":[0,0,9,6],"texture":"#3"},"west":{"uv":[9,0,0,6],"texture":"#3"}}},{"from":[16,-1,8],"to":[16,5,17],"faces":{"east":{"uv":[9,0,0,6],"texture":"#3"},"west":{"uv":[0,0,9,6],"texture":"#3"}}},{"from":[12.75,5.64645,6],"to":[14.25,9.64645,10],"rotation":{"angle":45,"axis":"x","origin":[13.5,7.64645,8]},"faces":{"north":{"uv":[2.75,2.25,2.9375,2.75],"texture":"#0"},"east":{"uv":[2.25,2.25,2.75,2.75],"texture":"#0"},"south":{"uv":[2.75,2.25,2.9375,2.75],"texture":"#0"},"west":{"uv":[2.25,2.25,2.75,2.75],"texture":"#0"},"up":{"uv":[2.9375,2.25,3.125,2.75],"texture":"#0"},"down":{"uv":[2.9375,2.25,3.125,2.75],"texture":"#0"}}},{"from":[12,6.5,7],"to":[15,9,9.5],"rotation":{"angle":45,"axis":"x","origin":[13.5,8,8]},"faces":{"north":{"uv":[1.3125,3,1.6875,3.3125],"texture":"#0"},"east":{"uv":[1.3125,3,1,3.3125],"texture":"#0"},"south":{"uv":[1.3125,3,1.6875,3.3125],"texture":"#0"},"west":{"uv":[1,3,1.3125,3.3125],"texture":"#0"},"up":{"uv":[1.6875,3,2.0625,3.3125],"texture":"#0"},"down":{"uv":[1.6875,3,2.0625,3.3125],"texture":"#0"}}},{"from":[10,13,-1.5],"to":[10,22,7],"rotation":{"angle":45,"axis":"x","origin":[0,-1,0]},"faces":{"north":{"uv":[0,0,0,9],"texture":"#missing"},"east":{"uv":[2.9375,14.875,4,16],"texture":"#0"},"south":{"uv":[0,0,0,9],"texture":"#missing"},"west":{"uv":[4,14.875,2.9375,16],"texture":"#0"},"up":{"uv":[0,0,0,7],"texture":"#missing"},"down":{"uv":[0,0,0,7],"texture":"#missing"}}},{"from":[11.5,9,4.5],"to":[13.5,12,11.5],"rotation":{"angle":0,"axis":"y","origin":[0,-1,0]},"faces":{"north":{"uv":[1,0.4375,1.25,0.8125],"texture":"#0"},"east":{"uv":[0.0625,1.25,0.9375,1.625],"texture":"#0"},"south":{"uv":[1,0.4375,1.25,0.8125],"texture":"#0"},"west":{"uv":[0,0,0.875,0.375],"texture":"#0"},"up":{"uv":[0,1.375,0.875,1.625],"rotation":90,"texture":"#0"},"down":{"uv":[1.5,1.875,2.375,1.625],"rotation":270,"texture":"#0"}}},{"from":[6,-0.5,8],"to":[7.5,10,14],"rotation":{"angle":0,"axis":"y","origin":[0,-1,0]},"faces":{"north":{"uv":[2.625,0,2.8125,1.3125],"texture":"#0"},"east":{"uv":[1.5,0,2.25,1.3125],"texture":"#0"},"south":{"uv":[2.8125,0,2.625,1.3125],"texture":"#0"},"west":{"uv":[2.25,0,1.5,1.3125],"texture":"#0"},"up":{"uv":[1.5,1.4375,2.25,1.625],"rotation":90,"texture":"#0"},"down":{"uv":[1.5,1.4375,2.25,1.625],"rotation":90,"texture":"#0"}}},{"from":[6,-0.5,2],"to":[7.5,10,8],"rotation":{"angle":0,"axis":"y","origin":[0,-1,16]},"faces":{"north":{"uv":[2.625,0,2.8125,1.3125],"texture":"#0"},"east":{"uv":[2.25,0,1.5,1.3125],"texture":"#0"},"south":{"uv":[2.8125,0,2.625,1.3125],"texture":"#0"},"west":{"uv":[2.625,0,1.875,1.3125],"texture":"#0"},"up":{"uv":[2.25,1.4375,1.5,1.625],"rotation":90,"texture":"#0"},"down":{"uv":[2.25,1.4375,1.5,1.625],"rotation":90,"texture":"#0"}}},{"from":[6,10,3],"to":[7.5,14.5,13],"rotation":{"angle":0,"axis":"y","origin":[0,-1,0]},"faces":{"north":{"uv":[2.8125,1.25,2.625,0.6875],"texture":"#0"},"east":{"uv":[1.5,0,2.75,0.5625],"texture":"#0"},"south":{"uv":[2.8125,1.25,2.625,0.6875],"texture":"#0"},"west":{"uv":[1.5,0,2.75,0.5625],"texture":"#0"},"up":{"uv":[1.5,1.4375,2.75,1.625],"rotation":90,"texture":"#0"},"down":{"uv":[1.5,1.4375,2.75,1.625],"rotation":90,"texture":"#0"}}},{"from":[4,3,4.5],"to":[6,13,11.5],"rotation":{"angle":0,"axis":"y","origin":[0,-1,0]},"faces":{"north":{"uv":[0.75,1.875,1,2.875],"texture":"#0"},"east":{"uv":[0,1.875,0.875,3.125],"texture":"#0"},"south":{"uv":[1,1.875,0.75,2.875],"texture":"#0"},"west":{"uv":[0,1.875,0.75,2.875],"texture":"#0"},"up":{"uv":[0,2.875,0.75,3.125],"rotation":90,"texture":"#0"},"down":{"uv":[0.875,3.125,0,2.875],"rotation":270,"texture":"#0"}}},{"from":[17.5,10.2,1.5],"to":[22.5,10.2,6.5],"rotation":{"angle":-22.5,"axis":"z","origin":[4.5,18,-6]},"faces":{"north":{"uv":[4,0,0,0],"texture":"#missing"},"east":{"uv":[4,0,0,0],"texture":"#missing"},"south":{"uv":[1.1875,13.5,0.6875,13.5],"texture":"#0"},"west":{"uv":[4,0,0,0],"texture":"#missing"},"up":{"uv":[0,13.625,0.625,14.25],"rotation":90,"texture":"#0"},"down":{"uv":[0,14.25,0.625,13.625],"rotation":270,"texture":"#0"}}},{"from":[8.3,13.8,1.2],"to":[8.3,21.8,9.2],"rotation":{"angle":-22.5,"axis":"x","origin":[7.3,10,6.5]},"faces":{"north":{"uv":[0,0,0,6],"texture":"#missing"},"east":{"uv":[1,15,0,16],"texture":"#0"},"south":{"uv":[0,0,0,6],"texture":"#missing"},"west":{"uv":[0,15,1,16],"texture":"#0"},"up":{"uv":[0,0,0,5],"texture":"#missing"},"down":{"uv":[0,0,0,5],"texture":"#missing"}}},{"from":[10.3,10.8,-0.8],"to":[10.3,18.8,7.2],"rotation":{"angle":-22.5,"axis":"x","origin":[7.3,10,6.5]},"faces":{"north":{"uv":[0,0,0,6],"texture":"#missing"},"east":{"uv":[0,15,1,16],"texture":"#0"},"south":{"uv":[0,0,0,6],"texture":"#missing"},"west":{"uv":[1,15,0,16],"texture":"#0"},"up":{"uv":[0,0,0,5],"texture":"#missing"},"down":{"uv":[0,0,0,5],"texture":"#missing"}}},{"from":[11.6,12,5.5],"to":[11.6,21,13.5],"rotation":{"angle":0,"axis":"y","origin":[0,-1,0]},"faces":{"north":{"uv":[0,0,0,6],"texture":"#missing"},"east":{"uv":[2.8125,14.875,1.8125,16],"texture":"#0"},"south":{"uv":[0,0,0,6],"texture":"#missing"},"west":{"uv":[1.8125,14.875,2.8125,16],"texture":"#0"},"up":{"uv":[0,0,0,5],"texture":"#missing"},"down":{"uv":[0,0,0,5],"texture":"#missing"}}},{"from":[9.3,13,6],"to":[9.3,20,13],"rotation":{"angle":22.5,"axis":"x","origin":[8.3,9.5,10.5]},"faces":{"north":{"uv":[0,0,0,7],"texture":"#missing"},"east":{"uv":[4.1875,15.125,5.0625,16],"texture":"#0"},"south":{"uv":[0,0,0,7],"texture":"#missing"},"west":{"uv":[5.0625,15.125,4.1875,16],"texture":"#0"},"up":{"uv":[0,0,0,7],"texture":"#missing"},"down":{"uv":[0,0,0,7],"texture":"#missing"}}},{"from":[11.3,13,0],"to":[11.3,20,7],"rotation":{"angle":-45,"axis":"x","origin":[8.3,9.5,10.5]},"faces":{"north":{"uv":[0,0,0,7],"texture":"#missing"},"east":{"uv":[4.1875,15.125,5.0625,16],"texture":"#0"},"south":{"uv":[0,0,0,7],"texture":"#missing"},"west":{"uv":[5.0625,15.125,4.1875,16],"texture":"#0"},"up":{"uv":[0,0,0,7],"texture":"#missing"},"down":{"uv":[0,0,0,7],"texture":"#missing"}}},{"from":[9.3,15,4],"to":[9.3,22,11],"rotation":{"angle":-45,"axis":"x","origin":[8.3,9.5,10.5]},"faces":{"north":{"uv":[0,0,0,7],"texture":"#missing"},"east":{"uv":[4.1875,15.125,5.0625,16],"texture":"#0"},"south":{"uv":[0,0,0,7],"texture":"#missing"},"west":{"uv":[5.0625,15.125,4.1875,16],"texture":"#0"},"up":{"uv":[0,0,0,7],"texture":"#missing"},"down":{"uv":[0,0,0,7],"texture":"#missing"}}},{"from":[16.5,9.2,0.5],"to":[21.5,9.2,5.5],"rotation":{"angle":-22.5,"axis":"z","origin":[4.5,18,-6]},"faces":{"north":{"uv":[4,0,0,0],"texture":"#missing"},"east":{"uv":[1.1875,13.5,0.6875,13.5],"texture":"#0"},"south":{"uv":[4,0,0,0],"texture":"#missing"},"west":{"uv":[4,0,0,0],"texture":"#missing"},"up":{"uv":[0,14.25,0.625,13.625],"rotation":180,"texture":"#0"},"down":{"uv":[0,13.625,0.625,14.25],"rotation":180,"texture":"#0"}}},{"from":[17.5,10,1.5],"to":[22.5,10,6.5],"rotation":{"angle":-22.5,"axis":"z","origin":[4.5,18,-6]},"faces":{"north":{"uv":[4,0,0,0],"texture":"#missing"},"east":{"uv":[4,0,0,0],"texture":"#missing"},"south":{"uv":[1.1875,13.5,0.6875,13.5],"texture":"#0"},"west":{"uv":[4,0,0,0],"texture":"#missing"},"up":{"uv":[0,13.625,0.625,14.25],"rotation":90,"texture":"#0"},"down":{"uv":[0,14.25,0.625,13.625],"rotation":270,"texture":"#0"}}},{"from":[20.5,14.2,3.5],"to":[25.5,14.2,8.5],"rotation":{"angle":-45,"axis":"z","origin":[4.5,18,-6]},"faces":{"north":{"uv":[4,0,0,0],"texture":"#missing"},"east":{"uv":[4,0,0,0],"texture":"#missing"},"south":{"uv":[1.1875,13.5,0.6875,13.5],"texture":"#0"},"west":{"uv":[4,0,0,0],"texture":"#missing"},"up":{"uv":[0,13.625,0.625,14.25],"rotation":90,"texture":"#0"},"down":{"uv":[0,14.25,0.625,13.625],"rotation":270,"texture":"#0"}}},{"from":[20.5,14,3.5],"to":[25.5,14,8.5],"rotation":{"angle":-45,"axis":"z","origin":[4.5,18,-6]},"faces":{"north":{"uv":[4,0,0,0],"texture":"#missing"},"east":{"uv":[4,0,0,0],"texture":"#missing"},"south":{"uv":[1.1875,13.5,0.6875,13.5],"texture":"#0"},"west":{"uv":[4,0,0,0],"texture":"#missing"},"up":{"uv":[0,13.625,0.625,14.25],"rotation":90,"texture":"#0"},"down":{"uv":[0,14.25,0.625,13.625],"rotation":270,"texture":"#0"}}},{"from":[16.5,9,0.5],"to":[21.5,9,5.5],"rotation":{"angle":-22.5,"axis":"z","origin":[4.5,18,-6]},"faces":{"north":{"uv":[4,0,0,0],"texture":"#missing"},"east":{"uv":[1.1875,13.5,0.6875,13.5],"texture":"#0"},"south":{"uv":[4,0,0,0],"texture":"#missing"},"west":{"uv":[4,0,0,0],"texture":"#missing"},"up":{"uv":[0,14.25,0.625,13.625],"rotation":180,"texture":"#0"},"down":{"uv":[0,13.625,0.625,14.25],"rotation":180,"texture":"#0"}}},{"from":[8,12.2,17],"to":[13,12.2,22],"rotation":{"angle":22.5,"axis":"x","origin":[4.5,18,-3]},"faces":{"north":{"uv":[4,0,0,0],"texture":"#missing"},"east":{"uv":[4,0,0,0],"texture":"#missing"},"south":{"uv":[4,0,0,0],"texture":"#missing"},"west":{"uv":[1.1875,13.5,0.6875,13.5],"texture":"#0"},"up":{"uv":[0,13.625,0.625,14.25],"rotation":180,"texture":"#0"},"down":{"uv":[0,14.25,0.625,13.625],"rotation":180,"texture":"#0"}}},{"from":[8,12,17],"to":[13,12,22],"rotation":{"angle":22.5,"axis":"x","origin":[4.5,18,-3]},"faces":{"north":{"uv":[4,0,0,0],"texture":"#missing"},"east":{"uv":[4,0,0,0],"texture":"#missing"},"south":{"uv":[4,0,0,0],"texture":"#missing"},"west":{"uv":[1.1875,13.5,0.6875,13.5],"texture":"#0"},"up":{"uv":[0,13.625,0.625,14.25],"rotation":180,"texture":"#0"},"down":{"uv":[0,14.25,0.625,13.625],"rotation":180,"texture":"#0"}}},{"from":[10,11.2,16],"to":[15,11.2,21],"rotation":{"angle":22.5,"axis":"x","origin":[4.5,18,-3]},"faces":{"north":{"uv":[4,0,0,0],"texture":"#missing"},"east":{"uv":[4,0,0,0],"texture":"#missing"},"south":{"uv":[1.1875,13.5,0.6875,13.5],"texture":"#0"},"west":{"uv":[4,0,0,0],"texture":"#missing"},"up":{"uv":[0,14.25,0.625,13.625],"rotation":270,"texture":"#0"},"down":{"uv":[0,13.625,0.625,14.25],"rotation":90,"texture":"#0"}}},{"from":[10,11,16],"to":[15,11,21],"rotation":{"angle":22.5,"axis":"x","origin":[4.5,18,-3]},"faces":{"north":{"uv":[4,0,0,0],"texture":"#missing"},"east":{"uv":[4,0,0,0],"texture":"#missing"},"south":{"uv":[1.1875,13.5,0.6875,13.5],"texture":"#0"},"west":{"uv":[4,0,0,0],"texture":"#missing"},"up":{"uv":[0,14.25,0.625,13.625],"rotation":270,"texture":"#0"},"down":{"uv":[0,13.625,0.625,14.25],"rotation":90,"texture":"#0"}}},{"from":[17,11.2,8],"to":[21,11.2,12],"rotation":{"angle":-22.5,"axis":"z","origin":[4,17.1,19]},"faces":{"north":{"uv":[0.6875,13.5,1.1875,13.5],"texture":"#0"},"east":{"uv":[0,0,4,0],"texture":"#missing"},"south":{"uv":[0,0,4,0],"texture":"#missing"},"west":{"uv":[0,0,4,0],"texture":"#missing"},"up":{"uv":[0,14.3125,0.5,14.8125],"rotation":90,"texture":"#0"},"down":{"uv":[0,14.3125,0.5,14.8125],"rotation":270,"texture":"#0"}}},{"from":[16,12,10],"to":[20,12,14],"rotation":{"angle":-22.5,"axis":"z","origin":[4,17.1,19]},"faces":{"north":{"uv":[0.6875,13.5,1.1875,13.5],"texture":"#0"},"east":{"uv":[0,0,4,0],"texture":"#missing"},"south":{"uv":[0,0,4,0],"texture":"#missing"},"west":{"uv":[0,0,4,0],"texture":"#missing"},"up":{"uv":[0,14.3125,0.5,14.8125],"rotation":90,"texture":"#0"},"down":{"uv":[0,14.3125,0.5,14.8125],"rotation":270,"texture":"#0"}}},{"from":[16,12.2,10],"to":[20,12.2,14],"rotation":{"angle":-22.5,"axis":"z","origin":[4,17.1,19]},"faces":{"north":{"uv":[0.6875,13.5,1.1875,13.5],"texture":"#0"},"east":{"uv":[0,0,4,0],"texture":"#missing"},"south":{"uv":[0,0,4,0],"texture":"#missing"},"west":{"uv":[0,0,4,0],"texture":"#missing"},"up":{"uv":[0,14.3125,0.5,14.8125],"rotation":90,"texture":"#0"},"down":{"uv":[0,14.3125,0.5,14.8125],"rotation":270,"texture":"#0"}}},{"from":[8,12.2,-4.7],"to":[12,12.2,-0.7],"rotation":{"angle":-22.5,"axis":"x","origin":[4,17.1,19]},"faces":{"north":{"uv":[0.6875,13.5,1.1875,13.5],"texture":"#0"},"east":{"uv":[0,0,4,0],"texture":"#missing"},"south":{"uv":[0,0,4,0],"texture":"#missing"},"west":{"uv":[0,0,4,0],"texture":"#missing"},"up":{"uv":[0,14.3125,0.5,14.8125],"rotation":90,"texture":"#0"},"down":{"uv":[0,14.3125,0.5,14.8125],"rotation":270,"texture":"#0"}}},{"from":[8,12,-4.7],"to":[12,12,-0.7],"rotation":{"angle":-22.5,"axis":"x","origin":[4,17.1,19]},"faces":{"north":{"uv":[0.6875,13.5,1.1875,13.5],"texture":"#0"},"east":{"uv":[0,0,4,0],"texture":"#missing"},"south":{"uv":[0,0,4,0],"texture":"#missing"},"west":{"uv":[0,0,4,0],"texture":"#missing"},"up":{"uv":[0,14.3125,0.5,14.8125],"rotation":90,"texture":"#0"},"down":{"uv":[0,14.3125,0.5,14.8125],"rotation":270,"texture":"#0"}}},{"from":[10.5,5.2,17],"to":[14.5,5.2,21],"rotation":{"angle":22.5,"axis":"x","origin":[4,17.1,19]},"faces":{"north":{"uv":[0,0,4,0],"texture":"#missing"},"east":{"uv":[0,0,4,0],"texture":"#missing"},"south":{"uv":[0,0,4,0],"texture":"#missing"},"west":{"uv":[0.6875,13.5,1.1875,13.5],"texture":"#0"},"up":{"uv":[0,14.3125,0.5,14.8125],"texture":"#0"},"down":{"uv":[0,14.3125,0.5,14.8125],"texture":"#0"}}},{"from":[10.5,5,17],"to":[14.5,5,21],"rotation":{"angle":22.5,"axis":"x","origin":[4,17.1,19]},"faces":{"north":{"uv":[0,0,4,0],"texture":"#missing"},"east":{"uv":[0,0,4,0],"texture":"#missing"},"south":{"uv":[0,0,4,0],"texture":"#missing"},"west":{"uv":[0.6875,13.5,1.1875,13.5],"texture":"#0"},"up":{"uv":[0,14.3125,0.5,14.8125],"texture":"#0"},"down":{"uv":[0,14.3125,0.5,14.8125],"texture":"#0"}}},{"from":[17,11,8],"to":[21,11,12],"rotation":{"angle":-22.5,"axis":"z","origin":[4,17.1,19]},"faces":{"north":{"uv":[0.6875,13.5,1.1875,13.5],"texture":"#0"},"east":{"uv":[0,0,4,0],"texture":"#missing"},"south":{"uv":[0,0,4,0],"texture":"#missing"},"west":{"uv":[0,0,4,0],"texture":"#missing"},"up":{"uv":[0,14.3125,0.5,14.8125],"rotation":90,"texture":"#0"},"down":{"uv":[0,14.3125,0.5,14.8125],"rotation":270,"texture":"#0"}}},{"from":[15,8,5],"to":[15,19,11],"faces":{"north":{"uv":[0,0,0,11],"texture":"#1"},"east":{"uv":[6,0,0,11],"texture":"#1"},"south":{"uv":[0,0,0,11],"texture":"#1"},"west":{"uv":[0,0,6,11],"texture":"#1"},"up":{"uv":[0,6,0,0],"texture":"#1"},"down":{"uv":[0,0,0,6],"texture":"#1"}}},{"from":[10,15,11],"to":[10,26,17],"faces":{"north":{"uv":[0,0,0,11],"texture":"#1"},"east":{"uv":[6,0,0,11],"texture":"#1"},"south":{"uv":[0,0,0,11],"texture":"#1"},"west":{"uv":[0,0,6,11],"texture":"#1"},"up":{"uv":[0,6,0,0],"texture":"#1"},"down":{"uv":[0,0,0,6],"texture":"#1"}}},{"from":[10,8,-3],"to":[10,19,3],"faces":{"north":{"uv":[0,0,0,11],"texture":"#1"},"east":{"uv":[0,0,6,11],"texture":"#1"},"south":{"uv":[0,0,0,11],"texture":"#1"},"west":{"uv":[6,0,0,11],"texture":"#1"},"up":{"uv":[0,6,0,0],"texture":"#1"},"down":{"uv":[0,0,0,6],"texture":"#1"}}}],"gui_light":"front","display":{"thirdperson_righthand":{"rotation":[67.5,90,0],"translation":[0,1.5,-0.25],"scale":[0.37695,0.37695,0.37695]},"thirdperson_lefthand":{"rotation":[67.56,90,0],"translation":[-6,-8.5,9.75]},"firstperson_righthand":{"rotation":[0,90,0],"translation":[0.25,4.25,2.25],"scale":[0.38281,0.38281,0.38281]},"firstperson_lefthand":{"translation":[6.5,0,0],"scale":[0,0,0]},"ground":{"translation":[0,9,0],"scale":[0.7,0.7,0.7]},"gui":{"rotation":[180,-90,180],"translation":[0.25,-1.5,-1.5],"scale":[0.66797,0.66797,0.66797]},"head":{"scale":[0,0,0]},"fixed":{"rotation":[0,90,0],"translation":[0,2,-6.25],"scale":[2,2,2]}}}