{"credit":"Made with Blockbench by yungwilder","texture_size":[32,32],"textures":{"1":"independenceset:fireworks_animation","2":"independenceset:independence_axe","particle":"independenceset:independence_axe"},"elements":[{"from":[5.5,17.5,7],"to":[7.5,21.5,9],"rotation":{"angle":0,"axis":"y","origin":[9,19,8]},"faces":{"north":{"uv":[3.5,7,2.5,9],"texture":"#2"},"east":{"uv":[6.5,8.5,5.5,10.5],"texture":"#2"},"south":{"uv":[5.5,8.5,4.5,10.5],"texture":"#2"},"west":{"uv":[2,8.5,1,10.5],"texture":"#2"},"up":{"uv":[7.5,10,8.5,9],"texture":"#2"},"down":{"uv":[9,8,10,9],"texture":"#2"}}},{"from":[6.5,0,6.75],"to":[9.5,3,9.25],"rotation":{"angle":45,"axis":"z","origin":[8,1.5,8]},"faces":{"north":{"uv":[1,7,2.5,8.5],"texture":"#2"},"east":{"uv":[4.5,7,6,8.5],"texture":"#2"},"south":{"uv":[7.5,0,9,1.5],"texture":"#2"},"west":{"uv":[7.5,1.5,9,3],"texture":"#2"},"up":{"uv":[9,4.5,7.5,3],"texture":"#2"},"down":{"uv":[9,4.5,7.5,6],"texture":"#2"}}},{"from":[7,2.5,7],"to":[9,9.5,9],"rotation":{"angle":0,"axis":"y","origin":[8,1.5,8]},"faces":{"north":{"uv":[3.5,3,4.5,6.5],"texture":"#2"},"east":{"uv":[4.5,0,5.5,3.5],"texture":"#2"},"south":{"uv":[4.5,3.5,5.5,7],"texture":"#2"},"west":{"uv":[5.5,0,6.5,3.5],"texture":"#2"},"up":{"uv":[10,5,9,4],"texture":"#2"},"down":{"uv":[10,5,9,6],"texture":"#2"}}},{"from":[7,9.5,7],"to":[9,16.5,9],"rotation":{"angle":0,"axis":"y","origin":[8,1.5,8]},"faces":{"north":{"uv":[5.5,3.5,6.5,7],"texture":"#2"},"east":{"uv":[0,6,1,9.5],"texture":"#2"},"south":{"uv":[6.5,0,7.5,3.5],"texture":"#2"},"west":{"uv":[3.5,6.5,4.5,10],"texture":"#2"},"up":{"uv":[10,7,9,6],"texture":"#2"},"down":{"uv":[10,7,9,8],"texture":"#2"}}},{"from":[6.5,16.5,6.5],"to":[9.5,22.5,9.5],"faces":{"north":{"uv":[0,0,1.5,3],"texture":"#2"},"east":{"uv":[1.5,0,3,3],"texture":"#2"},"south":{"uv":[0,3,1.5,6],"texture":"#2"},"west":{"uv":[3,0,4.5,3],"texture":"#2"},"up":{"uv":[9,7.5,7.5,6],"texture":"#2"},"down":{"uv":[9,7.5,7.5,9],"texture":"#2"}}},{"from":[9.5,16.5,7.5],"to":[11.5,22.5,8.5],"rotation":{"angle":0,"axis":"z","origin":[12,18,7]},"faces":{"north":{"uv":[7.5,3.5,6.5,6.5],"texture":"#2"},"east":{"uv":[3.5,9,3,12],"texture":"#2"},"south":{"uv":[7.5,6.5,6.5,9.5],"texture":"#2"},"west":{"uv":[3,9,2.5,12],"texture":"#2"},"up":{"uv":[8.5,9.5,9.5,9],"texture":"#2"},"down":{"uv":[0,9.5,1,10],"texture":"#2"}}},{"from":[11.5,14.5,7.5],"to":[13.5,22.5,8.5],"rotation":{"angle":0,"axis":"z","origin":[12,18,7]},"faces":{"north":{"uv":[2.5,3,1.5,7],"texture":"#2"},"east":{"uv":[9.5,0,9,4],"texture":"#2"},"south":{"uv":[3.5,3,2.5,7],"texture":"#2"},"west":{"uv":[2.5,8.5,2,12.5],"texture":"#2"},"up":{"uv":[9.5,0.5,10.5,0],"texture":"#2"},"down":{"uv":[9.5,0.5,10.5,1],"texture":"#2"}}},{"from":[0,16,6],"to":[16,32,10],"faces":{"north":{"uv":[0,0,16,16],"texture":"#1"},"south":{"uv":[16,0,0,16],"texture":"#1"}}}],"gui_light":"front","display":{"thirdperson_righthand":{"rotation":[0,90,0],"translation":[0,0,1.5],"scale":[0.9,0.9,0.9]},"thirdperson_lefthand":{"rotation":[0,-90,0],"translation":[0,0,1.5],"scale":[0.9,0.9,0.9]},"firstperson_righthand":{"rotation":[-20,105,0],"scale":[0.65,0.65,0.65]},"firstperson_lefthand":{"rotation":[-20,105,0],"scale":[0.65,0.65,0.65]},"ground":{"rotation":[45,0,0],"scale":[0.35,0.35,0.35]},"gui":{"rotation":[20,-20,-45],"translation":[-2.5,-2.5,0],"scale":[0.65,0.65,0.65]},"head":{"rotation":[0,0,-125],"translation":[-4,14,0]},"fixed":{"rotation":[0,0,45],"translation":[4,-4,-1],"scale":[0.8,0.8,0.8]}}}