{"credit":"Made with Blockbench by yungwilder","texture_size":[32,32],"textures":{"1":"independenceset:fireworks_animation","particle":"independenceset:independence_shield","5_0":"independenceset:independence_shield"},"elements":[{"from":[0,10,7],"to":[16,26,9],"faces":{"north":{"uv":[0,0,16,16],"texture":"#1"},"south":{"uv":[0,0,16,16],"texture":"#1"}}},{"from":[4.5,1,7.5],"to":[11.5,16,8.5],"faces":{"north":{"uv":[0,0,3.5,7.5],"texture":"#5_0"},"east":{"uv":[3,7.5,3.5,15],"texture":"#5_0"},"south":{"uv":[3.5,0,7,7.5],"texture":"#5_0"},"west":{"uv":[3.5,7.5,4,15],"texture":"#5_0"},"up":{"uv":[7.5,8,4,7.5],"texture":"#5_0"},"down":{"uv":[11,7.5,7.5,8],"texture":"#5_0"}}},{"from":[3.10233,1,5.79917],"to":[5.10233,16,7.79917],"rotation":{"angle":22.5,"axis":"y","origin":[8,8,8.41363]},"faces":{"north":{"uv":[7,0,8,7.5],"texture":"#5_0"},"east":{"uv":[0,7.5,1,15],"texture":"#5_0"},"south":{"uv":[1,7.5,2,15],"texture":"#5_0"},"west":{"uv":[2,7.5,3,15],"texture":"#5_0"},"up":{"uv":[5,9,4,8],"texture":"#5_0"},"down":{"uv":[9,4,8,5],"texture":"#5_0"}}},{"from":[2.5,7,10],"to":[4.5,9,12],"rotation":{"angle":22.5,"axis":"y","origin":[2.16667,11,8]},"faces":{"north":{"uv":[7,9,8,10],"texture":"#5_0"},"east":{"uv":[8,9,9,10],"texture":"#5_0"},"south":{"uv":[9,8,10,9],"texture":"#5_0"},"west":{"uv":[9,9,10,10],"texture":"#5_0"},"up":{"uv":[5,11,4,10],"texture":"#5_0"},"down":{"uv":[11,4,10,5],"texture":"#5_0"}}},{"from":[10.89767,1,5.79917],"to":[12.89767,16,7.79917],"rotation":{"angle":-22.5,"axis":"y","origin":[8,8,8.41363]},"faces":{"north":{"uv":[8,0,7,7.5],"texture":"#5_0"},"east":{"uv":[3,7.5,2,15],"texture":"#5_0"},"south":{"uv":[2,7.5,1,15],"texture":"#5_0"},"west":{"uv":[1,7.5,0,15],"texture":"#5_0"},"up":{"uv":[4,9,5,8],"texture":"#5_0"},"down":{"uv":[8,4,9,5],"texture":"#5_0"}}},{"from":[11.5,7,10],"to":[13.5,9,12],"rotation":{"angle":-22.5,"axis":"y","origin":[13.83333,11,8]},"faces":{"north":{"uv":[8,9,7,10],"texture":"#5_0"},"east":{"uv":[10,9,9,10],"texture":"#5_0"},"south":{"uv":[10,8,9,9],"texture":"#5_0"},"west":{"uv":[9,9,8,10],"texture":"#5_0"},"up":{"uv":[4,11,5,10],"texture":"#5_0"},"down":{"uv":[10,4,11,5],"texture":"#5_0"}}},{"from":[4.99318,7.5,9.99603],"to":[10.99318,8.5,10.99603],"rotation":{"angle":0,"axis":"y","origin":[9.60568,8,9.49603]},"faces":{"north":{"uv":[8,0,11,0.5],"texture":"#5_0"},"east":{"uv":[8,7,8.5,7.5],"texture":"#5_0"},"south":{"uv":[8,0.5,11,1],"texture":"#5_0"},"west":{"uv":[8.5,7,9,7.5],"texture":"#5_0"},"up":{"uv":[11,1.5,8,1],"texture":"#5_0"},"down":{"uv":[11,1.5,8,2],"texture":"#5_0"}}}],"gui_light":"front","display":{"thirdperson_righthand":{"rotation":[15,-60,0],"translation":[2,-2,0]},"thirdperson_lefthand":{"rotation":[15,-60,0],"translation":[2,-2,0]},"firstperson_righthand":{"translation":[0,-3.5,0],"scale":[0.8,0.8,0.8]},"firstperson_lefthand":{"translation":[0,-3.5,0],"scale":[0.8,0.8,0.8]},"ground":{"rotation":[45,0,0],"scale":[0.45,0.45,0.45]},"gui":{"rotation":[15,-160,0],"translation":[0,-2.5,0],"scale":[0.65,0.65,0.65]},"head":{"rotation":[70,0,0],"translation":[0,9.5,0]},"fixed":{"translation":[0,-3.5,-2.5],"scale":[0.85,0.85,0.85]}}}