{"credit":"Made with Blockbench by yungwilder","texture_size":[32,32],"textures":{"1":"independenceset:fireworks_animation","particle":"independenceset:independence_shovel","6_2":"independenceset:independence_shovel"},"elements":[{"from":[6,24.5,7.5],"to":[10,25.5,8.5],"rotation":{"angle":0,"axis":"y","origin":[8,0.5,8]},"faces":{"north":{"uv":[8.5,5,10.5,5.5],"texture":"#6_2"},"east":{"uv":[8.5,6.5,9,7],"texture":"#6_2"},"south":{"uv":[5.5,8.5,7.5,9],"texture":"#6_2"},"west":{"uv":[8.5,8,9,8.5],"texture":"#6_2"},"up":{"uv":[10.5,6,8.5,5.5],"texture":"#6_2"},"down":{"uv":[10.5,6,8.5,6.5],"texture":"#6_2"}}},{"from":[6.5,0,6.75],"to":[9.5,3,9.25],"rotation":{"angle":45,"axis":"z","origin":[8,1.5,8]},"faces":{"north":{"uv":[7,1,8.5,2.5],"texture":"#6_2"},"east":{"uv":[7,2.5,8.5,4],"texture":"#6_2"},"south":{"uv":[7,4,8.5,5.5],"texture":"#6_2"},"west":{"uv":[7,5.5,8.5,7],"texture":"#6_2"},"up":{"uv":[7.5,8.5,6,7],"texture":"#6_2"},"down":{"uv":[4.5,7.5,3,9],"texture":"#6_2"}}},{"from":[7,2.5,7],"to":[9,9.5,9],"rotation":{"angle":0,"axis":"y","origin":[8,1.5,8]},"faces":{"north":{"uv":[3,3,4,6.5],"texture":"#6_2"},"east":{"uv":[4,3,5,6.5],"texture":"#6_2"},"south":{"uv":[5,3,6,6.5],"texture":"#6_2"},"west":{"uv":[0,6,1,9.5],"texture":"#6_2"},"up":{"uv":[9.5,3,8.5,2],"texture":"#6_2"},"down":{"uv":[9.5,3,8.5,4],"texture":"#6_2"}}},{"from":[7,9.5,7],"to":[9,16.5,9],"rotation":{"angle":0,"axis":"y","origin":[8,1.5,8]},"faces":{"north":{"uv":[6,0,7,3.5],"texture":"#6_2"},"east":{"uv":[1,6,2,9.5],"texture":"#6_2"},"south":{"uv":[2,6,3,9.5],"texture":"#6_2"},"west":{"uv":[6,3.5,7,7],"texture":"#6_2"},"up":{"uv":[9.5,5,8.5,4],"texture":"#6_2"},"down":{"uv":[5.5,8.5,4.5,9.5],"texture":"#6_2"}}},{"from":[5,16.5,6.5],"to":[11,18.5,9.5],"rotation":{"angle":0,"axis":"y","origin":[8,0.5,8]},"faces":{"north":{"uv":[3,6.5,6,7.5],"texture":"#6_2"},"east":{"uv":[4.5,7.5,6,8.5],"texture":"#6_2"},"south":{"uv":[7,0,10,1],"texture":"#6_2"},"west":{"uv":[7.5,7,9,8],"texture":"#6_2"},"up":{"uv":[6,1.5,3,0],"texture":"#6_2"},"down":{"uv":[6,1.5,3,3],"texture":"#6_2"}}},{"from":[5,18.5,7.5],"to":[11,24.5,8.5],"rotation":{"angle":0,"axis":"y","origin":[8,0.5,8]},"faces":{"north":{"uv":[0,0,3,3],"texture":"#6_2"},"east":{"uv":[7.5,8,8,11],"texture":"#6_2"},"south":{"uv":[0,3,3,6],"texture":"#6_2"},"west":{"uv":[8,8,8.5,11],"texture":"#6_2"},"up":{"uv":[11.5,1.5,8.5,1],"texture":"#6_2"},"down":{"uv":[11.5,1.5,8.5,2],"texture":"#6_2"}}},{"from":[0,16,6],"to":[16,32,10],"faces":{"north":{"uv":[0,0,16,16],"texture":"#1"},"south":{"uv":[16,0,0,16],"texture":"#1"}}}],"gui_light":"front","display":{"thirdperson_righthand":{"rotation":[0,90,0],"translation":[0,-1,1],"scale":[0.9,0.9,0.9]},"thirdperson_lefthand":{"rotation":[0,-90,0],"translation":[0,-1,1],"scale":[0.9,0.9,0.9]},"firstperson_righthand":{"rotation":[-15,105,0],"translation":[0,2,0],"scale":[0.7,0.7,0.7]},"firstperson_lefthand":{"rotation":[-15,105,0],"translation":[0,2,0],"scale":[0.7,0.7,0.7]},"ground":{"rotation":[45,0,0],"scale":[0.35,0.35,0.35]},"gui":{"rotation":[20,-20,-45],"translation":[-3,-3,0],"scale":[0.7,0.7,0.7]},"head":{"rotation":[0,0,65],"translation":[17.25,3,0]},"fixed":{"rotation":[0,0,45],"translation":[3.5,-3.5,-1],"scale":[0.8,0.8,0.8]}}}