{"credit":"Made by PolygonMC","textures":{"0":"ufoset:bow","1":"ufoset:animations/animations_axe","particle":"ufoset:bow"},"elements":[{"from":[7.5,6,7.5],"to":[8.5,10,8.5],"rotation":{"angle":0,"axis":"y","origin":[7.5,7,7.5]},"faces":{"north":{"uv":[6.66667,0,6,2.66667],"texture":"#0"},"east":{"uv":[6,0,6.66667,2.66667],"texture":"#0"},"south":{"uv":[6.66667,0,6,2.66667],"texture":"#0"},"west":{"uv":[6,0,6.66667,2.66667],"texture":"#0"}}},{"from":[8.5,7,4.5],"to":[9,9,6],"rotation":{"angle":-45,"axis":"z","origin":[8,8,5.25]},"faces":{"north":{"uv":[6,10,6.33333,11.33333],"texture":"#0"},"east":{"uv":[6,5.33333,7,6.66667],"texture":"#0"},"south":{"uv":[10,6.66667,10.33333,8],"texture":"#0"},"west":{"uv":[6.66667,0,7.66667,1.33333],"texture":"#0"},"up":{"uv":[1,11.66667,0.66667,10.66667],"texture":"#0"},"down":{"uv":[1.66667,10.66667,1.33333,11.66667],"texture":"#0"}}},{"from":[7.5,8.5,4.5],"to":[8.5,9,6],"rotation":{"angle":-45,"axis":"z","origin":[8,8,5.25]},"faces":{"north":{"uv":[10.66667,2.66667,11.33333,3],"texture":"#0"},"south":{"uv":[3.33333,10.66667,4,11],"texture":"#0"},"up":{"uv":[7.33333,10.33333,6.66667,9.33333],"texture":"#0"},"down":{"uv":[10,6.66667,9.33333,7.66667],"texture":"#0"}}},{"from":[7.5,7,4.5],"to":[8.5,7.5,6],"rotation":{"angle":-45,"axis":"z","origin":[8,8,5.25]},"faces":{"north":{"uv":[10.66667,3.33333,11.33333,3.66667],"texture":"#0"},"south":{"uv":[10.66667,4,11.33333,4.33333],"texture":"#0"},"up":{"uv":[8,10.33333,7.33333,9.33333],"texture":"#0"},"down":{"uv":[8.66667,9.33333,8,10.33333],"texture":"#0"}}},{"from":[7,7,4.5],"to":[7.5,9,6],"rotation":{"angle":-45,"axis":"z","origin":[8,8,5.25]},"faces":{"north":{"uv":[8.66667,10,9,11.33333],"texture":"#0"},"east":{"uv":[6.66667,1.33333,7.66667,2.66667],"texture":"#0"},"south":{"uv":[9.33333,10,9.66667,11.33333],"texture":"#0"},"west":{"uv":[6,6.66667,7,8],"texture":"#0"},"up":{"uv":[2.33333,11.66667,2,10.66667],"texture":"#0"},"down":{"uv":[3,10.66667,2.66667,11.66667],"texture":"#0"}}},{"from":[7.4,10.45,6.75],"to":[8.6,12.45,8.75],"rotation":{"angle":22.5,"axis":"x","origin":[7.5,11.45,7.75]},"faces":{"north":{"uv":[8.66667,4,9.33333,5.33333],"texture":"#0"},"east":{"uv":[6,2.66667,7.33333,4],"texture":"#0"},"south":{"uv":[8.66667,5.33333,9.33333,6.66667],"texture":"#0"},"west":{"uv":[6,4,7.33333,5.33333],"texture":"#0"},"up":{"uv":[9.33333,8,8.66667,6.66667],"texture":"#0"},"down":{"uv":[4.66667,12.33333,4,13.66667],"texture":"#0"}}},{"from":[7.15,10.7,7],"to":[8.85,12.2,8.5],"rotation":{"angle":22.5,"axis":"x","origin":[7.5,11.45,7.75]},"faces":{"north":{"uv":[7.33333,2.66667,8.33333,3.66667],"texture":"#0"},"east":{"uv":[11.66667,8,12.66667,9],"texture":"#0"},"south":{"uv":[7.33333,4,8.33333,5],"texture":"#0"},"west":{"uv":[7.33333,5.33333,8.33333,6.33333],"texture":"#0"},"up":{"uv":[8.33333,7.66667,7.33333,6.66667],"texture":"#0"},"down":{"uv":[9,0,8,1],"texture":"#0"}}},{"from":[7.25,10,7.25],"to":[8.75,10.75,8.75],"rotation":{"angle":0,"axis":"y","origin":[7.5,5,7.5]},"faces":{"north":{"uv":[10,0.66667,11,1.33333],"texture":"#0"},"east":{"uv":[10,1.33333,11,2],"texture":"#0"},"south":{"uv":[2,10,3,10.66667],"texture":"#0"},"west":{"uv":[10,2,11,2.66667],"texture":"#0"},"up":{"uv":[7.66667,9,6.66667,8],"texture":"#0"},"down":{"uv":[9,8,8,9],"texture":"#0"}}},{"from":[7.5,12.2695,8.51342],"to":[8.5,14.2695,9.51342],"rotation":{"angle":22.5,"axis":"x","origin":[8,14.53556,8.83541]},"faces":{"north":{"uv":[9.33333,0,10,1.33333],"texture":"#0"},"east":{"uv":[2.33333,12.33333,3,13.66667],"texture":"#0"},"south":{"uv":[3,12.33333,3.66667,13.66667],"texture":"#0"},"west":{"uv":[9.33333,1.33333,10,2.66667],"texture":"#0"}}},{"from":[7.5,14.23203,8.8174],"to":[8.5,15.23203,10.8174],"rotation":{"angle":-22.5,"axis":"x","origin":[8,15.58203,9.6174]},"faces":{"east":{"uv":[0,12.33333,1.33333,13],"texture":"#0"},"south":{"uv":[10,5.33333,10.66667,6],"texture":"#0"},"west":{"uv":[9.33333,4,10.66667,4.66667],"texture":"#0"},"up":{"uv":[2,13.66667,1.33333,12.33333],"texture":"#0"},"down":{"uv":[10,4.66667,9.33333,6],"texture":"#0"}}},{"from":[7.25,13.37258,8.32832],"to":[8.75,14.87258,9.32832],"rotation":{"angle":-45,"axis":"x","origin":[8,14.53556,8.83541]},"faces":{"north":{"uv":[8.66667,2.66667,9.66667,3.66667],"texture":"#0"},"east":{"uv":[10,2.66667,10.66667,3.66667],"texture":"#0"},"south":{"uv":[11.66667,9.33333,12.66667,10.33333],"texture":"#0"},"west":{"uv":[4,10,4.66667,11],"texture":"#0"},"up":{"uv":[5.66667,10.66667,4.66667,10],"texture":"#0"},"down":{"uv":[11,4.66667,10,5.33333],"texture":"#0"}}},{"from":[7.75,15,10],"to":[8.25,16,12],"rotation":{"angle":22.5,"axis":"x","origin":[7.75,15,10]},"faces":{"north":{"uv":[4.66667,10.66667,5,11.33333],"texture":"#0"},"east":{"uv":[5.33333,9.33333,6.66667,10],"texture":"#0"},"south":{"uv":[5.33333,10.66667,5.66667,11.33333],"texture":"#0"},"west":{"uv":[9.33333,6,10.66667,6.66667],"texture":"#0"},"up":{"uv":[10.33333,10.66667,10,9.33333],"texture":"#0"},"down":{"uv":[0.33333,10.66667,0,12],"texture":"#0"}}},{"from":[7.4,3.55,6.75],"to":[8.6,5.55,8.75],"rotation":{"angle":-22.5,"axis":"x","origin":[7.5,4.55,7.75]},"faces":{"north":{"uv":[8.66667,5.33333,9.33333,4],"texture":"#0"},"east":{"uv":[6,4,7.33333,2.66667],"texture":"#0"},"south":{"uv":[8.66667,6.66667,9.33333,5.33333],"texture":"#0"},"west":{"uv":[6,5.33333,7.33333,4],"texture":"#0"},"up":{"uv":[4.66667,13.66667,4,12.33333],"texture":"#0"},"down":{"uv":[9.33333,6.66667,8.66667,8],"texture":"#0"}}},{"from":[7.15,3.8,7],"to":[8.85,5.3,8.5],"rotation":{"angle":-22.5,"axis":"x","origin":[7.5,4.55,7.75]},"faces":{"north":{"uv":[7.33333,3.66667,8.33333,2.66667],"texture":"#0"},"east":{"uv":[11.66667,9,12.66667,8],"texture":"#0"},"south":{"uv":[7.33333,5,8.33333,4],"texture":"#0"},"west":{"uv":[7.33333,6.33333,8.33333,5.33333],"texture":"#0"},"up":{"uv":[9,1,8,0],"texture":"#0"},"down":{"uv":[8.33333,6.66667,7.33333,7.66667],"texture":"#0"}}},{"from":[7.5,1.7305,8.51342],"to":[8.5,3.7305,9.51342],"rotation":{"angle":-22.5,"axis":"x","origin":[8,1.46444,8.83541]},"faces":{"north":{"uv":[9.33333,1.33333,10,0],"texture":"#0"},"east":{"uv":[2.33333,13.66667,3,12.33333],"texture":"#0"},"south":{"uv":[3,13.66667,3.66667,12.33333],"texture":"#0"},"west":{"uv":[9.33333,2.66667,10,1.33333],"texture":"#0"}}},{"from":[7.5,0.76797,8.8174],"to":[8.5,1.76797,10.8174],"rotation":{"angle":22.5,"axis":"x","origin":[8,0.41797,9.6174]},"faces":{"east":{"uv":[0,13,1.33333,12.33333],"texture":"#0"},"south":{"uv":[10,6,10.66667,5.33333],"texture":"#0"},"west":{"uv":[9.33333,4.66667,10.66667,4],"texture":"#0"},"up":{"uv":[10,6,9.33333,4.66667],"texture":"#0"},"down":{"uv":[2,12.33333,1.33333,13.66667],"texture":"#0"}}},{"from":[7.25,1.12742,8.32832],"to":[8.75,2.62742,9.32832],"rotation":{"angle":45,"axis":"x","origin":[8,1.46444,8.83541]},"faces":{"north":{"uv":[8.66667,3.66667,9.66667,2.66667],"texture":"#0"},"east":{"uv":[10,3.66667,10.66667,2.66667],"texture":"#0"},"south":{"uv":[11.66667,10.33333,12.66667,9.33333],"texture":"#0"},"west":{"uv":[4,11,4.66667,10],"texture":"#0"},"up":{"uv":[11,5.33333,10,4.66667],"texture":"#0"},"down":{"uv":[5.66667,10,4.66667,10.66667],"texture":"#0"}}},{"from":[7.75,0,10],"to":[8.25,1,12],"rotation":{"angle":-22.5,"axis":"x","origin":[7.75,1,10]},"faces":{"north":{"uv":[4.66667,11.33333,5,10.66667],"texture":"#0"},"east":{"uv":[5.33333,10,6.66667,9.33333],"texture":"#0"},"south":{"uv":[5.33333,11.33333,5.66667,10.66667],"texture":"#0"},"west":{"uv":[9.33333,6.66667,10.66667,6],"texture":"#0"},"up":{"uv":[0.33333,12,0,10.66667],"texture":"#0"},"down":{"uv":[10.33333,9.33333,10,10.66667],"texture":"#0"}}},{"from":[7.25,5.25,7.25],"to":[8.75,6,8.75],"rotation":{"angle":0,"axis":"y","origin":[7.5,11,7.5]},"faces":{"north":{"uv":[10,1.33333,11,0.66667],"texture":"#0"},"east":{"uv":[10,2,11,1.33333],"texture":"#0"},"south":{"uv":[2,10.66667,3,10],"texture":"#0"},"west":{"uv":[10,2.66667,11,2],"texture":"#0"},"up":{"uv":[9,9,8,8],"texture":"#0"},"down":{"uv":[7.66667,8,6.66667,9],"texture":"#0"}}},{"from":[7.985,1,11.5],"to":[8.015,15,17.5],"rotation":{"angle":0,"axis":"y","origin":[7.985,0,4.5]},"faces":{"east":{"uv":[4,0,0,9.33333],"texture":"#0"},"west":{"uv":[0,0,4,9.33333],"texture":"#0"}}},{"from":[7.275,7.275,0.57571],"to":[8.725,8.725,4.57571],"rotation":{"angle":45,"axis":"z","origin":[8,8,1.82571]},"faces":{"east":{"uv":[0,0,3,8],"rotation":90,"texture":"#1"},"west":{"uv":[0,0,3,8],"rotation":270,"texture":"#1"},"up":{"uv":[0,0,3,8],"texture":"#1"},"down":{"uv":[0,0,3,8],"rotation":180,"texture":"#1"}}}],"gui_light":"front","display":{"thirdperson_righthand":{"translation":[0,-2,1]},"thirdperson_lefthand":{"translation":[0,-2,1]},"firstperson_righthand":{"translation":[0,5,0]},"firstperson_lefthand":{"translation":[0,5,0]},"ground":{"rotation":[45,0,0],"translation":[0,8,0],"scale":[0.7,0.7,0.7]},"gui":{"rotation":[90,45,90],"translation":[-1.25,1.5,0]},"head":{"rotation":[90,-45,90]},"fixed":{"rotation":[0,-90,0],"translation":[0,0,-1.25],"scale":[2.5,2.5,2.5]}}}