{"credit":"Made by PolygonMC","textures":{"1":"ufoset:animations/animations_ufo","2":"ufoset:animations/animations_axe","3":"ufoset:hoe","particle":"ufoset:animations/animations_ufo"},"elements":[{"from":[7.5,0.5,7.5],"to":[8.5,1.5,8.5],"rotation":{"angle":0,"axis":"y","origin":[6.5,-0.5,7.5]},"faces":{"north":{"uv":[6,5,7,6],"texture":"#3"},"east":{"uv":[12,1,13,2],"texture":"#3"},"south":{"uv":[4,12,5,13],"texture":"#3"},"west":{"uv":[12,5,13,6],"texture":"#3"},"up":{"uv":[7,13,6,12],"texture":"#3"},"down":{"uv":[8,12,7,13],"texture":"#3"}}},{"from":[7.5,1.75,7.5],"to":[8.5,4.25,8.5],"rotation":{"angle":45,"axis":"y","origin":[8,3,8]},"faces":{"north":{"uv":[0,10,1,12.5],"texture":"#3"},"east":{"uv":[10,0,11,2.5],"texture":"#3"},"south":{"uv":[1,10,2,12.5],"texture":"#3"},"west":{"uv":[2,10,3,12.5],"texture":"#3"},"up":{"uv":[13,8,12,7],"texture":"#3"},"down":{"uv":[13,8,12,9],"texture":"#3"}}},{"from":[7.4,0,7.4],"to":[8.6,0.5,8.6],"rotation":{"angle":0,"axis":"y","origin":[6.5,-0.5,7.5]},"faces":{"north":{"uv":[3,14,4,14.5],"texture":"#3"},"east":{"uv":[14,3,15,3.5],"texture":"#3"},"south":{"uv":[4,14,5,14.5],"texture":"#3"},"west":{"uv":[14,4,15,4.5],"texture":"#3"},"up":{"uv":[13,10,12,9],"texture":"#3"},"down":{"uv":[11,12,10,13],"texture":"#3"}}},{"from":[7.4,1.5,7.4],"to":[8.6,2,8.6],"rotation":{"angle":0,"axis":"y","origin":[6.5,-0.5,7.5]},"faces":{"north":{"uv":[5,14,6,14.5],"texture":"#3"},"east":{"uv":[14,5,15,5.5],"texture":"#3"},"south":{"uv":[6,14,7,14.5],"texture":"#3"},"west":{"uv":[14,6,15,6.5],"texture":"#3"},"up":{"uv":[13,11,12,10],"texture":"#3"},"down":{"uv":[12,12,11,13],"texture":"#3"}}},{"from":[7.4,11.5,7.4],"to":[8.6,12,8.6],"rotation":{"angle":0,"axis":"y","origin":[6.5,-3.5,7.5]},"faces":{"north":{"uv":[7,14,8,14.5],"texture":"#3"},"east":{"uv":[14,7,15,7.5],"texture":"#3"},"south":{"uv":[8,14,9,14.5],"texture":"#3"},"west":{"uv":[9,14,10,14.5],"texture":"#3"},"up":{"uv":[13,12,12,11],"texture":"#3"},"down":{"uv":[13,12,12,13],"texture":"#3"}}},{"from":[7.5,4.5,7.5],"to":[8.5,5.5,8.5],"rotation":{"angle":0,"axis":"y","origin":[6.5,-0.5,7.5]},"faces":{"north":{"uv":[0,13,1,14],"texture":"#3"},"east":{"uv":[1,13,2,14],"texture":"#3"},"south":{"uv":[13,1,14,2],"texture":"#3"},"west":{"uv":[2,13,3,14],"texture":"#3"},"up":{"uv":[14,3,13,2],"texture":"#3"},"down":{"uv":[14,3,13,4],"texture":"#3"}}},{"from":[7.5,10.5,7.5],"to":[8.5,11.5,8.5],"rotation":{"angle":0,"axis":"y","origin":[6.5,-3.5,7.5]},"faces":{"north":{"uv":[12,13,13,14],"texture":"#3"},"east":{"uv":[13,12,14,13],"texture":"#3"},"south":{"uv":[13,13,14,14],"texture":"#3"},"west":{"uv":[0,14,1,15],"texture":"#3"},"up":{"uv":[15,1,14,0],"texture":"#3"},"down":{"uv":[2,14,1,15],"texture":"#3"}}},{"from":[7.4,4,7.4],"to":[8.6,4.5,8.6],"rotation":{"angle":0,"axis":"y","origin":[6.5,-0.5,7.5]},"faces":{"north":{"uv":[10,14,11,14.5],"texture":"#3"},"east":{"uv":[14,10,15,10.5],"texture":"#3"},"south":{"uv":[11,14,12,14.5],"texture":"#3"},"west":{"uv":[14,11,15,11.5],"texture":"#3"},"up":{"uv":[5,14,4,13],"texture":"#3"},"down":{"uv":[14,4,13,5],"texture":"#3"}}},{"from":[7.275,9.95067,-0.53164],"to":[8.725,11.40067,3.46836],"rotation":{"angle":-45,"axis":"x","origin":[8,11.26874,1.25663]},"faces":{"east":{"uv":[0,0,3,8],"rotation":90,"texture":"#2"},"west":{"uv":[0,0,3,8],"rotation":270,"texture":"#2"},"up":{"uv":[0,0,3,8],"texture":"#2"},"down":{"uv":[0,0,3,8],"rotation":180,"texture":"#2"}}},{"from":[7.5,-1,8],"to":[8.5,0,9],"rotation":{"angle":-45,"axis":"x","origin":[7.5,-1,8]},"faces":{"north":{"uv":[5,13,6,14],"texture":"#3"},"east":{"uv":[13,5,14,6],"texture":"#3"},"south":{"uv":[6,13,7,14],"texture":"#3"},"west":{"uv":[13,6,14,7],"texture":"#3"},"up":{"uv":[8,14,7,13],"texture":"#3"},"down":{"uv":[14,7,13,8],"texture":"#3"}}},{"from":[7,12,7],"to":[9,12.5,9],"rotation":{"angle":0,"axis":"y","origin":[7,3,7]},"faces":{"north":{"uv":[8,13,10,13.5],"texture":"#3"},"east":{"uv":[13,8,15,8.5],"texture":"#3"},"south":{"uv":[13,9,15,9.5],"texture":"#3"},"west":{"uv":[10,13,12,13.5],"texture":"#3"},"down":{"uv":[5,6,3,8],"texture":"#3"}}},{"from":[6,12.5,6],"to":[10,14,10],"rotation":{"angle":0,"axis":"y","origin":[7,3.5,7]},"faces":{"north":{"uv":[8,0,16,3],"texture":"#1"},"east":{"uv":[8,4,16,7],"texture":"#1"},"south":{"uv":[8,8,16,11],"texture":"#1"},"west":{"uv":[8,12,16,15],"texture":"#1"},"up":{"uv":[8,8,0,0],"texture":"#1"},"down":{"uv":[8,8,0,16],"texture":"#1"}}},{"from":[6.5,14,6.5],"to":[9.5,16,9.5],"rotation":{"angle":0,"axis":"y","origin":[7,5,7]},"faces":{"north":{"uv":[0,3,3,5],"texture":"#3"},"east":{"uv":[3,0,6,2],"texture":"#3"},"south":{"uv":[3,2,6,4],"texture":"#3"},"west":{"uv":[3,4,6,6],"texture":"#3"},"up":{"uv":[3,3,0,0],"texture":"#3"}}},{"from":[7.4,5.5,7.4],"to":[8.6,10.5,8.6],"rotation":{"angle":0,"axis":"y","origin":[7.5,5.5,7.5]},"faces":{"north":{"uv":[0,5,1,10],"texture":"#3"},"east":{"uv":[1,5,2,10],"texture":"#3"},"south":{"uv":[2,5,3,10],"texture":"#3"},"west":{"uv":[6,0,7,5],"texture":"#3"},"up":{"uv":[14,11,13,10],"texture":"#3"},"down":{"uv":[14,11,13,12],"texture":"#3"}}},{"from":[7.4,11.55,3.9],"to":[8.6,12.75,7.4],"rotation":{"angle":0,"axis":"y","origin":[8,9.9,3.4]},"faces":{"north":{"uv":[14,1,15,2],"texture":"#3"},"east":{"uv":[7,6,10.5,7],"texture":"#3"},"south":{"uv":[2,14,3,15],"texture":"#3"},"west":{"uv":[7,7,10.5,8],"texture":"#3"},"up":{"uv":[4,11.5,3,8],"texture":"#3"},"down":{"uv":[5,8,4,11.5],"texture":"#3"}}},{"from":[7,11.75,4.75],"to":[9,13.75,5.75],"rotation":{"angle":-22.5,"axis":"x","origin":[7,12,5]},"faces":{"north":{"uv":[5,6,7,8],"texture":"#3"},"east":{"uv":[10,3,11,5],"texture":"#3"},"south":{"uv":[7,0,9,2],"texture":"#3"},"west":{"uv":[11,0,12,2],"texture":"#3"},"up":{"uv":[12,6,10,5],"texture":"#3"},"down":{"uv":[13,2,11,3],"texture":"#3"}}},{"from":[7.5,10.25,4.75],"to":[8.5,11.75,6.75],"rotation":{"angle":-22.5,"axis":"x","origin":[7,12,5]},"faces":{"north":{"uv":[3,12,4,13.5],"texture":"#3"},"east":{"uv":[5,9,7,10.5],"texture":"#3"},"south":{"uv":[12,3,13,4.5],"texture":"#3"},"west":{"uv":[7,9,9,10.5],"texture":"#3"},"up":{"uv":[12,9,11,7],"texture":"#3"},"down":{"uv":[9,11,8,13],"texture":"#3"}}},{"from":[7.985,10.25,2.75],"to":[8.015,11.75,4.75],"rotation":{"angle":-22.5,"axis":"x","origin":[6.485,12,5]},"faces":{"east":{"uv":[11,9,9,10.5],"texture":"#3"},"west":{"uv":[9,9,11,10.5],"texture":"#3"}}},{"from":[7.985,9.00104,8.59366],"to":[8.015,11.00104,10.09366],"rotation":{"angle":0,"axis":"x","origin":[8,11.00104,9.54366]},"faces":{"east":{"uv":[11,9,9,10.5],"rotation":90,"texture":"#3"},"west":{"uv":[9,9,11,10.5],"rotation":270,"texture":"#3"}}},{"from":[7.5,11,9],"to":[8.5,13,10.5],"rotation":{"angle":0,"axis":"x","origin":[8,10,6.45]},"faces":{"north":{"uv":[8,11,9,13],"texture":"#3"},"east":{"uv":[5,10.5,7,9],"rotation":90,"texture":"#3"},"south":{"uv":[11,9,12,7],"rotation":180,"texture":"#3"},"west":{"uv":[7,10.5,9,9],"rotation":270,"texture":"#3"},"up":{"uv":[12,4.5,13,3],"texture":"#3"},"down":{"uv":[3,13.5,4,12],"rotation":180,"texture":"#3"}}},{"from":[7,11.75,2.75],"to":[9,13.75,3.75],"rotation":{"angle":-22.5,"axis":"x","origin":[7,12,5]},"faces":{"north":{"uv":[7,2,9,4],"texture":"#3"},"east":{"uv":[11,3,12,5],"texture":"#3"},"south":{"uv":[7,4,9,6],"texture":"#3"},"west":{"uv":[5,11,6,13],"texture":"#3"},"up":{"uv":[8,12,6,11],"texture":"#3"},"down":{"uv":[13,6,11,7],"texture":"#3"}}},{"from":[7.25,12,3.75],"to":[8.75,13.5,4.75],"rotation":{"angle":-22.5,"axis":"x","origin":[7,12,5]},"faces":{"east":{"uv":[9,11,10,12.5],"texture":"#3"},"west":{"uv":[11,9,12,10.5],"texture":"#3"},"up":{"uv":[11.5,12,10,11],"texture":"#3"},"down":{"uv":[13.5,0,12,1],"texture":"#3"}}},{"from":[7.5,10.16181,-0.05511],"to":[8.5,11.16181,2.94489],"rotation":{"angle":-45,"axis":"x","origin":[8,11.26874,1.25663]},"faces":{"north":{"uv":[14,2,15,3],"texture":"#3"},"east":{"uv":[5,8,8,9],"texture":"#3"},"west":{"uv":[8,8,11,9],"texture":"#3"},"up":{"uv":[10,3,9,0],"texture":"#3"},"down":{"uv":[10,3,9,6],"texture":"#3"}}}],"gui_light":"front","display":{"thirdperson_righthand":{"translation":[0,3,1]},"thirdperson_lefthand":{"translation":[0,3,1]},"firstperson_righthand":{"rotation":[-10,0,0],"translation":[0,3.25,0]},"firstperson_lefthand":{"rotation":[-10,0,0],"translation":[0,3.25,0]},"ground":{"rotation":[-45,0,0],"translation":[0,5.5,0],"scale":[0.7,0.7,0.7]},"gui":{"rotation":[-90,45,90],"translation":[0.5,0,0]},"head":{"rotation":[0,-90,0]},"fixed":{"rotation":[0,-90,0],"translation":[0,1.75,-1.25],"scale":[2.5,2.5,2.5]}}}