{"credit":"Made by PolygonMC","textures":{"0":"ufoset:ufo_cosmetics","1":"ufoset:animations/animations_ufo_3","particle":"ufoset:ufo_cosmetics"},"elements":[{"from":[0,4,0],"to":[16,8,16],"rotation":{"angle":0,"axis":"y","origin":[0,4,0]},"faces":{"north":{"uv":[5.33333,7.33333,10.66667,8.66667],"texture":"#0"},"east":{"uv":[8.66667,4,14,5.33333],"texture":"#0"},"south":{"uv":[5.33333,8.66667,10.66667,10],"texture":"#0"},"west":{"uv":[8.66667,5.33333,14,6.66667],"texture":"#0"},"up":{"uv":[5.33333,5.33333,0,0],"texture":"#0"},"down":{"uv":[5.33333,5.33333,0,10.66667],"texture":"#0"}}},{"from":[3,8,3],"to":[13,10,13],"rotation":{"angle":0,"axis":"y","origin":[0,4,0]},"faces":{"north":{"uv":[10.66667,8,14,8.66667],"texture":"#0"},"east":{"uv":[10.66667,8.66667,14,9.33333],"texture":"#0"},"south":{"uv":[10.66667,9.33333,14,10],"texture":"#0"},"west":{"uv":[10.66667,10,14,10.66667],"texture":"#0"},"up":{"uv":[8.66667,7.33333,5.33333,4],"texture":"#0"}}},{"from":[4,10,4],"to":[12,16,12],"rotation":{"angle":0,"axis":"y","origin":[0,4,0]},"faces":{"north":{"uv":[5.33333,10,8,12],"texture":"#0"},"east":{"uv":[8,10,10.66667,12],"texture":"#0"},"south":{"uv":[0,10.66667,2.66667,12.66667],"texture":"#0"},"west":{"uv":[2.66667,10.66667,5.33333,12.66667],"texture":"#0"},"up":{"uv":[12,2.66667,9.33333,0],"texture":"#0"}}},{"from":[2,2,2],"to":[14,4,14],"rotation":{"angle":0,"axis":"y","origin":[0,4,0]},"faces":{"north":{"uv":[8.66667,6.66667,12.66667,7.33333],"texture":"#0"},"east":{"uv":[9.33333,2.66667,13.33333,3.33333],"texture":"#0"},"south":{"uv":[9.33333,3.33333,13.33333,4],"texture":"#0"},"west":{"uv":[10.66667,7.33333,14.66667,8],"texture":"#0"},"down":{"uv":[9.33333,0,5.33333,4],"texture":"#0"}}},{"from":[-0.0995,5.5,-0.0995],"to":[16.1005,6.5,-0.0995],"rotation":{"angle":0,"axis":"y","origin":[0.0005,0,0.1505]},"faces":{"north":{"uv":[0,0,16,1],"texture":"#1"},"east":{"uv":[0,0,0,1],"texture":"#1"},"west":{"uv":[0,0,0,1],"texture":"#1"},"up":{"uv":[16,0,0,0],"texture":"#1"},"down":{"uv":[16,0,0,0],"texture":"#1"}}},{"from":[-0.0995,5.5,-0.0995],"to":[-0.0995,6.5,16.1005],"rotation":{"angle":0,"axis":"y","origin":[-0.0995,6,8.0005]},"faces":{"north":{"uv":[0,0,0,1],"texture":"#1"},"south":{"uv":[0,0,0,1],"texture":"#1"},"west":{"uv":[0,0,16,1],"texture":"#1"},"up":{"uv":[16,0,0,0],"rotation":270,"texture":"#1"},"down":{"uv":[16,0,0,0],"rotation":90,"texture":"#1"}}},{"from":[-0.0995,5.5,16.0995],"to":[16.1005,6.5,16.0995],"rotation":{"angle":0,"axis":"y","origin":[8.0005,6,16.0995]},"faces":{"east":{"uv":[0,0,0,1],"texture":"#1"},"south":{"uv":[0,0,16,1],"texture":"#1"},"west":{"uv":[0,0,0,1],"texture":"#1"},"up":{"uv":[16,0,0,0],"rotation":180,"texture":"#1"},"down":{"uv":[16,0,0,0],"rotation":180,"texture":"#1"}}},{"from":[16.0995,5.5,-0.0995],"to":[16.0995,6.5,16.1005],"rotation":{"angle":0,"axis":"y","origin":[16.0995,6,8.0005]},"faces":{"north":{"uv":[0,0,0,1],"texture":"#1"},"east":{"uv":[0,0,16,1],"texture":"#1"},"south":{"uv":[0,0,0,1],"texture":"#1"},"up":{"uv":[16,0,0,0],"rotation":90,"texture":"#1"},"down":{"uv":[16,0,0,0],"rotation":270,"texture":"#1"}}}],"gui_light":"front","display":{"thirdperson_righthand":{"rotation":[51,0,0],"translation":[0,2.5,1],"scale":[0.48047,0.48047,0.48047]},"thirdperson_lefthand":{"rotation":[67.5,0,0],"translation":[-5.5,-2.25,9.25],"scale":[1.67188,1.67188,1.67188]},"firstperson_righthand":{"rotation":[152.75,0,180],"translation":[0,3.25,0],"scale":[0.64648,0.64648,0.64648]},"firstperson_lefthand":{"rotation":[152.75,0,180],"translation":[0,3.25,0],"scale":[0,0,0]},"ground":{"translation":[0,6.75,0],"scale":[0.7,0.7,0.7]},"gui":{"rotation":[0,135,0],"translation":[0,-0.75,0],"scale":[0.77539,0.77539,0.77539]},"head":{"translation":[0,-10.75,0],"scale":[2.63867,2.63867,2.63867]},"fixed":{"rotation":[-90,0,0],"translation":[0,0,-16],"scale":[2.52148,2.52148,2.52148]}}}