{"credit":"MadebyPolygonMC","texture_size":[24,24],"textures":{"1":"littleteddybearset:axe","particle":"littleteddybearset:axe"},"elements":[{"from":[7.5,1,7.5],"to":[8.5,2,8.5],"rotation":{"angle":0,"axis":"y","origin":[7.5,0,7.5]},"faces":{"north":{"uv":[8,5.33333,8.66667,6],"texture":"#1"},"east":{"uv":[10.66667,9.33333,11.33333,10],"texture":"#1"},"south":{"uv":[10.66667,10,11.33333,10.66667],"texture":"#1"},"west":{"uv":[10.66667,10.66667,11.33333,11.33333],"texture":"#1"},"up":{"uv":[12,0.66667,11.33333,0],"texture":"#1"},"down":{"uv":[12,0.66667,11.33333,1.33333],"texture":"#1"}}},{"from":[7.5,4,7.5],"to":[8.5,5,8.5],"rotation":{"angle":0,"axis":"y","origin":[7.5,3,7.5]},"faces":{"north":{"uv":[2.66667,11.33333,3.33333,12],"texture":"#1"},"east":{"uv":[3.33333,11.33333,4,12],"texture":"#1"},"south":{"uv":[11.33333,3.33333,12,4],"texture":"#1"},"west":{"uv":[11.33333,4,12,4.66667],"texture":"#1"},"up":{"uv":[12,5.33333,11.33333,4.66667],"texture":"#1"},"down":{"uv":[6,11.33333,5.33333,12],"texture":"#1"}}},{"from":[7.6,2,7.6],"to":[8.4,4,8.4],"rotation":{"angle":0,"axis":"y","origin":[7.5,1,7.5]},"faces":{"north":{"uv":[5.33333,10,6,11.33333],"texture":"#1"},"east":{"uv":[10,10,10.66667,11.33333],"texture":"#1"},"south":{"uv":[0,10.66667,0.66667,12],"texture":"#1"},"west":{"uv":[0.66667,10.66667,1.33333,12],"texture":"#1"},"up":{"uv":[12,6,11.33333,5.33333],"texture":"#1"},"down":{"uv":[6.66667,11.33333,6,12],"texture":"#1"}}},{"from":[7.44,0.215,7.44],"to":[8.56,1.335,8.56],"rotation":{"angle":-45,"axis":"x","origin":[8,0.775,8]},"faces":{"north":{"uv":[11.33333,6,12,6.66667],"texture":"#1"},"east":{"uv":[6.66667,11.33333,7.33333,12],"texture":"#1"},"south":{"uv":[11.33333,6.66667,12,7.33333],"texture":"#1"},"west":{"uv":[7.33333,11.33333,8,12],"texture":"#1"},"up":{"uv":[12,8,11.33333,7.33333],"texture":"#1"},"down":{"uv":[8.66667,11.33333,8,12],"texture":"#1"}}},{"from":[7.35,5,7.35],"to":[8.65,7,8.65],"rotation":{"angle":0,"axis":"y","origin":[7,0,7]},"faces":{"north":{"uv":[4,9.33333,5,10.66667],"texture":"#1"},"east":{"uv":[9.33333,5.33333,10.33333,6.66667],"texture":"#1"},"south":{"uv":[9.33333,6.66667,10.33333,8],"texture":"#1"},"west":{"uv":[7.33333,9.33333,8.33333,10.66667],"texture":"#1"},"up":{"uv":[3.66667,11,2.66667,10],"texture":"#1"},"down":{"uv":[11,3.33333,10,4.33333],"texture":"#1"}}},{"from":[7.35,10.5,7.35],"to":[8.65,14.5,8.65],"rotation":{"angle":0,"axis":"y","origin":[7,0,7]},"faces":{"north":{"uv":[6,6,7,8.66667],"texture":"#1"},"east":{"uv":[0,7.33333,1,10],"texture":"#1"},"south":{"uv":[1.33333,7.33333,2.33333,10],"texture":"#1"},"west":{"uv":[2.66667,7.33333,3.66667,10],"texture":"#1"},"up":{"uv":[11,9,10,8],"texture":"#1"},"down":{"uv":[9.66667,10,8.66667,11],"texture":"#1"}}},{"from":[7.45,7,7.45],"to":[8.55,10.5,8.55],"rotation":{"angle":0,"axis":"y","origin":[7,0,7]},"faces":{"north":{"uv":[5.33333,7.33333,6,9.66667],"texture":"#1"},"east":{"uv":[8.66667,5.33333,9.33333,7.66667],"texture":"#1"},"south":{"uv":[6,8.66667,6.66667,11],"texture":"#1"},"west":{"uv":[6.66667,8.66667,7.33333,11],"texture":"#1"}}},{"from":[6.65,13.15931,8.2435],"to":[9.35,15.85931,10.9435],"rotation":{"angle":0,"axis":"y","origin":[8,14.50931,9.5935]},"faces":{"north":{"uv":[0,5.33333,1.66667,7],"texture":"#1"},"east":{"uv":[2,5.33333,3.66667,7],"texture":"#1"},"south":{"uv":[4,5.33333,5.66667,7],"texture":"#1"},"west":{"uv":[6,0,7.66667,1.66667],"texture":"#1"},"up":{"uv":[7.66667,3.66667,6,2],"texture":"#1"},"down":{"uv":[7.66667,4,6,5.66667],"texture":"#1"}}},{"from":[6.92,10.45931,8.5135],"to":[9.08,13.15931,10.4035],"rotation":{"angle":0,"axis":"y","origin":[8,12.38098,10.066]},"faces":{"north":{"uv":[4,7.33333,5.33333,9],"texture":"#1"},"east":{"uv":[7.33333,6,8.66667,7.66667],"texture":"#1"},"south":{"uv":[8,0,9.33333,1.66667],"texture":"#1"},"west":{"uv":[8,2,9.33333,3.66667],"texture":"#1"},"up":{"uv":[9.33333,5.33333,8,4],"texture":"#1"},"down":{"uv":[8.66667,8,7.33333,9.33333],"texture":"#1"}}},{"from":[6.92,10.45931,10.4035],"to":[9.08,12.08431,10.9435],"rotation":{"angle":0,"axis":"y","origin":[8,12.38098,10.066]},"faces":{"east":{"uv":[3.33333,12,3.66667,13],"texture":"#1"},"south":{"uv":[8.66667,8,10,9],"texture":"#1"},"west":{"uv":[12,4,12.33333,5],"texture":"#1"},"up":{"uv":[12.66667,8.33333,11.33333,8],"texture":"#1"},"down":{"uv":[10,11.33333,8.66667,11.66667],"texture":"#1"}}},{"from":[7.19,13.15931,10.9435],"to":[8.81,14.23931,11.4835],"rotation":{"angle":0,"axis":"y","origin":[8,14.50931,12.2935]},"faces":{"east":{"uv":[12,6,12.33333,6.66667],"texture":"#1"},"south":{"uv":[7.33333,10.66667,8.33333,11.33333],"texture":"#1"},"west":{"uv":[6.66667,12,7,12.66667],"texture":"#1"},"up":{"uv":[6.33333,12.33333,5.33333,12],"texture":"#1"},"down":{"uv":[13,5.33333,12,5.66667],"texture":"#1"}}},{"from":[7.622,13.81541,11.0839],"to":[8.378,14.31221,11.5591],"rotation":{"angle":0,"axis":"y","origin":[7.946,14.52821,12.4231]},"faces":{"north":{"uv":[12,6.66667,12.66667,7],"texture":"#1"},"east":{"uv":[12,10,12.33333,10.33333],"texture":"#1"},"south":{"uv":[7.33333,12,8,12.33333],"texture":"#1"},"west":{"uv":[10.66667,12,11,12.33333],"texture":"#1"},"up":{"uv":[12.66667,7.66667,12,7.33333],"texture":"#1"},"down":{"uv":[8.66667,12,8,12.33333],"texture":"#1"}}},{"from":[7.73,11.02631,8.1085],"to":[8.27,11.56631,8.6485],"rotation":{"angle":22.5,"axis":"x","origin":[8,11.29631,8.3785]},"faces":{"north":{"uv":[12,10.66667,12.33333,11],"texture":"#1"},"east":{"uv":[12,11.33333,12.33333,11.66667],"texture":"#1"},"south":{"uv":[12,12,12.33333,12.33333],"texture":"#1"},"west":{"uv":[12.66667,0,13,0.33333],"texture":"#1"},"up":{"uv":[13,1,12.66667,0.66667],"texture":"#1"},"down":{"uv":[13,1.33333,12.66667,1.66667],"texture":"#1"}}},{"from":[6.245,15.45431,9.306],"to":[7.46,16.66931,9.896],"rotation":{"angle":22.5,"axis":"z","origin":[6.92,15.99431,9.601]},"faces":{"north":{"uv":[11.33333,8.66667,12,9.33333],"texture":"#1"},"east":{"uv":[8.66667,12,9,12.66667],"texture":"#1"},"south":{"uv":[11.33333,9.33333,12,10],"texture":"#1"},"west":{"uv":[12,8.66667,12.33333,9.33333],"texture":"#1"},"up":{"uv":[10,12.33333,9.33333,12],"texture":"#1"},"down":{"uv":[12.66667,9.33333,12,9.66667],"texture":"#1"}}},{"from":[6.11,10.05431,8.716],"to":[7.325,11.26931,11.956],"rotation":{"angle":-22.5,"axis":"y","origin":[6.785,10.59431,10.066]},"faces":{"north":{"uv":[10,11.33333,10.66667,12],"texture":"#1"},"east":{"uv":[9.33333,0,11.33333,0.66667],"texture":"#1"},"south":{"uv":[11.33333,10,12,10.66667],"texture":"#1"},"west":{"uv":[9.33333,0.66667,11.33333,1.33333],"texture":"#1"},"up":{"uv":[10,3.33333,9.33333,1.33333],"texture":"#1"},"down":{"uv":[10,3.33333,9.33333,5.33333],"texture":"#1"}}},{"from":[5.705,11.80931,8.986],"to":[6.92,13.02431,11.686],"rotation":{"angle":22.5,"axis":"x","origin":[6.38,12.34931,10.336]},"faces":{"north":{"uv":[10.66667,11.33333,11.33333,12],"texture":"#1"},"east":{"uv":[8.66667,9.33333,10.33333,10],"texture":"#1"},"south":{"uv":[11.33333,10.66667,12,11.33333],"texture":"#1"},"west":{"uv":[0,10,1.66667,10.66667],"texture":"#1"},"up":{"uv":[10.66667,3,10,1.33333],"texture":"#1"},"down":{"uv":[2.66667,10,2,11.66667],"texture":"#1"}}},{"from":[9.08,11.80931,8.986],"to":[10.295,13.02431,11.686],"rotation":{"angle":22.5,"axis":"x","origin":[9.62,12.34931,10.336]},"faces":{"north":{"uv":[11.33333,11.33333,10.66667,12],"texture":"#1"},"east":{"uv":[1.66667,10,0,10.66667],"texture":"#1"},"south":{"uv":[12,10.66667,11.33333,11.33333],"texture":"#1"},"west":{"uv":[10.33333,9.33333,8.66667,10],"texture":"#1"},"up":{"uv":[10,3,10.66667,1.33333],"texture":"#1"},"down":{"uv":[2,10,2.66667,11.66667],"texture":"#1"}}},{"from":[8.675,10.05431,8.716],"to":[9.89,11.26931,11.956],"rotation":{"angle":22.5,"axis":"y","origin":[9.215,10.59431,10.066]},"faces":{"north":{"uv":[10.66667,11.33333,10,12],"texture":"#1"},"east":{"uv":[11.33333,0.66667,9.33333,1.33333],"texture":"#1"},"south":{"uv":[12,10,11.33333,10.66667],"texture":"#1"},"west":{"uv":[11.33333,0,9.33333,0.66667],"texture":"#1"},"up":{"uv":[9.33333,3.33333,10,1.33333],"texture":"#1"},"down":{"uv":[9.33333,3.33333,10,5.33333],"texture":"#1"}}},{"from":[8.54,15.45431,9.306],"to":[9.755,16.66931,9.896],"rotation":{"angle":-22.5,"axis":"z","origin":[9.08,15.99431,9.601]},"faces":{"north":{"uv":[12,8.66667,11.33333,9.33333],"texture":"#1"},"east":{"uv":[12.33333,8.66667,12,9.33333],"texture":"#1"},"south":{"uv":[12,9.33333,11.33333,10],"texture":"#1"},"west":{"uv":[9,12,8.66667,12.66667],"texture":"#1"},"up":{"uv":[9.33333,12.33333,10,12],"texture":"#1"},"down":{"uv":[12,9.33333,12.66667,9.66667],"texture":"#1"}}},{"from":[7.75,12.825,3.5],"to":[8.25,13.825,5.5],"rotation":{"angle":22.5,"axis":"x","origin":[8,12.50467,5.94334]},"faces":{"north":{"uv":[10,12,10.33333,12.66667],"texture":"#1"},"east":{"uv":[10,4.66667,11.33333,5.33333],"texture":"#1"},"west":{"uv":[10.66667,1.33333,12,2],"texture":"#1"},"up":{"uv":[11.66667,12.66667,11.33333,11.33333],"texture":"#1"},"down":{"uv":[0.33333,12,0,13.33333],"texture":"#1"}}},{"from":[7.75,12.97028,5.65633],"to":[8.25,13.97028,7.65633],"rotation":{"angle":0,"axis":"x","origin":[8,13.47028,6.65633]},"faces":{"east":{"uv":[10.66667,2,12,2.66667],"texture":"#1"},"west":{"uv":[10.66667,2.66667,12,3.33333],"texture":"#1"},"up":{"uv":[3,13.33333,2.66667,12],"texture":"#1"},"down":{"uv":[12.33333,2.66667,12,4],"texture":"#1"}}},{"from":[7.755,11.73564,3.80857],"to":[8.245,13.73564,7.80857],"rotation":{"angle":0,"axis":"x","origin":[8,12.50467,5.94334]},"faces":{"north":{"uv":[12,0,12.33333,1.33333],"texture":"#1"},"east":{"uv":[3.33333,0,6,1.33333],"texture":"#1"},"south":{"uv":[0.66667,12,1,13.33333],"texture":"#1"},"west":{"uv":[3.33333,1.33333,6,2.66667],"texture":"#1"},"up":{"uv":[1.66667,13.33333,1.33333,10.66667],"texture":"#1"},"down":{"uv":[4.33333,10.66667,4,13.33333],"texture":"#1"}}},{"from":[7.76,10.81112,3.67678],"to":[8.24,12.61112,7.37678],"rotation":{"angle":-22.5,"axis":"x","origin":[8,12.50467,5.94334]},"faces":{"north":{"uv":[12,1.33333,12.33333,2.66667],"texture":"#1"},"east":{"uv":[3.33333,2.66667,6,4],"texture":"#1"},"south":{"uv":[2,12,2.33333,13.33333],"texture":"#1"},"west":{"uv":[3.33333,4,6,5.33333],"texture":"#1"},"up":{"uv":[5,13.33333,4.66667,10.66667],"texture":"#1"},"down":{"uv":[11,5.33333,10.66667,8],"texture":"#1"}}},{"from":[8,7.825,2.5],"to":[8,15.825,7.5],"rotation":{"angle":0,"axis":"y","origin":[8,-0.175,0]},"faces":{"north":{"uv":[0,0,0,5.33333],"texture":"#1"},"east":{"uv":[3.33333,0,0,5.33333],"texture":"#1"},"south":{"uv":[0,0,0,5.33333],"texture":"#1"},"west":{"uv":[0,0,3.33333,5.33333],"texture":"#1"},"up":{"uv":[0,3.33333,0,0],"texture":"#1"},"down":{"uv":[0,0,0,3.33333],"texture":"#1"}}}],"gui_light":"front","display":{"thirdperson_righthand":{"translation":[0,3,1]},"thirdperson_lefthand":{"translation":[0,3,1]},"firstperson_righthand":{"rotation":[-10,0,0],"translation":[-1.5,4.5,2]},"firstperson_lefthand":{"rotation":[-10,0,0],"translation":[-1.5,4.5,2]},"ground":{"translation":[0,8.5,0]},"gui":{"rotation":[-90,45,90],"translation":[1.75,-1.75,0],"scale":[1.0332,1.0332,1.0332]},"head":{"scale":[0,0,0]},"fixed":{"rotation":[90,-135,90],"translation":[-1.5,-1.25,0]}}}