{"credit":"MadebyPolygonMC","texture_size":[24,24],"textures":{"2":"littleteddybearset:hoe"},"elements":[{"from":[7.5,1,7.5],"to":[8.5,2,8.5],"rotation":{"angle":0,"axis":"y","origin":[7.5,0,7.5]},"faces":{"north":{"uv":[8,6,8.66667,6.66667],"texture":"#2"},"east":{"uv":[8.66667,8,9.33333,8.66667],"texture":"#2"},"south":{"uv":[12,2,12.66667,2.66667],"texture":"#2"},"west":{"uv":[12,2.66667,12.66667,3.33333],"texture":"#2"},"up":{"uv":[4,12.66667,3.33333,12],"texture":"#2"},"down":{"uv":[12.66667,3.33333,12,4],"texture":"#2"}}},{"from":[7.5,4,7.5],"to":[8.5,5,8.5],"rotation":{"angle":0,"axis":"y","origin":[7.5,3,7.5]},"faces":{"north":{"uv":[4,12,4.66667,12.66667],"texture":"#2"},"east":{"uv":[12,4,12.66667,4.66667],"texture":"#2"},"south":{"uv":[4.66667,12,5.33333,12.66667],"texture":"#2"},"west":{"uv":[12,4.66667,12.66667,5.33333],"texture":"#2"},"up":{"uv":[6,12.66667,5.33333,12],"texture":"#2"},"down":{"uv":[12.66667,5.33333,12,6],"texture":"#2"}}},{"from":[7.6,2,7.6],"to":[8.4,4,8.4],"rotation":{"angle":0,"axis":"y","origin":[7.5,1,7.5]},"faces":{"north":{"uv":[10.66667,10.66667,11.33333,12],"texture":"#2"},"east":{"uv":[11.33333,0,12,1.33333],"texture":"#2"},"south":{"uv":[11.33333,3.33333,12,4.66667],"texture":"#2"},"west":{"uv":[11.33333,4.66667,12,6],"texture":"#2"},"up":{"uv":[6.66667,12.66667,6,12],"texture":"#2"},"down":{"uv":[12.66667,6,12,6.66667],"texture":"#2"}}},{"from":[7.44,0.215,7.44],"to":[8.56,1.335,8.56],"rotation":{"angle":-45,"axis":"x","origin":[8,0.775,8]},"faces":{"north":{"uv":[6.66667,12,7.33333,12.66667],"texture":"#2"},"east":{"uv":[12,6.66667,12.66667,7.33333],"texture":"#2"},"south":{"uv":[7.33333,12,8,12.66667],"texture":"#2"},"west":{"uv":[12,7.33333,12.66667,8],"texture":"#2"},"up":{"uv":[8.66667,12.66667,8,12],"texture":"#2"},"down":{"uv":[12.66667,8,12,8.66667],"texture":"#2"}}},{"from":[7.35,5,7.35],"to":[8.65,7,8.65],"rotation":{"angle":0,"axis":"y","origin":[7,0,7]},"faces":{"north":{"uv":[10,0,11,1.33333],"texture":"#2"},"east":{"uv":[10,3.33333,11,4.66667],"texture":"#2"},"south":{"uv":[10,4.66667,11,6],"texture":"#2"},"west":{"uv":[10,6,11,7.33333],"texture":"#2"},"up":{"uv":[11.66667,3,10.66667,2],"texture":"#2"},"down":{"uv":[4.33333,10.66667,3.33333,11.66667],"texture":"#2"}}},{"from":[7.35,10.5,7.35],"to":[8.65,14.5,8.65],"rotation":{"angle":0,"axis":"y","origin":[7,0,7]},"faces":{"north":{"uv":[2,6.66667,3,9.33333],"texture":"#2"},"east":{"uv":[6.66667,2,7.66667,4.66667],"texture":"#2"},"south":{"uv":[3.33333,6.66667,4.33333,9.33333],"texture":"#2"},"west":{"uv":[4.66667,6.66667,5.66667,9.33333],"texture":"#2"},"up":{"uv":[7,11.66667,6,10.66667],"texture":"#2"},"down":{"uv":[10.33333,10.66667,9.33333,11.66667],"texture":"#2"}}},{"from":[7.45,7,7.45],"to":[8.55,10.5,8.55],"rotation":{"angle":0,"axis":"y","origin":[7,0,7]},"faces":{"north":{"uv":[9.33333,3.33333,10,5.66667],"texture":"#2"},"east":{"uv":[4.66667,9.33333,5.33333,11.66667],"texture":"#2"},"south":{"uv":[5.33333,9.33333,6,11.66667],"texture":"#2"},"west":{"uv":[9.33333,8,10,10.33333],"texture":"#2"}}},{"from":[6.65,12.40931,8.2435],"to":[9.35,15.10931,10.9435],"rotation":{"angle":0,"axis":"y","origin":[8,12.59633,9.85]},"faces":{"north":{"uv":[0,4.66667,1.66667,6.33333],"texture":"#2"},"east":{"uv":[2,4.66667,3.66667,6.33333],"texture":"#2"},"south":{"uv":[4,4.66667,5.66667,6.33333],"texture":"#2"},"west":{"uv":[6,4.66667,7.66667,6.33333],"texture":"#2"},"up":{"uv":[1.66667,8.33333,0,6.66667],"texture":"#2"},"down":{"uv":[8.33333,0,6.66667,1.66667],"texture":"#2"}}},{"from":[6.92,9.70931,8.5135],"to":[9.08,12.40931,10.4035],"rotation":{"angle":0,"axis":"y","origin":[8,12.59633,9.85]},"faces":{"north":{"uv":[0,8.66667,1.33333,10.33333],"texture":"#2"},"east":{"uv":[8.66667,0,10,1.66667],"texture":"#2"},"south":{"uv":[6,8.66667,7.33333,10.33333],"texture":"#2"},"west":{"uv":[8.66667,6,10,7.66667],"texture":"#2"},"up":{"uv":[9.33333,10,8,8.66667],"texture":"#2"},"down":{"uv":[3.33333,9.33333,2,10.66667],"texture":"#2"}}},{"from":[6.92,9.70931,10.4035],"to":[9.08,11.33431,10.9435],"rotation":{"angle":0,"axis":"y","origin":[8,12.59633,9.85]},"faces":{"east":{"uv":[0.66667,12.66667,1,13.66667],"texture":"#2"},"south":{"uv":[10,7.33333,11.33333,8.33333],"texture":"#2"},"west":{"uv":[12.66667,1.33333,13,2.33333],"texture":"#2"},"up":{"uv":[10,12.33333,8.66667,12],"texture":"#2"},"down":{"uv":[13.33333,8.66667,12,9],"texture":"#2"}}},{"from":[7.19,12.40931,10.9435],"to":[8.81,13.48931,11.4835],"rotation":{"angle":0,"axis":"y","origin":[8,12.59633,9.85]},"faces":{"east":{"uv":[3.33333,12.66667,3.66667,13.33333],"texture":"#2"},"south":{"uv":[11.33333,10.66667,12.33333,11.33333],"texture":"#2"},"west":{"uv":[12.66667,3.33333,13,4],"texture":"#2"},"up":{"uv":[3,13,2,12.66667],"texture":"#2"},"down":{"uv":[13.66667,2.66667,12.66667,3],"texture":"#2"}}},{"from":[7.622,13.06541,11.0839],"to":[8.378,13.56221,11.5591],"rotation":{"angle":0,"axis":"y","origin":[8,12.59633,9.85]},"faces":{"north":{"uv":[4,12.66667,4.66667,13],"texture":"#2"},"east":{"uv":[7.33333,12.66667,7.66667,13],"texture":"#2"},"south":{"uv":[12.66667,4,13.33333,4.33333],"texture":"#2"},"west":{"uv":[12.66667,7.33333,13,7.66667],"texture":"#2"},"up":{"uv":[5.33333,13,4.66667,12.66667],"texture":"#2"},"down":{"uv":[13.33333,4.66667,12.66667,5],"texture":"#2"}}},{"from":[7.73,9.86924,9.00502],"to":[8.27,10.40924,9.54502],"rotation":{"angle":22.5,"axis":"x","origin":[8,12.59633,9.85]},"faces":{"north":{"uv":[8,12.66667,8.33333,13],"texture":"#2"},"east":{"uv":[12.66667,8,13,8.33333],"texture":"#2"},"south":{"uv":[8.66667,12.66667,9,13],"texture":"#2"},"west":{"uv":[9.33333,12.66667,9.66667,13],"texture":"#2"},"up":{"uv":[13,9.66667,12.66667,9.33333],"texture":"#2"},"down":{"uv":[10.33333,12.66667,10,13],"texture":"#2"}}},{"from":[7.34055,14.91604,9.306],"to":[8.55555,16.13104,9.896],"rotation":{"angle":22.5,"axis":"z","origin":[8,12.59633,9.85]},"faces":{"north":{"uv":[12,9.33333,12.66667,10],"texture":"#2"},"east":{"uv":[5.33333,12.66667,5.66667,13.33333],"texture":"#2"},"south":{"uv":[10,12,10.66667,12.66667],"texture":"#2"},"west":{"uv":[12.66667,5.33333,13,6],"texture":"#2"},"up":{"uv":[6.66667,13,6,12.66667],"texture":"#2"},"down":{"uv":[13.33333,6,12.66667,6.33333],"texture":"#2"}}},{"from":[6.28515,9.30431,9.16452],"to":[7.50015,10.51931,12.40452],"rotation":{"angle":-22.5,"axis":"y","origin":[8,12.59633,9.85]},"faces":{"north":{"uv":[12,10,12.66667,10.66667],"texture":"#2"},"east":{"uv":[10,1.33333,12,2],"texture":"#2"},"south":{"uv":[10.66667,12,11.33333,12.66667],"texture":"#2"},"west":{"uv":[10,8.66667,12,9.33333],"texture":"#2"},"up":{"uv":[8.66667,12,8,10],"texture":"#2"},"down":{"uv":[9.33333,10,8.66667,12],"texture":"#2"}}},{"from":[5.705,11.32119,9.33055],"to":[6.92,12.53619,12.03055],"rotation":{"angle":22.5,"axis":"x","origin":[8,12.59633,9.85]},"faces":{"north":{"uv":[12,11.33333,12.66667,12],"texture":"#2"},"east":{"uv":[10,9.33333,11.66667,10],"texture":"#2"},"south":{"uv":[12,12,12.66667,12.66667],"texture":"#2"},"west":{"uv":[10,10,11.66667,10.66667],"texture":"#2"},"up":{"uv":[0.66667,12.33333,0,10.66667],"texture":"#2"},"down":{"uv":[1.33333,10.66667,0.66667,12.33333],"texture":"#2"}}},{"from":[9.08,11.32119,9.33055],"to":[10.295,12.53619,12.03055],"rotation":{"angle":22.5,"axis":"x","origin":[8,12.59633,9.85]},"faces":{"north":{"uv":[12.66667,11.33333,12,12],"texture":"#2"},"east":{"uv":[11.66667,10,10,10.66667],"texture":"#2"},"south":{"uv":[12.66667,12,12,12.66667],"texture":"#2"},"west":{"uv":[11.66667,9.33333,10,10],"texture":"#2"},"up":{"uv":[0,12.33333,0.66667,10.66667],"texture":"#2"},"down":{"uv":[0.66667,10.66667,1.33333,12.33333],"texture":"#2"}}},{"from":[8.49985,9.30431,9.16452],"to":[9.71485,10.51931,12.40452],"rotation":{"angle":22.5,"axis":"y","origin":[8,12.59633,9.85]},"faces":{"north":{"uv":[12.66667,10,12,10.66667],"texture":"#2"},"east":{"uv":[12,8.66667,10,9.33333],"texture":"#2"},"south":{"uv":[11.33333,12,10.66667,12.66667],"texture":"#2"},"west":{"uv":[12,1.33333,10,2],"texture":"#2"},"up":{"uv":[8,12,8.66667,10],"texture":"#2"},"down":{"uv":[8.66667,10,9.33333,12],"texture":"#2"}}},{"from":[7.44445,14.91604,9.306],"to":[8.65945,16.13104,9.896],"rotation":{"angle":-22.5,"axis":"z","origin":[8,12.59633,9.85]},"faces":{"north":{"uv":[12.66667,9.33333,12,10],"texture":"#2"},"east":{"uv":[13,5.33333,12.66667,6],"texture":"#2"},"south":{"uv":[10.66667,12,10,12.66667],"texture":"#2"},"west":{"uv":[5.66667,12.66667,5.33333,13.33333],"texture":"#2"},"up":{"uv":[6,13,6.66667,12.66667],"texture":"#2"},"down":{"uv":[12.66667,6,13.33333,6.33333],"texture":"#2"}}},{"from":[7,11,7],"to":[9,14,9],"rotation":{"angle":0,"axis":"y","origin":[7,0,0]},"faces":{"north":{"uv":[6,6.66667,7.33333,8.66667],"texture":"#2"},"east":{"uv":[7.33333,6.66667,8.66667,8.66667],"texture":"#2"},"south":{"uv":[8,2,9.33333,4],"texture":"#2"},"west":{"uv":[8,4,9.33333,6],"texture":"#2"},"up":{"uv":[10.66667,3.33333,9.33333,2],"texture":"#2"},"down":{"uv":[4.66667,9.33333,3.33333,10.66667],"texture":"#2"}}},{"from":[7.55,11.375,3.2],"to":[8.45,12.775,8],"rotation":{"angle":-22.5,"axis":"x","origin":[8,11.325,4.73522]},"faces":{"north":{"uv":[11.33333,11.33333,12,12.33333],"texture":"#2"},"east":{"uv":[0,3.33333,3.33333,4.33333],"texture":"#2"},"west":{"uv":[3.33333,3.33333,6.66667,4.33333],"texture":"#2"},"up":{"uv":[2,12,1.33333,8.66667],"texture":"#2"},"down":{"uv":[8,8.66667,7.33333,12],"texture":"#2"}}},{"from":[7.676,9.27994,1.79029],"to":[8.324,11.57594,2.93829],"rotation":{"angle":45,"axis":"x","origin":[8,10.575,2.88522]},"faces":{"north":{"uv":[12,0,12.33333,1.66667],"texture":"#2"},"east":{"uv":[2,10.66667,2.66667,12.33333],"texture":"#2"},"south":{"uv":[1.33333,12,1.66667,13.66667],"texture":"#2"},"west":{"uv":[2.66667,10.66667,3.33333,12.33333],"texture":"#2"},"down":{"uv":[7,12.66667,6.66667,13.33333],"texture":"#2"}}},{"from":[7.80228,8.02028,1.45958],"to":[8.19772,9.81116,2.35502],"rotation":{"angle":22.5,"axis":"x","origin":[8,10.575,2.88522]},"faces":{"north":{"uv":[0,12.66667,0.33333,14],"texture":"#2"},"east":{"uv":[11.33333,6,12,7.33333],"texture":"#2"},"south":{"uv":[12.66667,0,13,1.33333],"texture":"#2"},"west":{"uv":[11.33333,7.33333,12,8.66667],"texture":"#2"},"down":{"uv":[13,6.66667,12.66667,7.33333],"texture":"#2"}}},{"from":[8,7.575,-2.15],"to":[8,12.575,7.35],"rotation":{"angle":-22.5,"axis":"x","origin":[8,11.325,4.73522]},"faces":{"north":{"uv":[0,0,0,3.33333],"texture":"#2"},"east":{"uv":[6.33333,0,0,3.33333],"texture":"#2"},"south":{"uv":[0,0,0,3.33333],"texture":"#2"},"west":{"uv":[0,0,6.33333,3.33333],"texture":"#2"},"up":{"uv":[0,6.33333,0,0],"texture":"#2"},"down":{"uv":[0,0,0,6.33333],"texture":"#2"}}}],"gui_light":"front","display":{"thirdperson_righthand":{"translation":[0,3,1]},"thirdperson_lefthand":{"translation":[0,3,1]},"firstperson_righthand":{"rotation":[-10,0,0],"translation":[-1.5,4.5,2]},"firstperson_lefthand":{"rotation":[-10,0,0],"translation":[-1.5,4.5,2]},"ground":{"translation":[0,8.5,0]},"gui":{"rotation":[-90,45,90],"translation":[0.5,0.25,0],"scale":[1.0332,1.0332,1.0332]},"head":{"scale":[0,0,0]},"fixed":{"rotation":[90,-135,90],"translation":[-0.75,-0.25,0]}}}