{"credit":"MadebyPolygonMC","texture_size":[24,24],"textures":{"1":"littleteddybearset:sword","particle":"littleteddybearset:sword"},"elements":[{"from":[7.5,1,7.5],"to":[8.5,2,8.5],"rotation":{"angle":0,"axis":"y","origin":[7.5,0,7.5]},"faces":{"north":{"uv":[1.33333,10,2,10.66667],"texture":"#1"},"east":{"uv":[10,1.33333,10.66667,2],"texture":"#1"},"south":{"uv":[10,2,10.66667,2.66667],"texture":"#1"},"west":{"uv":[10,4,10.66667,4.66667],"texture":"#1"},"up":{"uv":[10.66667,5.33333,10,4.66667],"texture":"#1"},"down":{"uv":[10.66667,5.33333,10,6],"texture":"#1"}}},{"from":[7.5,4,7.5],"to":[8.5,5,8.5],"rotation":{"angle":0,"axis":"y","origin":[7.5,3,7.5]},"faces":{"north":{"uv":[10,6.66667,10.66667,7.33333],"texture":"#1"},"east":{"uv":[7.33333,10,8,10.66667],"texture":"#1"},"south":{"uv":[10,7.33333,10.66667,8],"texture":"#1"},"west":{"uv":[8,10,8.66667,10.66667],"texture":"#1"},"up":{"uv":[10.66667,8.66667,10,8],"texture":"#1"},"down":{"uv":[10.66667,8.66667,10,9.33333],"texture":"#1"}}},{"from":[7.6,2,7.6],"to":[8.4,4,8.4],"rotation":{"angle":0,"axis":"y","origin":[7.5,1,7.5]},"faces":{"north":{"uv":[9.33333,1.33333,10,2.66667],"texture":"#1"},"east":{"uv":[2.66667,9.33333,3.33333,10.66667],"texture":"#1"},"south":{"uv":[3.33333,9.33333,4,10.66667],"texture":"#1"},"west":{"uv":[4,9.33333,4.66667,10.66667],"texture":"#1"},"up":{"uv":[10.66667,10,10,9.33333],"texture":"#1"},"down":{"uv":[10.66667,10,10,10.66667],"texture":"#1"}}},{"from":[7.44,0.215,7.44],"to":[8.56,1.335,8.56],"rotation":{"angle":-45,"axis":"x","origin":[8,0.775,8]},"faces":{"north":{"uv":[10.66667,0,11.33333,0.66667],"texture":"#1"},"east":{"uv":[10.66667,0.66667,11.33333,1.33333],"texture":"#1"},"south":{"uv":[1.33333,10.66667,2,11.33333],"texture":"#1"},"west":{"uv":[10.66667,1.33333,11.33333,2],"texture":"#1"},"up":{"uv":[11.33333,2.66667,10.66667,2],"texture":"#1"},"down":{"uv":[3.33333,10.66667,2.66667,11.33333],"texture":"#1"}}},{"from":[7.44,4.715,7.44],"to":[8.56,6.335,9.06],"rotation":{"angle":-45,"axis":"x","origin":[8,5.275,8]},"faces":{"north":{"uv":[9.33333,4,10,5],"texture":"#1"},"east":{"uv":[8.66667,6.66667,9.66667,7.66667],"texture":"#1"},"south":{"uv":[4.66667,9.33333,5.33333,10.33333],"texture":"#1"},"west":{"uv":[8.66667,8,9.66667,9],"texture":"#1"},"up":{"uv":[9.33333,10.33333,8.66667,9.33333],"texture":"#1"},"down":{"uv":[10,9.33333,9.33333,10.33333],"texture":"#1"}}},{"from":[7.75,5.75,7],"to":[8.25,8.75,9],"rotation":{"angle":0,"axis":"y","origin":[7.75,5.75,7]},"faces":{"north":{"uv":[0,10,0.33333,12],"texture":"#1"},"east":{"uv":[2,6,3.33333,8],"texture":"#1"},"south":{"uv":[0.66667,10,1,12],"texture":"#1"},"west":{"uv":[3.33333,6,4.66667,8],"texture":"#1"},"up":{"uv":[11,4,10.66667,2.66667],"texture":"#1"},"down":{"uv":[3.66667,10.66667,3.33333,12],"texture":"#1"}}},{"from":[7.6,8.15,6.6],"to":[8.4,9.15,9],"rotation":{"angle":-22.5,"axis":"x","origin":[8,8.65,8]},"faces":{"north":{"uv":[4,10.66667,4.66667,11.33333],"texture":"#1"},"east":{"uv":[8.66667,0,10.33333,0.66667],"texture":"#1"},"south":{"uv":[10.66667,4,11.33333,4.66667],"texture":"#1"},"west":{"uv":[8.66667,0.66667,10.33333,1.33333],"texture":"#1"},"up":{"uv":[9.33333,3,8.66667,1.33333],"texture":"#1"},"down":{"uv":[6,8.66667,5.33333,10.33333],"texture":"#1"}}},{"from":[6.65,8.15931,8.4935],"to":[9.35,10.85931,11.1935],"rotation":{"angle":0,"axis":"y","origin":[8,9.50931,9.8435]},"faces":{"north":{"uv":[3.33333,0,5,1.66667],"texture":"#1"},"east":{"uv":[3.33333,2,5,3.66667],"texture":"#1"},"south":{"uv":[3.33333,4,5,5.66667],"texture":"#1"},"west":{"uv":[5.33333,0,7,1.66667],"texture":"#1"},"up":{"uv":[7,3.66667,5.33333,2],"texture":"#1"},"down":{"uv":[7,4,5.33333,5.66667],"texture":"#1"}}},{"from":[6.92,5.45931,8.7635],"to":[9.08,8.15931,10.6535],"rotation":{"angle":0,"axis":"y","origin":[8,7.38098,10.316]},"faces":{"north":{"uv":[4.66667,6,6,7.66667],"texture":"#1"},"east":{"uv":[6,6,7.33333,7.66667],"texture":"#1"},"south":{"uv":[7.33333,0,8.66667,1.66667],"texture":"#1"},"west":{"uv":[7.33333,2,8.66667,3.66667],"texture":"#1"},"up":{"uv":[4,9.33333,2.66667,8],"texture":"#1"},"down":{"uv":[5.33333,8,4,9.33333],"texture":"#1"}}},{"from":[6.92,5.45931,10.6535],"to":[9.08,7.08431,11.1935],"rotation":{"angle":0,"axis":"y","origin":[8,7.38098,10.316]},"faces":{"east":{"uv":[10.66667,7.33333,11,8.33333],"texture":"#1"},"south":{"uv":[8,4,9.33333,5],"texture":"#1"},"west":{"uv":[8,10.66667,8.33333,11.66667],"texture":"#1"},"up":{"uv":[6,11,4.66667,10.66667],"texture":"#1"},"down":{"uv":[12,4.66667,10.66667,5],"texture":"#1"}}},{"from":[7.19,8.15931,11.1935],"to":[8.81,9.23931,11.7335],"rotation":{"angle":0,"axis":"y","origin":[8,9.50931,12.5435]},"faces":{"east":{"uv":[1.33333,11.33333,1.66667,12],"texture":"#1"},"south":{"uv":[9.33333,2.66667,10.33333,3.33333],"texture":"#1"},"west":{"uv":[11.33333,1.33333,11.66667,2],"texture":"#1"},"up":{"uv":[9.66667,11,8.66667,10.66667],"texture":"#1"},"down":{"uv":[11.66667,8.66667,10.66667,9],"texture":"#1"}}},{"from":[7.622,8.81541,11.3339],"to":[8.378,9.31221,11.8091],"rotation":{"angle":0,"axis":"y","origin":[7.946,9.52821,12.6731]},"faces":{"north":{"uv":[11.33333,2,12,2.33333],"texture":"#1"},"east":{"uv":[11.33333,6,11.66667,6.33333],"texture":"#1"},"south":{"uv":[2.66667,11.33333,3.33333,11.66667],"texture":"#1"},"west":{"uv":[6.66667,11.33333,7,11.66667],"texture":"#1"},"up":{"uv":[12,3,11.33333,2.66667],"texture":"#1"},"down":{"uv":[12,3.33333,11.33333,3.66667],"texture":"#1"}}},{"from":[7.73,6.02631,8.3585],"to":[8.27,6.56631,8.8985],"rotation":{"angle":22.5,"axis":"x","origin":[8,6.29631,8.6285]},"faces":{"north":{"uv":[11.33333,6.66667,11.66667,7],"texture":"#1"},"east":{"uv":[7.33333,11.33333,7.66667,11.66667],"texture":"#1"},"south":{"uv":[11.33333,7.33333,11.66667,7.66667],"texture":"#1"},"west":{"uv":[11.33333,8,11.66667,8.33333],"texture":"#1"},"up":{"uv":[9,11.66667,8.66667,11.33333],"texture":"#1"},"down":{"uv":[9.66667,11.33333,9.33333,11.66667],"texture":"#1"}}},{"from":[6.245,10.45431,9.556],"to":[7.46,11.66931,10.146],"rotation":{"angle":22.5,"axis":"z","origin":[6.92,10.99431,9.851]},"faces":{"north":{"uv":[10.66667,5.33333,11.33333,6],"texture":"#1"},"east":{"uv":[4,11.33333,4.33333,12],"texture":"#1"},"south":{"uv":[6,10.66667,6.66667,11.33333],"texture":"#1"},"west":{"uv":[11.33333,4,11.66667,4.66667],"texture":"#1"},"up":{"uv":[5.33333,11.66667,4.66667,11.33333],"texture":"#1"},"down":{"uv":[6,11.33333,5.33333,11.66667],"texture":"#1"}}},{"from":[8.54,10.45431,9.556],"to":[9.755,11.66931,10.146],"rotation":{"angle":-22.5,"axis":"z","origin":[9.08,10.99431,9.851]},"faces":{"north":{"uv":[11.33333,5.33333,10.66667,6],"texture":"#1"},"east":{"uv":[11.66667,4,11.33333,4.66667],"texture":"#1"},"south":{"uv":[6.66667,10.66667,6,11.33333],"texture":"#1"},"west":{"uv":[4.33333,11.33333,4,12],"texture":"#1"},"up":{"uv":[4.66667,11.66667,5.33333,11.33333],"texture":"#1"},"down":{"uv":[5.33333,11.33333,6,11.66667],"texture":"#1"}}},{"from":[6.11,5.05431,8.966],"to":[7.325,6.26931,12.206],"rotation":{"angle":-22.5,"axis":"y","origin":[6.785,5.59431,10.316]},"faces":{"north":{"uv":[10.66667,6,11.33333,6.66667],"texture":"#1"},"east":{"uv":[5.33333,8,7.33333,8.66667],"texture":"#1"},"south":{"uv":[6.66667,10.66667,7.33333,11.33333],"texture":"#1"},"west":{"uv":[8,5.33333,10,6],"texture":"#1"},"up":{"uv":[8.66667,8,8,6],"texture":"#1"},"down":{"uv":[8.66667,8,8,10],"texture":"#1"}}},{"from":[5.705,6.80931,9.236],"to":[6.92,8.02431,11.936],"rotation":{"angle":22.5,"axis":"x","origin":[6.38,7.34931,10.586]},"faces":{"north":{"uv":[10.66667,6.66667,11.33333,7.33333],"texture":"#1"},"east":{"uv":[8.66667,3.33333,10.33333,4],"texture":"#1"},"south":{"uv":[7.33333,10.66667,8,11.33333],"texture":"#1"},"west":{"uv":[8.66667,6,10.33333,6.66667],"texture":"#1"},"up":{"uv":[6.66667,10.33333,6,8.66667],"texture":"#1"},"down":{"uv":[7.33333,8.66667,6.66667,10.33333],"texture":"#1"}}},{"from":[9.08,6.80931,9.236],"to":[10.295,8.02431,11.936],"rotation":{"angle":22.5,"axis":"x","origin":[9.62,7.34931,10.586]},"faces":{"north":{"uv":[11.33333,6.66667,10.66667,7.33333],"texture":"#1"},"east":{"uv":[10.33333,6,8.66667,6.66667],"texture":"#1"},"south":{"uv":[8,10.66667,7.33333,11.33333],"texture":"#1"},"west":{"uv":[10.33333,3.33333,8.66667,4],"texture":"#1"},"up":{"uv":[6,10.33333,6.66667,8.66667],"texture":"#1"},"down":{"uv":[6.66667,8.66667,7.33333,10.33333],"texture":"#1"}}},{"from":[8.675,5.05431,8.966],"to":[9.89,6.26931,12.206],"rotation":{"angle":22.5,"axis":"y","origin":[9.215,5.59431,10.316]},"faces":{"north":{"uv":[11.33333,6,10.66667,6.66667],"texture":"#1"},"east":{"uv":[10,5.33333,8,6],"texture":"#1"},"south":{"uv":[7.33333,10.66667,6.66667,11.33333],"texture":"#1"},"west":{"uv":[7.33333,8,5.33333,8.66667],"texture":"#1"},"up":{"uv":[8,8,8.66667,6],"texture":"#1"},"down":{"uv":[8,8,8.66667,10],"texture":"#1"}}},{"from":[7.75,9.07074,7.86522],"to":[8.25,18.07074,8.86522],"rotation":{"angle":0,"axis":"y","origin":[15.1,17.64149,16.98044]},"faces":{"north":{"uv":[7.33333,4,7.66667,10],"texture":"#1"},"east":{"uv":[2,0,2.66667,6],"texture":"#1"},"south":{"uv":[2,8,2.33333,14],"texture":"#1"},"west":{"uv":[2.66667,0,3.33333,6],"texture":"#1"},"up":{"uv":[11.66667,6,11.33333,5.33333],"texture":"#1"},"down":{"uv":[6.33333,11.33333,6,12],"texture":"#1"}}},{"from":[7.755,17.4243,8.42588],"to":[8.245,18.9243,9.15088],"rotation":{"angle":45,"axis":"x","origin":[8.005,18.4243,8.92588]},"faces":{"north":{"uv":[10.66667,9.33333,11,10.33333],"texture":"#1"},"east":{"uv":[10,10.66667,10.33333,11.66667],"texture":"#1"},"south":{"uv":[10.66667,10.66667,11,11.66667],"texture":"#1"},"west":{"uv":[11.33333,0,11.66667,1],"texture":"#1"},"up":{"uv":[11.66667,9.66667,11.33333,9.33333],"texture":"#1"},"down":{"uv":[11.66667,10,11.33333,10.33333],"texture":"#1"}}},{"from":[8,8.6,6.65],"to":[8,23.6,9.25],"rotation":{"angle":0,"axis":"y","origin":[8,8.6,4.25]},"faces":{"north":{"uv":[0,0,0,10],"texture":"#1"},"east":{"uv":[1.66667,0,0,10],"texture":"#1"},"south":{"uv":[0,0,0,10],"texture":"#1"},"west":{"uv":[0,0,1.66667,10],"texture":"#1"},"up":{"uv":[0,1.66667,0,0],"texture":"#1"},"down":{"uv":[0,0,0,1.66667],"texture":"#1"}}}],"gui_light":"front","display":{"thirdperson_righthand":{"translation":[0,3,1]},"thirdperson_lefthand":{"translation":[0,3,1]},"firstperson_righthand":{"rotation":[-10,0,0],"translation":[-1.5,4.5,2]},"firstperson_lefthand":{"rotation":[-10,0,0],"translation":[-1.5,4.5,2]},"ground":{"translation":[0,8.5,0]},"gui":{"rotation":[-90,45,90],"translation":[2.25,-2.75,0],"scale":[0.92578,0.92578,0.92578]},"head":{"scale":[0,0,0]},"fixed":{"rotation":[90,-135,90],"translation":[-2.5,-3.25,0]}}}