{"credit":"This model was made for a paying customer, you are not allowed to use it without a license. By Ligua using Block Bench","texture_size":[32,32],"textures":{"0":"cosmicpickaxes:martian_pickaxe","1":"cosmicpickaxes:martian_pickaxe_head","particle":"cosmicpickaxes:martian_pickaxe"},"elements":[{"from":[7,-5.25371,-3.65563],"to":[9,-2.25371,-0.65563],"rotation":{"angle":-45,"axis":"x","origin":[7.71705,5.17202,6.91549]},"faces":{"north":{"uv":[9,14.5,11,15.5],"rotation":270,"texture":"#0"},"east":{"uv":[8,8.5,10,10.5],"texture":"#0"},"south":{"uv":[9,12.5,11,13.5],"rotation":90,"texture":"#0"},"west":{"uv":[8,10.5,10,12.5],"rotation":180,"texture":"#0"},"up":{"uv":[9,13.5,11,14.5],"rotation":270,"texture":"#0"},"down":{"uv":[11,14.5,13,15.5],"rotation":90,"texture":"#0"}}},{"from":[7,-6.80368,5.81268],"to":[9,12.19632,7.81268],"rotation":{"angle":0,"axis":"x","origin":[7.71705,5.17202,6.91549]},"faces":{"north":{"uv":[4.5,0,6,13.5],"texture":"#0"},"east":{"uv":[3,0,4.5,13.5],"texture":"#0"},"south":{"uv":[1.5,0,3,13.5],"texture":"#0"},"west":{"uv":[0,0,1.5,13.5],"texture":"#0"},"up":{"uv":[1.5,15.5,0,14],"rotation":270,"texture":"#0"},"down":{"uv":[3,15.5,1.5,14],"rotation":90,"texture":"#0"}}},{"from":[6.8,-7.00368,5.61268],"to":[9.2,-4.60368,8.01268],"rotation":{"angle":0,"axis":"x","origin":[7.71705,5.17202,6.91549]},"faces":{"north":{"uv":[7.5,14,9,15.5],"texture":"#0"},"east":{"uv":[3,14,4.5,15.5],"texture":"#0"},"south":{"uv":[4.5,14,6,15.5],"texture":"#0"},"west":{"uv":[6,14,7.5,15.5],"texture":"#0"},"up":{"uv":[6,12.5,7.5,14],"texture":"#0"},"down":{"uv":[7.5,12.5,9,14],"texture":"#0"}}},{"from":[6.9,11.45486,5.71268],"to":[9.1,13.65486,7.91268],"rotation":{"angle":0,"axis":"x","origin":[7.71705,5.17202,6.91549]},"faces":{"north":{"uv":[7.5,15.5,9,14],"texture":"#0"},"east":{"uv":[3,15.5,4.5,14],"texture":"#0"},"south":{"uv":[4.5,15.5,6,14],"texture":"#0"},"west":{"uv":[6,15.5,7.5,14],"texture":"#0"},"up":{"uv":[7.5,14,9,12.5],"texture":"#0"},"down":{"uv":[6,14,7.5,12.5],"texture":"#0"}}},{"from":[6.5875,0.09632,7.83768],"to":[6.7875,1.29632,9.03768],"rotation":{"angle":0,"axis":"x","origin":[7.71705,5.17202,6.91549]},"faces":{"north":{"uv":[14.5,14.5,14,15.5],"rotation":180,"texture":"#0"},"south":{"uv":[13.5,14.5,13,15.5],"texture":"#0"},"west":{"uv":[16,14.5,15,15.5],"rotation":90,"texture":"#0"},"up":{"uv":[15,14.5,14.5,15.5],"rotation":180,"texture":"#0"},"down":{"uv":[14,14.5,13.5,15.5],"texture":"#0"}}},{"from":[6.5875,5.53382,7.83768],"to":[6.7875,6.73382,9.03768],"rotation":{"angle":0,"axis":"x","origin":[7.71705,5.17202,6.91549]},"faces":{"north":{"uv":[15,14.5,14.5,15.5],"texture":"#0"},"south":{"uv":[14,14.5,13.5,15.5],"texture":"#0"},"west":{"uv":[16,14.5,15,15.5],"texture":"#0"},"up":{"uv":[13.5,14.5,13,15.5],"texture":"#0"},"down":{"uv":[14.5,14.5,14,15.5],"texture":"#0"}}},{"from":[6.7125,1.31139,8.01353],"to":[6.7125,5.51139,8.61353],"rotation":{"angle":0,"axis":"x","origin":[7.71705,5.17202,6.91549]},"faces":{"east":{"uv":[14.5,14,11,14.5],"rotation":270,"texture":"#0"},"west":{"uv":[11,14,14.5,14.5],"rotation":90,"texture":"#0"}}},{"from":[9.2125,5.53382,7.83768],"to":[9.4125,6.73382,9.03768],"rotation":{"angle":0,"axis":"x","origin":[8.28295,5.17202,6.91549]},"faces":{"north":{"uv":[14.5,14.5,15,15.5],"texture":"#0"},"east":{"uv":[15,14.5,16,15.5],"texture":"#0"},"south":{"uv":[13.5,14.5,14,15.5],"texture":"#0"},"up":{"uv":[13,14.5,13.5,15.5],"texture":"#0"},"down":{"uv":[14,14.5,14.5,15.5],"texture":"#0"}}},{"from":[9.2875,1.31139,8.01353],"to":[9.2875,5.51139,8.61353],"rotation":{"angle":0,"axis":"x","origin":[8.28295,5.17202,6.91549]},"faces":{"east":{"uv":[11,14.5,14.5,14],"rotation":90,"texture":"#0"},"west":{"uv":[14.5,14.5,11,14],"rotation":270,"texture":"#0"}}},{"from":[9.2125,0.09632,7.83768],"to":[9.4125,1.29632,9.03768],"rotation":{"angle":0,"axis":"x","origin":[8.28295,5.17202,6.91549]},"faces":{"north":{"uv":[14,14.5,14.5,15.5],"rotation":180,"texture":"#0"},"east":{"uv":[16,15.5,15,14.5],"rotation":90,"texture":"#0"},"south":{"uv":[13,14.5,13.5,15.5],"texture":"#0"},"up":{"uv":[14.5,14.5,15,15.5],"rotation":180,"texture":"#0"},"down":{"uv":[13.5,14.5,14,15.5],"texture":"#0"}}},{"from":[6.8,-1.00368,6.86268],"to":[9.2,7.39632,9.26268],"rotation":{"angle":0,"axis":"x","origin":[7.71705,5.17202,6.91549]},"faces":{"north":{"uv":[12,0,14,6.5],"texture":"#0"},"east":{"uv":[10,0,12,6.5],"texture":"#0"},"south":{"uv":[8,0,10,6.5],"texture":"#0"},"west":{"uv":[6,0,8,6.5],"texture":"#0"},"up":{"uv":[8,8.5,6,6.5],"rotation":270,"texture":"#0"},"down":{"uv":[10,8.5,8,6.5],"rotation":90,"texture":"#0"}}},{"from":[6.8,13.71153,1.62238],"to":[9.2,16.11153,9.02238],"rotation":{"angle":0,"axis":"x","origin":[7.71705,5.17202,6.91549]},"faces":{"north":{"uv":[16,6.5,14,4.5],"rotation":90,"texture":"#0"},"east":{"uv":[14,6.5,16,12.5],"rotation":270,"texture":"#0"},"south":{"uv":[16,6.5,14,4.5],"rotation":90,"texture":"#0"},"west":{"uv":[10,6.5,12,12.5],"rotation":270,"texture":"#0"},"up":{"uv":[12,6.5,14,12.5],"rotation":180,"texture":"#0"},"down":{"uv":[14,12.5,12,6.5],"texture":"#0"}}},{"from":[8,14.08201,-1.78833],"to":[8,18.08201,6.21167],"rotation":{"angle":-22.5,"axis":"x","origin":[7.71705,5.17202,6.91549]},"faces":{"east":{"uv":[0,0,13,7],"texture":"#1"},"south":{"uv":[0,0,0,0],"rotation":90,"texture":"#1"},"west":{"uv":[13,0,0,7],"texture":"#1"}}},{"from":[8,12.47542,4.40416],"to":[8,16.47542,12.40416],"rotation":{"angle":22.5,"axis":"x","origin":[6.91705,5.17202,6.91549]},"faces":{"east":{"uv":[0,7,13,14],"texture":"#1"},"south":{"uv":[0,0,0,0],"rotation":90,"texture":"#1"},"west":{"uv":[13,7,0,14],"texture":"#1"}}}],"gui_light":"front","display":{"thirdperson_righthand":{"translation":[0,3.75,1],"scale":[0.7,0.7,0.7]},"thirdperson_lefthand":{"translation":[0,3.75,1],"scale":[0.7,0.7,0.7]},"firstperson_righthand":{"rotation":[-11.5,16,0],"translation":[0,6.75,1.25],"scale":[0.5,0.5,0.5]},"firstperson_lefthand":{"rotation":[-11.5,16,0],"translation":[0,6.75,1.25],"scale":[0.5,0.5,0.5]},"ground":{"rotation":[-90,145,90],"scale":[0.5,0.5,0.5]},"gui":{"rotation":[-90,-128.25,-90],"translation":[-2.75,1.75,-3],"scale":[0.7,0.7,0.7]},"head":{"rotation":[-90,145,90],"translation":[6,0,-3]},"fixed":{"rotation":[-90,145,90],"translation":[4.75,0,-3]}}}