{"credit":"Made with Blockbench","texture_size":[64,64],"textures":{"1":"cosmo_pack:sword","2":"cosmo_pack:lighting","3":"cosmo_pack:ring","4":"cosmo_pack:gravity_1","5":"cosmo_pack:gravity_2","particle":"cosmo_pack:lighting"},"elements":[{"from":[6,-1.62546,7.4],"to":[10,2.37454,8.6],"rotation":{"angle":45,"axis":"z","origin":[8,0.37454,8]},"faces":{"north":{"uv":[4.75,0,5.75,1],"rotation":270,"texture":"#1"},"east":{"uv":[7,2.8125,6,2.5],"rotation":90,"texture":"#1"},"south":{"uv":[4.75,0,5.75,1],"texture":"#1"},"west":{"uv":[7,3,6,3.3125],"rotation":90,"texture":"#1"},"up":{"uv":[6,1.5,6.3125,2.5],"rotation":90,"texture":"#1"},"down":{"uv":[5.5,2.75,5.8125,3.75],"rotation":90,"texture":"#1"}}},{"from":[7,22.57454,7.745],"to":[8.4,23.97454,8.255],"rotation":{"angle":-45,"axis":"z","origin":[8,22.97454,7.995]},"faces":{"north":{"uv":[6.75,1,7.125,1.375],"texture":"#1"},"east":{"uv":[6,7.5,6.125,7.875],"texture":"#1"},"south":{"uv":[6.75,1,7.125,1.37501],"rotation":270,"texture":"#1"},"west":{"uv":[6.25,7.5,6.375,7.875],"texture":"#1"},"up":{"uv":[7.875,6.375,7.5,6.25],"texture":"#1"},"down":{"uv":[6.875,7.5,6.5,7.625],"texture":"#1"}}},{"from":[6.5,0.37454,7.75],"to":[9.5,4.37454,8.25],"rotation":{"angle":0,"axis":"z","origin":[8,2.37454,8]},"faces":{"north":{"uv":[4.75,2,5.5,3],"texture":"#1"},"east":{"uv":[5.75,7,5.875,8],"texture":"#1"},"south":{"uv":[4.75,2,5.5,3],"texture":"#1"},"west":{"uv":[7,6.75,7.125,7.75],"texture":"#1"},"up":{"uv":[8,0.625,7.25,0.5],"texture":"#1"},"down":{"uv":[8,0.75,7.25,0.875],"texture":"#1"}}},{"from":[8.29881,3.64828,7.8],"to":[8.84881,4.99828,8.2],"rotation":{"angle":22.5,"axis":"z","origin":[7.34881,5.64828,7.95]},"faces":{"north":{"uv":[6.5,7.75,6.625,8.0625],"texture":"#1"},"east":{"uv":[6.75,7.75,6.875,8.0625],"texture":"#1"},"south":{"uv":[7.75,6.75,7.875,7.0625],"texture":"#1"},"west":{"uv":[7,7.75,7.125,8.0625],"texture":"#1"},"up":{"uv":[8.125,0.875,8,0.75],"texture":"#1"},"down":{"uv":[8.125,1,8,1.125],"texture":"#1"}}},{"from":[8.79881,0.39828,7.8],"to":[9.34881,1.99828,8.2],"rotation":{"angle":22.5,"axis":"z","origin":[7.84881,2.64828,7.95]},"faces":{"north":{"uv":[7.25,7.5,7.375,7.875],"texture":"#1"},"east":{"uv":[7.5,7.5,7.625,7.875],"texture":"#1"},"south":{"uv":[7.75,1,7.875,1.375],"texture":"#1"},"west":{"uv":[7.75,1.75,7.875,2.125],"texture":"#1"},"up":{"uv":[8.125,1.375,8,1.25],"texture":"#1"},"down":{"uv":[8.125,1.5,8,1.625],"texture":"#1"}}},{"from":[7,4.37454,7.75],"to":[9,23.37454,8.25],"rotation":{"angle":0,"axis":"z","origin":[8,6.37454,8]},"faces":{"north":{"uv":[3.75,0,4.25,4.75],"texture":"#1"},"east":{"uv":[3.75,5.25,3.875,10],"texture":"#1"},"south":{"uv":[3.75,0,4.25,4.75],"texture":"#1"},"west":{"uv":[4,5.25,4.125,10],"texture":"#1"},"up":{"uv":[8,3.375,7.5,3.25],"texture":"#1"},"down":{"uv":[8,3.5,7.5,3.625],"texture":"#1"}}},{"from":[5,-1.62546,7.65],"to":[11,0.37454,8.35],"rotation":{"angle":0,"axis":"z","origin":[8,-0.62546,8]},"faces":{"north":{"uv":[3.75,4.75,5.25,5.25],"texture":"#1"},"east":{"uv":[7.25,1,7.4375,1.5],"texture":"#1"},"south":{"uv":[3.75,4.75,5.25,5.25],"texture":"#1"},"west":{"uv":[7.25,3.5,7.4375,4],"texture":"#1"},"up":{"uv":[7.5,5.4375,6,5.25],"texture":"#1"},"down":{"uv":[7.5,5.5,6,5.6875],"texture":"#1"}}},{"from":[11,-1.22546,7.65],"to":[13,0.77454,8.35],"rotation":{"angle":0,"axis":"z","origin":[11,-0.22546,8]},"faces":{"north":{"uv":[6,5.75,6.5,6.25],"texture":"#1"},"east":{"uv":[7.25,4,7.4375,4.5],"texture":"#1"},"south":{"uv":[6.5,5.75,6,6.25],"texture":"#1"},"west":{"uv":[4.25,7.25,4.4375,7.75],"texture":"#1"},"up":{"uv":[5.25,4.6875,4.75,4.5],"texture":"#1"},"down":{"uv":[6,3.75,5.5,3.9375],"texture":"#1"}}},{"from":[6.71967,-14.50579,7.7],"to":[8.21967,-13.00579,8.3],"rotation":{"angle":45,"axis":"z","origin":[8,-13.22546,8]},"faces":{"north":{"uv":[6.75,4,7.125,4.375],"texture":"#1"},"east":{"uv":[7.75,2.25,7.875,2.625],"texture":"#1"},"south":{"uv":[6.75,4,7.125,4.375],"rotation":90,"texture":"#1"},"west":{"uv":[7.75,3.75,7.875,4.125],"texture":"#1"},"up":{"uv":[7.875,6.625,7.5,6.5],"texture":"#1"},"down":{"uv":[4.625,7.75,4.25,7.875],"texture":"#1"}}},{"from":[12,-0.32546,7.7],"to":[13.5,1.77454,8.3],"rotation":{"angle":-22.5,"axis":"z","origin":[12.5,0.77454,7.95]},"faces":{"north":{"uv":[6.5,5.75,6.875,6.25],"texture":"#1"},"east":{"uv":[7.5,3.75,7.625,4.25],"texture":"#1"},"south":{"uv":[6.875,5.75,6.5,6.25],"texture":"#1"},"west":{"uv":[7.5,4.25,7.625,4.75],"texture":"#1"},"up":{"uv":[8.125,4.375,7.75,4.25],"texture":"#1"},"down":{"uv":[8.125,4.5,7.75,4.625],"texture":"#1"}}},{"from":[9.08652,-13.39785,7.75],"to":[9.83652,-11.54785,8.25],"rotation":{"angle":-45,"axis":"z","origin":[9.35797,-11.93179,8]},"faces":{"north":{"uv":[7.5,1.75,7.6875,2.1875],"texture":"#1"},"east":{"uv":[5.25,7.5,5.375,7.9375],"texture":"#1"},"south":{"uv":[7.6875,1.75,7.5,2.1875],"texture":"#1"},"west":{"uv":[7.5,5.25,7.625,5.6875],"texture":"#1"},"up":{"uv":[8.1875,0.375,8,0.25],"texture":"#1"},"down":{"uv":[8.1875,0.5,8,0.625],"texture":"#1"}}},{"from":[8.69373,-11.97828,7.7],"to":[9.69373,-10.32828,8.3],"rotation":{"angle":22.5,"axis":"z","origin":[9.35797,-11.93179,8]},"faces":{"north":{"uv":[5.75,1.5,6,1.9375],"texture":"#1"},"east":{"uv":[5.5,7.5,5.625,7.9375],"texture":"#1"},"south":{"uv":[6,1.5,5.75,1.9375],"texture":"#1"},"west":{"uv":[7.5,5.75,7.625,6.1875],"texture":"#1"},"up":{"uv":[8,7.875,7.75,7.75],"texture":"#1"},"down":{"uv":[8.25,0,8,0.125],"texture":"#1"}}},{"from":[6.16348,-13.39785,7.75],"to":[6.91348,-11.54785,8.25],"rotation":{"angle":45,"axis":"z","origin":[6.64203,-11.93179,8]},"faces":{"north":{"uv":[7.6875,1.75,7.5,2.1875],"texture":"#1"},"east":{"uv":[7.625,5.25,7.5,5.6875],"texture":"#1"},"south":{"uv":[7.5,1.75,7.6875,2.1875],"texture":"#1"},"west":{"uv":[5.375,7.5,5.25,7.9375],"texture":"#1"},"up":{"uv":[8,0.375,8.1875,0.25],"texture":"#1"},"down":{"uv":[8,0.5,8.1875,0.625],"texture":"#1"}}},{"from":[6.30627,-11.97828,7.7],"to":[7.30627,-10.32828,8.3],"rotation":{"angle":-22.5,"axis":"z","origin":[6.64203,-11.93179,8]},"faces":{"north":{"uv":[6,1.5,5.75,1.9375],"texture":"#1"},"east":{"uv":[7.625,5.75,7.5,6.1875],"texture":"#1"},"south":{"uv":[5.75,1.5,6,1.9375],"texture":"#1"},"west":{"uv":[5.625,7.5,5.5,7.9375],"texture":"#1"},"up":{"uv":[7.75,7.875,8,7.75],"texture":"#1"},"down":{"uv":[8,0,8.25,0.125],"texture":"#1"}}},{"from":[10,-1.62546,7.6],"to":[12,1.37454,8.4],"rotation":{"angle":22.5,"axis":"z","origin":[11,-0.62546,8.05]},"faces":{"north":{"uv":[5,5.25,5.5,6],"texture":"#1"},"east":{"uv":[6,6.75,6.1875,7.5],"texture":"#1"},"south":{"uv":[7.125,0,6.75,0.5],"texture":"#1"},"west":{"uv":[6.25,6.75,6.4375,7.5],"texture":"#1"},"up":{"uv":[7.75,5.1875,7.25,5],"texture":"#1"},"down":{"uv":[7,7.25,6.5,7.4375],"texture":"#1"}}},{"from":[2.5,-0.32546,7.7],"to":[4,1.77454,8.3],"rotation":{"angle":22.5,"axis":"z","origin":[3.5,0.77454,7.95]},"faces":{"north":{"uv":[6.875,5.75,6.5,6.25],"texture":"#1"},"east":{"uv":[7.625,4.25,7.5,4.75],"texture":"#1"},"south":{"uv":[6.5,5.75,6.875,6.25],"texture":"#1"},"west":{"uv":[7.625,3.75,7.5,4.25],"texture":"#1"},"up":{"uv":[7.75,4.375,8.125,4.25],"texture":"#1"},"down":{"uv":[7.75,4.5,8.125,4.625],"texture":"#1"}}},{"from":[4,-1.62546,7.6],"to":[6,1.37454,8.4],"rotation":{"angle":-22.5,"axis":"z","origin":[5,-0.62546,8.05]},"faces":{"north":{"uv":[5.5,5.25,5,6],"texture":"#1"},"east":{"uv":[6.4375,6.75,6.25,7.5],"texture":"#1"},"south":{"uv":[6.75,0,7.125,0.5],"texture":"#1"},"west":{"uv":[6.1875,6.75,6,7.5],"texture":"#1"},"up":{"uv":[7.25,5.1875,7.75,5],"texture":"#1"},"down":{"uv":[6.5,7.25,7,7.4375],"texture":"#1"}}},{"from":[3,-1.22546,7.65],"to":[5,0.77454,8.35],"rotation":{"angle":0,"axis":"z","origin":[5,-0.22546,8]},"faces":{"north":{"uv":[6.5,5.75,6,6.25],"texture":"#1"},"east":{"uv":[4.4375,7.25,4.25,7.75],"texture":"#1"},"south":{"uv":[6,5.75,6.5,6.25],"texture":"#1"},"west":{"uv":[7.4375,4,7.25,4.5],"texture":"#1"},"up":{"uv":[4.75,4.6875,5.25,4.5],"texture":"#1"},"down":{"uv":[5.5,3.75,6,3.9375],"texture":"#1"}}},{"from":[6.65119,0.39828,7.8],"to":[7.20119,1.99828,8.2],"rotation":{"angle":-22.5,"axis":"z","origin":[8.15119,2.64828,7.95]},"faces":{"north":{"uv":[7.375,7.5,7.25,7.875],"texture":"#1"},"east":{"uv":[7.875,1.75,7.75,2.125],"texture":"#1"},"south":{"uv":[7.875,1,7.75,1.375],"texture":"#1"},"west":{"uv":[7.625,7.5,7.5,7.875],"texture":"#1"},"up":{"uv":[8,1.375,8.125,1.25],"texture":"#1"},"down":{"uv":[8,1.5,8.125,1.625],"texture":"#1"}}},{"from":[7.15119,3.64828,7.8],"to":[7.70119,4.99828,8.2],"rotation":{"angle":-22.5,"axis":"z","origin":[8.65119,5.64828,7.95]},"faces":{"north":{"uv":[6.625,7.75,6.5,8.0625],"texture":"#1"},"east":{"uv":[7.125,7.75,7,8.0625],"texture":"#1"},"south":{"uv":[7.875,6.75,7.75,7.0625],"texture":"#1"},"west":{"uv":[6.875,7.75,6.75,8.0625],"texture":"#1"},"up":{"uv":[8,0.875,8.125,0.75],"texture":"#1"},"down":{"uv":[8,1,8.125,1.125],"texture":"#1"}}},{"from":[7.45,-10.027,7.45],"to":[8.55,-4.027,8.55],"rotation":{"angle":0,"axis":"y","origin":[8.05,4,8.05]},"faces":{"north":{"uv":[5.5,5.25,5.75,6.75],"texture":"#1"},"east":{"uv":[5.5,5.25,5.75,6.75],"texture":"#1"},"south":{"uv":[5.5,5.25,5.75,6.75],"texture":"#1"},"west":{"uv":[5.5,5.25,5.75,6.75],"texture":"#1"},"up":{"uv":[5.5,6.75,5.25,6.5],"texture":"#1"},"down":{"uv":[7.75,4.75,7.5,5],"texture":"#1"}}},{"from":[0.375,-10.777,8],"to":[15.625,32,8],"rotation":{"angle":0,"axis":"y","origin":[8.125,5.25,8]},"faces":{"north":{"uv":[0,0,3.6875,10.6875],"texture":"#1"},"east":{"uv":[0,0,0,10.6875],"texture":"#1"},"south":{"uv":[0,0,3.6875,10.6875],"texture":"#1"},"west":{"uv":[0,0,0,10.6875],"texture":"#1"},"up":{"uv":[3.75,0,0,0],"texture":"#1"},"down":{"uv":[3.75,0,0,0],"texture":"#1"}}},{"from":[-3,-2.777,7.875],"to":[20,20.723,8.125],"rotation":{"angle":0,"axis":"z","origin":[8,12.723,8.125]},"faces":{"north":{"uv":[0,0,16,16],"rotation":270,"texture":"#2"},"south":{"uv":[16,0,0,16],"rotation":90,"texture":"#2"}}},{"from":[3.5,-4.777,7.7],"to":[12.5,4.223,8.3],"rotation":{"angle":0,"axis":"z","origin":[8.5,12.723,8.05]},"faces":{"north":{"uv":[0,0,16,16],"rotation":270,"texture":"#3"},"south":{"uv":[16,0,0,16],"rotation":90,"texture":"#3"}}},{"from":[4,-5.977,7.2],"to":[12,2.023,8.8],"rotation":{"angle":0,"axis":"z","origin":[9,12.723,12.05]},"faces":{"north":{"uv":[0,0,16,16],"rotation":270,"texture":"#4"},"south":{"uv":[16,0,0,16],"rotation":90,"texture":"#4"}}},{"from":[4.5,-15.777,7.875],"to":[11.5,-8.777,8.125],"rotation":{"angle":0,"axis":"z","origin":[8.5,12.723,11.8]},"faces":{"north":{"uv":[0,0,16,16],"rotation":270,"texture":"#5"},"south":{"uv":[16,0,0,16],"rotation":90,"texture":"#5"}}},{"from":[7.2,-4.027,7.2],"to":[8.8,-3.027,8.8],"rotation":{"angle":0,"axis":"y","origin":[8,-4.027,8]},"faces":{"north":{"uv":[7.25,6.75,7.625,7],"texture":"#1"},"east":{"uv":[7.25,6.75,7.625,7],"texture":"#1"},"south":{"uv":[7.25,6.75,7.625,7],"texture":"#1"},"west":{"uv":[7.25,6.75,7.625,7],"texture":"#1"},"up":{"uv":[6.875,7.125,6.5,6.75],"texture":"#1"},"down":{"uv":[7.375,1.5,7,1.875],"texture":"#1"}}},{"from":[10.9814,-1.4814,7],"to":[13.4814,1.0186,9],"rotation":{"angle":-45,"axis":"z","origin":[8,4,8]},"faces":{"north":{"uv":[4.25,5.25,4.875,5.875],"texture":"#1"},"east":{"uv":[4.25,6,4.75,6.625],"texture":"#1"},"south":{"uv":[4.25,5.25,4.875,5.875],"rotation":270,"texture":"#1"},"west":{"uv":[6,4.5,6.5,5.125],"texture":"#1"},"up":{"uv":[6.625,4,6,3.5],"texture":"#1"},"down":{"uv":[5.375,6,4.75,6.5],"texture":"#1"}}},{"from":[7,-2.9841,7.125],"to":[9,-0.9841,8.875],"rotation":{"angle":0,"axis":"z","origin":[8,-1.9841,8]},"faces":{"north":{"uv":[6.25,0.5,6.75,1],"texture":"#1"},"east":{"uv":[6.25,4,6.6875,4.5],"texture":"#1"},"south":{"uv":[6.25,0.5,6.75,1],"texture":"#1"},"west":{"uv":[6,6.25,6.4375,6.75],"texture":"#1"},"up":{"uv":[7,1.9375,6.5,1.5],"texture":"#1"},"down":{"uv":[7,2,6.5,2.4375],"texture":"#1"}}},{"from":[21.13089,-5.88089,7.375],"to":[22.88089,-4.13089,8.625],"rotation":{"angle":-45,"axis":"z","origin":[8,9,7.875]},"faces":{"north":{"uv":[6.5,4.5,6.9375,4.9375],"texture":"#1"},"east":{"uv":[4.75,7,5.0625,7.4375],"texture":"#1"},"south":{"uv":[4.75,6.5,5.1875,6.9375],"texture":"#1"},"west":{"uv":[5.25,7,5.5625,7.4375],"texture":"#1"},"up":{"uv":[7.4375,6.0625,7,5.75],"texture":"#1"},"down":{"uv":[7.4375,6.25,7,6.5625],"texture":"#1"}}},{"from":[7.25,-11.5341,7.5],"to":[8.75,-10.0341,8.5],"rotation":{"angle":0,"axis":"z","origin":[8,-10.7841,7.875]},"faces":{"north":{"uv":[7,2,7.375,2.375],"texture":"#1"},"east":{"uv":[4.5,7.25,4.75,7.625],"texture":"#1"},"south":{"uv":[7,2,7.375,2.375],"texture":"#1"},"west":{"uv":[7.5,1,7.75,1.375],"texture":"#1"},"up":{"uv":[7.875,0.5,7.5,0.25],"texture":"#1"},"down":{"uv":[7.875,1.5,7.5,1.75],"texture":"#1"}}},{"from":[6.25,10.1159,7.8],"to":[9.75,13.6159,8.2],"rotation":{"angle":0,"axis":"z","origin":[8,-10.7841,7.825]},"faces":{"north":{"uv":[8,1.75,8.375,2.125],"texture":"#1"},"east":{"uv":[4.5,7.25,4.75,7.625],"texture":"#1"},"south":{"uv":[8,1.75,8.375,2.125],"texture":"#1"},"west":{"uv":[7.5,1,7.75,1.375],"texture":"#1"},"up":{"uv":[7.875,0.5,7.5,0.25],"texture":"#1"},"down":{"uv":[7.875,1.5,7.5,1.75],"texture":"#1"}}},{"from":[7.2,-4.777,7.2],"to":[8.8,-4.277,8.8],"rotation":{"angle":0,"axis":"y","origin":[8,-4.027,8]},"faces":{"north":{"uv":[7.75,5.25,8.125,5.375],"texture":"#1"},"east":{"uv":[7.75,5.25,8.125,5.375],"texture":"#1"},"south":{"uv":[7.75,5.25,8.125,5.375],"texture":"#1"},"west":{"uv":[7.75,5.25,8.125,5.375],"texture":"#1"},"up":{"uv":[7.375,3.375,7,3],"texture":"#1"},"down":{"uv":[7.375,4.5,7,4.875],"texture":"#1"}}},{"from":[7.2,-9.027,7.2],"to":[8.8,-8.527,8.8],"rotation":{"angle":0,"axis":"z","origin":[8,-7.277,8]},"faces":{"north":{"uv":[7.75,5.25,8.125,5.375],"rotation":180,"texture":"#1"},"east":{"uv":[7.75,5.25,8.125,5.375],"rotation":180,"texture":"#1"},"south":{"uv":[7.75,5.25,8.125,5.375],"rotation":180,"texture":"#1"},"west":{"uv":[7.75,5.25,8.125,5.375],"rotation":180,"texture":"#1"},"up":{"uv":[7.375,4.5,7,4.875],"rotation":180,"texture":"#1"},"down":{"uv":[7.375,3.375,7,3],"rotation":180,"texture":"#1"}}},{"from":[7.2,-10.277,7.2],"to":[8.8,-9.277,8.8],"rotation":{"angle":0,"axis":"z","origin":[8,-7.277,8]},"faces":{"north":{"uv":[7.25,6.75,7.625,7],"rotation":180,"texture":"#1"},"east":{"uv":[7.25,6.75,7.625,7],"rotation":180,"texture":"#1"},"south":{"uv":[7.25,6.75,7.625,7],"rotation":180,"texture":"#1"},"west":{"uv":[7.25,6.75,7.625,7],"rotation":180,"texture":"#1"},"up":{"uv":[7.375,1.5,7,1.875],"rotation":180,"texture":"#1"},"down":{"uv":[6.875,7.125,6.5,6.75],"rotation":180,"texture":"#1"}}}],"gui_light":"front","display":{"thirdperson_righthand":{"rotation":[0,90,0],"translation":[0,10.25,2.25],"scale":[0.8,0.8,0.8]},"thirdperson_lefthand":{"rotation":[0,90,0],"translation":[0,10.25,2.25],"scale":[0.8,0.8,0.8]},"firstperson_righthand":{"rotation":[-9,-90,0],"translation":[15.25,3,-13.5]},"firstperson_lefthand":{"rotation":[-9,-90,0],"translation":[15.25,3,-13.5]},"ground":{"rotation":[-102,0,0],"translation":[0,-0.75,0],"scale":[0.5,0.5,0.5]},"gui":{"rotation":[0,0,45],"scale":[0.4,0.4,0.4]},"head":{"rotation":[0,0,150],"translation":[0.25,-16.75,8.25],"scale":[1.33,1.33,1.33]},"fixed":{"translation":[0,6.5,-2.25],"scale":[2.01,2.01,2.01]}}}