{"credit":"Made by PolygonMC","texture_size":[24,24],"textures":{"1":"arcanistset:animations/animations_1","2":"arcanistset:animations/animations_2","4":"arcanistset:staff","particle":"arcanistset:animations/animations_1"},"elements":[{"from":[7.35,0.6,7.35],"to":[8.65,1.9,8.65],"rotation":{"angle":-45,"axis":"x","origin":[8,1.25,8]},"faces":{"north":{"uv":[3.33333,10.66667,4.16667,11.5],"texture":"#4"},"east":{"uv":[10.66667,3.33333,11.5,4.16667],"texture":"#4"},"south":{"uv":[4.66667,10.66667,5.5,11.5],"texture":"#4"},"west":{"uv":[6,10.66667,6.83333,11.5],"texture":"#4"},"up":{"uv":[8.16667,11.5,7.33333,10.66667],"texture":"#4"},"down":{"uv":[11.5,7.33333,10.66667,8.16667],"texture":"#4"}}},{"from":[7.5,10.91924,7.5],"to":[8.5,12.41924,8.5],"rotation":{"angle":0,"axis":"y","origin":[7.5,14.66924,7.5]},"faces":{"north":{"uv":[4.66667,9.33333,5.33333,10.33333],"texture":"#4"},"east":{"uv":[2.66667,11.33333,3.33333,12.33333],"texture":"#4"},"south":{"uv":[11.33333,4.66667,12,5.66667],"texture":"#4"},"west":{"uv":[11.33333,6,12,7],"texture":"#4"},"up":{"uv":[7.33333,6.66667,6.66667,6],"texture":"#4"},"down":{"uv":[8,2,7.33333,2.66667],"texture":"#4"}}},{"from":[7.35,11.41924,7.35],"to":[8.65,11.91924,8.65],"rotation":{"angle":0,"axis":"y","origin":[7.5,15.66924,7.5]},"faces":{"north":{"uv":[13.33333,0.66667,14.16667,1],"texture":"#4"},"east":{"uv":[1.33333,13.33333,2.16667,13.66667],"texture":"#4"},"south":{"uv":[13.33333,1.33333,14.16667,1.66667],"texture":"#4"},"west":{"uv":[13.33333,2,14.16667,2.33333],"texture":"#4"},"up":{"uv":[9.5,11.5,8.66667,10.66667],"texture":"#4"},"down":{"uv":[11.5,8.66667,10.66667,9.5],"texture":"#4"}}},{"from":[7.6,8.16924,7.6],"to":[8.4,10.91924,8.4],"rotation":{"angle":0,"axis":"y","origin":[8,8.79424,8]},"faces":{"north":{"uv":[5.33333,8.66667,5.83333,10.5],"texture":"#4"},"east":{"uv":[6,8.66667,6.5,10.5],"texture":"#4"},"south":{"uv":[6.66667,8.66667,7.16667,10.5],"texture":"#4"},"west":{"uv":[7.33333,8.66667,7.83333,10.5],"texture":"#4"}}},{"from":[7.5,1.66924,7.5],"to":[8.5,3.16924,8.5],"rotation":{"angle":0,"axis":"y","origin":[7.5,12.16924,7.5]},"faces":{"north":{"uv":[11.33333,10,12,11],"texture":"#4"},"east":{"uv":[11.33333,11.33333,12,12.33333],"texture":"#4"},"south":{"uv":[12,2.66667,12.66667,3.66667],"texture":"#4"},"west":{"uv":[3.33333,12,4,13],"texture":"#4"},"up":{"uv":[8.66667,5.33333,8,4.66667],"texture":"#4"}}},{"from":[7.35,2.16924,7.35],"to":[8.65,2.66924,8.65],"rotation":{"angle":0,"axis":"y","origin":[7.5,13.16924,7.5]},"faces":{"north":{"uv":[13.33333,2.66667,14.16667,3],"texture":"#4"},"east":{"uv":[3.33333,13.33333,4.16667,13.66667],"texture":"#4"},"south":{"uv":[13.33333,3.33333,14.16667,3.66667],"texture":"#4"},"west":{"uv":[13.33333,4,14.16667,4.33333],"texture":"#4"},"up":{"uv":[10.83333,11.5,10,10.66667],"texture":"#4"},"down":{"uv":[0.83333,11.33333,0,12.16667],"texture":"#4"}}},{"from":[7.5,-0.25,8],"to":[8.5,0.75,9],"rotation":{"angle":-45,"axis":"x","origin":[7.75,-0.25,8]},"faces":{"north":{"uv":[10.66667,10,11.33333,10.66667],"texture":"#4"},"east":{"uv":[11.33333,2.66667,12,3.33333],"texture":"#4"},"south":{"uv":[7.33333,12,8,12.66667],"texture":"#4"},"west":{"uv":[12,7.33333,12.66667,8],"texture":"#4"},"up":{"uv":[8.66667,12.66667,8,12],"texture":"#4"},"down":{"uv":[12.66667,8,12,8.66667],"texture":"#4"}}},{"from":[7.75,0.13268,6.07612],"to":[8.25,1.13268,8.07612],"rotation":{"angle":22.5,"axis":"x","origin":[7.75,0.13268,7.07612]},"faces":{"east":{"uv":[8.66667,1.33333,10,2],"texture":"#4"},"west":{"uv":[8.66667,6,10,6.66667],"texture":"#4"},"up":{"uv":[9,13.33333,8.66667,12],"texture":"#4"},"down":{"uv":[12.33333,8.66667,12,10],"texture":"#4"}}},{"from":[7.7475,0.63059,5.7315],"to":[8.2525,1.63059,6.4815],"rotation":{"angle":-22.5,"axis":"x","origin":[7.9975,1.63059,6.2315]},"faces":{"north":{"uv":[4.66667,13.33333,5,14],"texture":"#4"},"east":{"uv":[12.66667,11.33333,13.16667,12],"texture":"#4"},"south":{"uv":[13.33333,4.66667,13.66667,5.33333],"texture":"#4"},"west":{"uv":[12,12.66667,12.5,13.33333],"texture":"#4"},"up":{"uv":[11,13.83333,10.66667,13.33333],"texture":"#4"},"down":{"uv":[13.66667,10.66667,13.33333,11.16667],"texture":"#4"}}},{"from":[7.75,0.13268,7.92388],"to":[8.25,1.13268,9.92388],"rotation":{"angle":-22.5,"axis":"x","origin":[7.75,0.13268,8.92388]},"faces":{"east":{"uv":[10,1.33333,8.66667,2],"texture":"#4"},"west":{"uv":[10,6,8.66667,6.66667],"texture":"#4"},"up":{"uv":[9,12,8.66667,13.33333],"texture":"#4"},"down":{"uv":[12.33333,10,12,8.66667],"texture":"#4"}}},{"from":[7.7475,0.63059,9.5185],"to":[8.2525,1.63059,10.2685],"rotation":{"angle":22.5,"axis":"x","origin":[7.9975,1.63059,9.7685]},"faces":{"north":{"uv":[13.66667,4.66667,13.33333,5.33333],"texture":"#4"},"east":{"uv":[13.16667,11.33333,12.66667,12],"texture":"#4"},"south":{"uv":[5,13.33333,4.66667,14],"texture":"#4"},"west":{"uv":[12.5,12.66667,12,13.33333],"texture":"#4"},"up":{"uv":[11,13.33333,10.66667,13.83333],"texture":"#4"},"down":{"uv":[13.66667,11.16667,13.33333,10.66667],"texture":"#4"}}},{"from":[7.25,16.75,8],"to":[8.75,18.5,9.75],"rotation":{"angle":-45,"axis":"x","origin":[7.5,16.75,8]},"faces":{"north":{"uv":[2.66667,6.66667,3.66667,7.83333],"texture":"#4"},"east":{"uv":[5.33333,4,6.5,5.16667],"texture":"#4"},"south":{"uv":[6.66667,2.66667,7.66667,3.83333],"texture":"#4"},"west":{"uv":[5.33333,5.33333,6.5,6.5],"texture":"#4"},"up":{"uv":[5,7.83333,4,6.66667],"texture":"#4"},"down":{"uv":[7.66667,4,6.66667,5.16667],"texture":"#4"}}},{"from":[7.5,16.75,7],"to":[8.5,18.25,8.5],"rotation":{"angle":-45,"axis":"x","origin":[7.5,16.75,7]},"faces":{"north":{"uv":[4,12,4.66667,13],"texture":"#4"},"east":{"uv":[0,7.33333,1,8.33333],"texture":"#4"},"south":{"uv":[12,4,12.66667,5],"texture":"#4"},"west":{"uv":[7.33333,0.66667,8.33333,1.66667],"texture":"#4"},"up":{"uv":[5.33333,13,4.66667,12],"texture":"#4"},"down":{"uv":[6,12,5.33333,13],"texture":"#4"}}},{"from":[7.5,18.16421,6.29289],"to":[8.5,19.16421,8.29289],"rotation":{"angle":-45,"axis":"x","origin":[7.5,18.16421,6.29289]},"faces":{"north":{"uv":[9.33333,12,10,12.66667],"texture":"#4"},"east":{"uv":[8.66667,6.66667,10,7.33333],"texture":"#4"},"south":{"uv":[10,12,10.66667,12.66667],"texture":"#4"},"west":{"uv":[8,8.66667,9.33333,9.33333],"texture":"#4"},"up":{"uv":[2,8.66667,1.33333,7.33333],"texture":"#4"},"down":{"uv":[10,2,9.33333,3.33333],"texture":"#4"}}},{"from":[7.0975,13.99944,8.25],"to":[8.9025,14.91444,9.165],"rotation":{"angle":-45,"axis":"x","origin":[7.7475,13.74944,8]},"faces":{"north":{"uv":[3.33333,9.33333,4.5,10],"texture":"#4"},"east":{"uv":[12,10,12.66667,10.66667],"texture":"#4"},"south":{"uv":[9.33333,3.33333,10.5,4],"texture":"#4"},"west":{"uv":[10.66667,12,11.33333,12.66667],"texture":"#4"},"up":{"uv":[10.5,4.66667,9.33333,4],"texture":"#4"},"down":{"uv":[10.5,7.33333,9.33333,8],"texture":"#4"}}},{"from":[7.0975,15.37444,8.25],"to":[8.9025,16.28944,9.165],"rotation":{"angle":-45,"axis":"x","origin":[7.7475,15.12444,8]},"faces":{"north":{"uv":[8,9.33333,9.16667,10],"texture":"#4"},"east":{"uv":[12,10.66667,12.66667,11.33333],"texture":"#4"},"south":{"uv":[9.33333,8,10.5,8.66667],"texture":"#4"},"west":{"uv":[12,11.33333,12.66667,12],"texture":"#4"},"up":{"uv":[10.5,9.33333,9.33333,8.66667],"texture":"#4"},"down":{"uv":[10.5,9.33333,9.33333,10],"texture":"#4"}}},{"from":[7.0975,12.62444,8.25],"to":[8.9025,13.53944,9.165],"rotation":{"angle":-45,"axis":"x","origin":[7.7475,12.37444,8]},"faces":{"north":{"uv":[0,10,1.16667,10.66667],"texture":"#4"},"east":{"uv":[12,12,12.66667,12.66667],"texture":"#4"},"south":{"uv":[10,0,11.16667,0.66667],"texture":"#4"},"west":{"uv":[0,12.66667,0.66667,13.33333],"texture":"#4"},"up":{"uv":[11.16667,1.33333,10,0.66667],"texture":"#4"},"down":{"uv":[2.5,10,1.33333,10.66667],"texture":"#4"}}},{"from":[6.5,-2.25,6.5],"to":[9.5,-0.25,6.5],"rotation":{"angle":45,"axis":"y","origin":[8,-1.25,8]},"faces":{"north":{"uv":[0,4,6,8],"texture":"#1"}}},{"from":[6.5,-2.25,6.5],"to":[6.5,-0.25,9.5],"rotation":{"angle":45,"axis":"y","origin":[8,-1.25,8]},"faces":{"west":{"uv":[6,4,12,8],"texture":"#1"}}},{"from":[6.5,-2.25,9.5],"to":[9.5,-0.25,9.5],"rotation":{"angle":45,"axis":"y","origin":[8,-1.25,8]},"faces":{"south":{"uv":[0,0,6,4],"texture":"#1"}}},{"from":[9.5,-2.25,6.5],"to":[9.5,-0.25,9.5],"rotation":{"angle":45,"axis":"y","origin":[8,-1.25,8]},"faces":{"east":{"uv":[6,0,12,4],"texture":"#1"}}},{"from":[6.5,21.5,6.5],"to":[9.5,23.5,6.5],"rotation":{"angle":45,"axis":"y","origin":[8,22.5,8]},"faces":{"north":{"uv":[0,4,6,8],"texture":"#1"}}},{"from":[6.5,21.5,6.5],"to":[6.5,23.5,9.5],"rotation":{"angle":45,"axis":"y","origin":[8,22.5,8]},"faces":{"west":{"uv":[6,4,12,8],"texture":"#1"}}},{"from":[6.5,21.5,9.5],"to":[9.5,23.5,9.5],"rotation":{"angle":45,"axis":"y","origin":[8,22.5,8]},"faces":{"south":{"uv":[0,0,6,4],"texture":"#1"}}},{"from":[9.5,21.5,6.5],"to":[9.5,23.5,9.5],"rotation":{"angle":45,"axis":"y","origin":[8,22.5,8]},"faces":{"east":{"uv":[6,0,12,4],"texture":"#1"}}},{"from":[9.5,12.5,6.5],"to":[9.5,14.5,9.5],"rotation":{"angle":-45,"axis":"y","origin":[8,13.5,8]},"faces":{"east":{"uv":[12,0,6,4],"texture":"#1"}}},{"from":[6.5,12.5,6.5],"to":[9.5,14.5,6.5],"rotation":{"angle":-45,"axis":"y","origin":[8,13.5,8]},"faces":{"north":{"uv":[6,0,0,4],"texture":"#1"}}},{"from":[6.5,12.5,6.5],"to":[6.5,14.5,9.5],"rotation":{"angle":-45,"axis":"y","origin":[8,13.5,8]},"faces":{"west":{"uv":[12,4,6,8],"texture":"#1"}}},{"from":[6.5,12.5,9.5],"to":[9.5,14.5,9.5],"rotation":{"angle":-45,"axis":"y","origin":[8,13.5,8]},"faces":{"south":{"uv":[6,4,0,8],"texture":"#1"}}},{"from":[7.001,-4,7],"to":[9.001,-2.5,7],"rotation":{"angle":45,"axis":"y","origin":[8,-3.25,8]},"faces":{"north":{"uv":[16,0,8,6],"texture":"#2"},"east":{"uv":[0,0,0,6],"texture":"#2"},"west":{"uv":[0,0,0,6],"texture":"#2"},"up":{"uv":[8,0,0,0],"texture":"#2"},"down":{"uv":[8,0,0,0],"texture":"#2"}}},{"from":[7.001,-4,9],"to":[9.001,-2.5,9],"rotation":{"angle":45,"axis":"y","origin":[8,-3.25,8]},"faces":{"east":{"uv":[0,0,0,6],"texture":"#2"},"south":{"uv":[16,8,8,14],"texture":"#2"},"west":{"uv":[0,0,0,6],"texture":"#2"},"up":{"uv":[8,0,0,0],"texture":"#2"},"down":{"uv":[8,0,0,0],"texture":"#2"}}},{"from":[9,-4,7],"to":[9,-2.5,9],"rotation":{"angle":45,"axis":"y","origin":[8,-3.25,8]},"faces":{"north":{"uv":[0,0,0,6],"texture":"#2"},"east":{"uv":[8,8,0,14],"texture":"#2"},"south":{"uv":[0,0,0,6],"texture":"#2"},"up":{"uv":[0,0,0,8],"texture":"#2"},"down":{"uv":[0,8,0,0],"texture":"#2"}}},{"from":[7,-4,7],"to":[7,-2.5,9],"rotation":{"angle":45,"axis":"y","origin":[8,-3.25,8]},"faces":{"north":{"uv":[0,0,0,6],"texture":"#2"},"south":{"uv":[0,0,0,6],"texture":"#2"},"west":{"uv":[8,0,0,6],"texture":"#2"},"up":{"uv":[0,0,0,8],"texture":"#2"},"down":{"uv":[0,8,0,0],"texture":"#2"}}},{"from":[6.8012,23.7,7.09965],"to":[9.2012,23.7,8.89965],"rotation":{"angle":45,"axis":"z","origin":[8,22.5,7.99965]},"faces":{"north":{"uv":[8,0,0,0],"rotation":180,"texture":"#2"},"east":{"uv":[0,0,0,6],"rotation":270,"texture":"#2"},"south":{"uv":[8,0,0,0],"texture":"#2"},"west":{"uv":[0,0,0,6],"rotation":90,"texture":"#2"},"up":{"uv":[16,0,8,6],"rotation":180,"texture":"#2"}}},{"from":[6.8012,21.3,7.09965],"to":[9.2012,21.3,8.89965],"rotation":{"angle":45,"axis":"z","origin":[8,22.5,7.99965]},"faces":{"north":{"uv":[8,0,0,0],"rotation":180,"texture":"#2"},"east":{"uv":[0,0,0,6],"rotation":270,"texture":"#2"},"south":{"uv":[8,0,0,0],"texture":"#2"},"west":{"uv":[0,0,0,6],"rotation":90,"texture":"#2"},"down":{"uv":[16,8,8,14],"texture":"#2"}}},{"from":[9.2,21.3,7.09965],"to":[9.2,23.7,8.89965],"rotation":{"angle":45,"axis":"z","origin":[8,22.5,7.99965]},"faces":{"north":{"uv":[0,8,0,0],"rotation":180,"texture":"#2"},"east":{"uv":[8,8,0,14],"rotation":270,"texture":"#2"},"south":{"uv":[0,0,0,8],"texture":"#2"},"up":{"uv":[0,0,0,6],"rotation":180,"texture":"#2"},"down":{"uv":[0,0,0,6],"texture":"#2"}}},{"from":[6.8,21.3,7.09965],"to":[6.8,23.7,8.89965],"rotation":{"angle":45,"axis":"z","origin":[8,22.5,7.99965]},"faces":{"north":{"uv":[0,8,0,0],"rotation":180,"texture":"#2"},"south":{"uv":[0,0,0,8],"texture":"#2"},"west":{"uv":[8,0,0,6],"rotation":90,"texture":"#2"},"up":{"uv":[0,0,0,6],"rotation":180,"texture":"#2"},"down":{"uv":[0,0,0,6],"texture":"#2"}}},{"from":[7.35,12.41924,7.35],"to":[8.65,17.46924,8.65],"rotation":{"angle":0,"axis":"y","origin":[7.25,12.41924,7.25]},"faces":{"north":{"uv":[0,0,0.83333,3.33333],"texture":"#4"},"east":{"uv":[1.33333,0,2.16667,3.33333],"texture":"#4"},"south":{"uv":[2.66667,0,3.5,3.33333],"texture":"#4"},"west":{"uv":[0,3.33333,0.83333,6.66667],"texture":"#4"},"down":{"uv":[12.16667,0,11.33333,0.83333],"texture":"#4"}}},{"from":[7.0975,4.74944,8.25],"to":[8.9025,5.66444,9.165],"rotation":{"angle":-45,"axis":"x","origin":[7.7475,4.49944,8]},"faces":{"north":{"uv":[10,1.33333,11.16667,2],"texture":"#4"},"east":{"uv":[12.66667,0,13.33333,0.66667],"texture":"#4"},"south":{"uv":[10,2,11.16667,2.66667],"texture":"#4"},"west":{"uv":[0.66667,12.66667,1.33333,13.33333],"texture":"#4"},"up":{"uv":[11.16667,3.33333,10,2.66667],"texture":"#4"},"down":{"uv":[4.5,10,3.33333,10.66667],"texture":"#4"}}},{"from":[7.35,3.16924,7.35],"to":[8.65,8.21924,8.65],"rotation":{"angle":0,"axis":"y","origin":[7.25,3.16924,7.25]},"faces":{"north":{"uv":[1.33333,3.33333,2.16667,6.66667],"texture":"#4"},"east":{"uv":[2.66667,3.33333,3.5,6.66667],"texture":"#4"},"south":{"uv":[4,0,4.83333,3.33333],"texture":"#4"},"west":{"uv":[4,3.33333,4.83333,6.66667],"texture":"#4"},"up":{"uv":[2.16667,12.16667,1.33333,11.33333],"texture":"#4"},"down":{"uv":[12.16667,1.33333,11.33333,2.16667],"texture":"#4"}}},{"from":[7.0975,6.12444,8.25],"to":[8.9025,7.03944,9.165],"rotation":{"angle":-45,"axis":"x","origin":[7.7475,5.87444,8]},"faces":{"north":{"uv":[10,4.66667,11.16667,5.33333],"texture":"#4"},"east":{"uv":[12.66667,0.66667,13.33333,1.33333],"texture":"#4"},"south":{"uv":[10,5.33333,11.16667,6],"texture":"#4"},"west":{"uv":[1.33333,12.66667,2,13.33333],"texture":"#4"},"up":{"uv":[11.16667,6.66667,10,6],"texture":"#4"},"down":{"uv":[11.16667,6.66667,10,7.33333],"texture":"#4"}}},{"from":[7.0975,3.37444,8.25],"to":[8.9025,4.28944,9.165],"rotation":{"angle":-45,"axis":"x","origin":[7.7475,3.12444,8]},"faces":{"north":{"uv":[8,10,9.16667,10.66667],"texture":"#4"},"east":{"uv":[12.66667,1.33333,13.33333,2],"texture":"#4"},"south":{"uv":[9.33333,10,10.5,10.66667],"texture":"#4"},"west":{"uv":[2,12.66667,2.66667,13.33333],"texture":"#4"},"up":{"uv":[1.16667,11.33333,0,10.66667],"texture":"#4"},"down":{"uv":[2.5,10.66667,1.33333,11.33333],"texture":"#4"}}},{"from":[8.00732,17.60355,5.13934],"to":[8.98232,18.57855,7.88934],"rotation":{"angle":45,"axis":"z","origin":[7.98232,17.60355,4.13934]},"faces":{"east":{"uv":[0,6.66667,1.83333,7.33333],"texture":"#4"},"west":{"uv":[6.66667,0,8.5,0.66667],"texture":"#4"},"up":{"uv":[7.33333,2.5,6.66667,0.66667],"texture":"#4"},"down":{"uv":[2.66667,6.66667,2,8.5],"texture":"#4"}}},{"from":[7.25,17.14645,5.07513],"to":[8.75,18.64645,6.57513],"rotation":{"angle":-45,"axis":"x","origin":[7.25,16.89645,4.82513]},"faces":{"north":{"uv":[5.33333,7.33333,6.33333,8.33333],"texture":"#4"},"east":{"uv":[7.33333,6,8.33333,7],"texture":"#4"},"south":{"uv":[6.66667,7.33333,7.66667,8.33333],"texture":"#4"},"west":{"uv":[8,2,9,3],"texture":"#4"},"up":{"uv":[3.66667,9,2.66667,8],"texture":"#4"},"down":{"uv":[9,3.33333,8,4.33333],"texture":"#4"}}},{"from":[7.6,17.75,4.7],"to":[8.4,18.75,7.2],"rotation":{"angle":22.5,"axis":"x","origin":[7.5,17.75,4.7]},"faces":{"east":{"uv":[5.33333,6.66667,7,7.33333],"texture":"#4"},"west":{"uv":[6.66667,5.33333,8.33333,6],"texture":"#4"},"down":{"uv":[3.16667,9.33333,2.66667,11],"texture":"#4"}}},{"from":[6.25,17.75,4.6],"to":[7.75,18.75,5.1],"rotation":{"angle":0,"axis":"y","origin":[6.25,17.75,4.6]},"faces":{"north":{"uv":[12,5.33333,13,6],"texture":"#4"},"south":{"uv":[6,12,7,12.66667],"texture":"#4"},"west":{"uv":[5.33333,13.33333,5.66667,14],"texture":"#4"},"up":{"uv":[13.66667,12.33333,12.66667,12],"texture":"#4"},"down":{"uv":[13.66667,12.66667,12.66667,13],"texture":"#4"}}},{"from":[6.733,14.94645,5.35],"to":[6.763,17.94645,6.6],"rotation":{"angle":0,"axis":"y","origin":[6.725,13.94645,5.6]},"faces":{"east":{"uv":[5.33333,0,6.16667,2],"texture":"#4"},"west":{"uv":[5.33333,2,6.16667,4],"texture":"#4"}}},{"from":[6.25,17.75,6.85],"to":[7.75,18.75,7.35],"rotation":{"angle":0,"axis":"y","origin":[6.25,17.75,6.85]},"faces":{"north":{"uv":[12,6,13,6.66667],"texture":"#4"},"south":{"uv":[12,6.66667,13,7.33333],"texture":"#4"},"west":{"uv":[13.33333,5.33333,13.66667,6],"texture":"#4"},"up":{"uv":[1,13.66667,0,13.33333],"texture":"#4"},"down":{"uv":[14.33333,0,13.33333,0.33333],"texture":"#4"}}},{"from":[6.5,18,5.1],"to":[7,18.5,6.85],"rotation":{"angle":45,"axis":"z","origin":[6.75,18.25,5.1]},"faces":{"east":{"uv":[12.66667,9.33333,13.83333,9.66667],"texture":"#4"},"west":{"uv":[10,12.66667,11.16667,13],"texture":"#4"},"up":{"uv":[13,11.16667,12.66667,10],"texture":"#4"},"down":{"uv":[11.66667,12.66667,11.33333,13.83333],"texture":"#4"}}},{"from":[8.25,17.75,6.85],"to":[9.75,18.75,7.35],"rotation":{"angle":0,"axis":"y","origin":[9.75,17.75,6.85]},"faces":{"north":{"uv":[13,6,12,6.66667],"texture":"#4"},"east":{"uv":[13.66667,5.33333,13.33333,6],"texture":"#4"},"south":{"uv":[13,6.66667,12,7.33333],"texture":"#4"},"up":{"uv":[0,13.66667,1,13.33333],"texture":"#4"},"down":{"uv":[13.33333,0,14.33333,0.33333],"texture":"#4"}}},{"from":[9,18,5.1],"to":[9.5,18.5,6.85],"rotation":{"angle":-45,"axis":"z","origin":[9.25,18.25,5.1]},"faces":{"east":{"uv":[11.16667,12.66667,10,13],"texture":"#4"},"west":{"uv":[13.83333,9.33333,12.66667,9.66667],"texture":"#4"},"up":{"uv":[12.66667,11.16667,13,10],"texture":"#4"},"down":{"uv":[11.33333,12.66667,11.66667,13.83333],"texture":"#4"}}},{"from":[8.25,17.75,4.6],"to":[9.75,18.75,5.1],"rotation":{"angle":0,"axis":"y","origin":[9.75,17.75,4.6]},"faces":{"north":{"uv":[13,5.33333,12,6],"texture":"#4"},"east":{"uv":[5.66667,13.33333,5.33333,14],"texture":"#4"},"south":{"uv":[7,12,6,12.66667],"texture":"#4"},"up":{"uv":[12.66667,12.33333,13.66667,12],"texture":"#4"},"down":{"uv":[12.66667,12.66667,13.66667,13],"texture":"#4"}}},{"from":[9.237,14.94645,5.35],"to":[9.267,17.94645,6.6],"rotation":{"angle":0,"axis":"y","origin":[9.275,13.94645,5.6]},"faces":{"east":{"uv":[6.16667,2,5.33333,4],"texture":"#4"},"west":{"uv":[6.16667,0,5.33333,2],"texture":"#4"}}},{"from":[7.5,16.75,7.5],"to":[8.5,18.25,9],"rotation":{"angle":45,"axis":"x","origin":[7.5,16.75,9]},"faces":{"north":{"uv":[12.66667,4,12,5],"texture":"#4"},"east":{"uv":[1,7.33333,0,8.33333],"texture":"#4"},"south":{"uv":[4.66667,12,4,13],"texture":"#4"},"west":{"uv":[8.33333,0.66667,7.33333,1.66667],"texture":"#4"},"up":{"uv":[5.33333,12,4.66667,13],"texture":"#4"},"down":{"uv":[6,13,5.33333,12],"texture":"#4"}}},{"from":[7.5,18.16421,7.70711],"to":[8.5,19.16421,9.70711],"rotation":{"angle":45,"axis":"x","origin":[7.5,18.16421,9.70711]},"faces":{"north":{"uv":[10.66667,12,10,12.66667],"texture":"#4"},"east":{"uv":[10,6.66667,8.66667,7.33333],"texture":"#4"},"south":{"uv":[10,12,9.33333,12.66667],"texture":"#4"},"west":{"uv":[9.33333,8.66667,8,9.33333],"texture":"#4"},"up":{"uv":[2,7.33333,1.33333,8.66667],"texture":"#4"},"down":{"uv":[10,3.33333,9.33333,2],"texture":"#4"}}},{"from":[8.00732,17.60355,8.11066],"to":[8.98232,18.57855,10.86066],"rotation":{"angle":45,"axis":"z","origin":[7.98232,17.60355,11.86066]},"faces":{"east":{"uv":[1.83333,6.66667,0,7.33333],"texture":"#4"},"west":{"uv":[8.5,0,6.66667,0.66667],"texture":"#4"},"up":{"uv":[7.33333,0.66667,6.66667,2.5],"texture":"#4"},"down":{"uv":[2.66667,8.5,2,6.66667],"texture":"#4"}}},{"from":[7.25,17.14645,9.42487],"to":[8.75,18.64645,10.92487],"rotation":{"angle":45,"axis":"x","origin":[7.25,16.89645,11.17487]},"faces":{"north":{"uv":[7.66667,7.33333,6.66667,8.33333],"texture":"#4"},"east":{"uv":[8.33333,6,7.33333,7],"texture":"#4"},"south":{"uv":[6.33333,7.33333,5.33333,8.33333],"texture":"#4"},"west":{"uv":[9,2,8,3],"texture":"#4"},"up":{"uv":[3.66667,8,2.66667,9],"texture":"#4"},"down":{"uv":[9,4.33333,8,3.33333],"texture":"#4"}}},{"from":[7.6,17.75,8.8],"to":[8.4,18.75,11.3],"rotation":{"angle":-22.5,"axis":"x","origin":[7.5,17.75,11.3]},"faces":{"east":{"uv":[7,6.66667,5.33333,7.33333],"texture":"#4"},"west":{"uv":[8.33333,5.33333,6.66667,6],"texture":"#4"},"down":{"uv":[3.16667,11,2.66667,9.33333],"texture":"#4"}}},{"from":[6.25,17.75,10.9],"to":[7.75,18.75,11.4],"rotation":{"angle":0,"axis":"y","origin":[6.25,17.75,11.4]},"faces":{"north":{"uv":[7,12,6,12.66667],"texture":"#4"},"south":{"uv":[13,5.33333,12,6],"texture":"#4"},"west":{"uv":[5.66667,13.33333,5.33333,14],"texture":"#4"},"up":{"uv":[13.66667,12,12.66667,12.33333],"texture":"#4"},"down":{"uv":[13.66667,13,12.66667,12.66667],"texture":"#4"}}},{"from":[6.733,14.94645,9.4],"to":[6.763,17.94645,10.65],"rotation":{"angle":0,"axis":"y","origin":[6.725,13.94645,10.4]},"faces":{"east":{"uv":[6.16667,0,5.33333,2],"texture":"#4"},"west":{"uv":[6.16667,2,5.33333,4],"texture":"#4"}}},{"from":[6.25,17.75,8.65],"to":[7.75,18.75,9.15],"rotation":{"angle":0,"axis":"y","origin":[6.25,17.75,9.15]},"faces":{"north":{"uv":[13,6.66667,12,7.33333],"texture":"#4"},"south":{"uv":[13,6,12,6.66667],"texture":"#4"},"west":{"uv":[13.66667,5.33333,13.33333,6],"texture":"#4"},"up":{"uv":[1,13.33333,0,13.66667],"texture":"#4"},"down":{"uv":[14.33333,0.33333,13.33333,0],"texture":"#4"}}},{"from":[6.5,18,9.15],"to":[7,18.5,10.9],"rotation":{"angle":45,"axis":"z","origin":[6.75,18.25,10.9]},"faces":{"east":{"uv":[13.83333,9.33333,12.66667,9.66667],"texture":"#4"},"west":{"uv":[11.16667,12.66667,10,13],"texture":"#4"},"up":{"uv":[13,10,12.66667,11.16667],"texture":"#4"},"down":{"uv":[11.66667,13.83333,11.33333,12.66667],"texture":"#4"}}},{"from":[9.237,14.94645,9.4],"to":[9.267,17.94645,10.65],"rotation":{"angle":0,"axis":"y","origin":[9.275,13.94645,10.4]},"faces":{"east":{"uv":[5.33333,2,6.16667,4],"texture":"#4"},"west":{"uv":[5.33333,0,6.16667,2],"texture":"#4"}}},{"from":[8.25,17.75,10.9],"to":[9.75,18.75,11.4],"rotation":{"angle":0,"axis":"y","origin":[9.75,17.75,11.4]},"faces":{"north":{"uv":[6,12,7,12.66667],"texture":"#4"},"east":{"uv":[5.33333,13.33333,5.66667,14],"texture":"#4"},"south":{"uv":[12,5.33333,13,6],"texture":"#4"},"up":{"uv":[12.66667,12,13.66667,12.33333],"texture":"#4"},"down":{"uv":[12.66667,13,13.66667,12.66667],"texture":"#4"}}},{"from":[9,18,9.15],"to":[9.5,18.5,10.9],"rotation":{"angle":-45,"axis":"z","origin":[9.25,18.25,10.9]},"faces":{"east":{"uv":[10,12.66667,11.16667,13],"texture":"#4"},"west":{"uv":[12.66667,9.33333,13.83333,9.66667],"texture":"#4"},"up":{"uv":[12.66667,10,13,11.16667],"texture":"#4"},"down":{"uv":[11.33333,13.83333,11.66667,12.66667],"texture":"#4"}}},{"from":[8.25,17.75,8.65],"to":[9.75,18.75,9.15],"rotation":{"angle":0,"axis":"y","origin":[9.75,17.75,9.15]},"faces":{"north":{"uv":[12,6.66667,13,7.33333],"texture":"#4"},"east":{"uv":[13.33333,5.33333,13.66667,6],"texture":"#4"},"south":{"uv":[12,6,13,6.66667],"texture":"#4"},"up":{"uv":[0,13.33333,1,13.66667],"texture":"#4"},"down":{"uv":[13.33333,0.33333,14.33333,0],"texture":"#4"}}},{"from":[7.25,21.75,7.25],"to":[8.75,23.25,8.75],"rotation":{"angle":-45,"axis":"x","origin":[8,22.5,8]},"faces":{"north":{"uv":[4,8,5,9],"texture":"#4"},"east":{"uv":[8,7.33333,9,8.33333],"texture":"#4"},"south":{"uv":[0,8.66667,1,9.66667],"texture":"#4"},"west":{"uv":[8.66667,0,9.66667,1],"texture":"#4"},"up":{"uv":[2.33333,9.66667,1.33333,8.66667],"texture":"#4"},"down":{"uv":[9.66667,4.66667,8.66667,5.66667],"texture":"#4"}}},{"from":[7.75,21,3.75],"to":[8.25,22,4.75],"rotation":{"angle":45,"axis":"x","origin":[8.25,22.5,5.25]},"faces":{"north":{"uv":[13.33333,6,13.66667,6.66667],"texture":"#4"},"east":{"uv":[12.66667,4.66667,13.33333,5.33333],"texture":"#4"},"south":{"uv":[6.66667,13.33333,7,14],"texture":"#4"},"west":{"uv":[6.66667,12.66667,7.33333,13.33333],"texture":"#4"},"up":{"uv":[13.66667,7.33333,13.33333,6.66667],"texture":"#4"},"down":{"uv":[7.66667,13.33333,7.33333,14],"texture":"#4"}}},{"from":[7.75,21,4.75],"to":[8.25,21.5,6.75],"rotation":{"angle":45,"axis":"x","origin":[8.25,22.5,5.25]},"faces":{"east":{"uv":[7.33333,12.66667,8.66667,13],"texture":"#4"},"south":{"uv":[12,13.33333,12.33333,13.66667],"texture":"#4"},"west":{"uv":[12.66667,7.33333,14,7.66667],"texture":"#4"},"up":{"uv":[13,9.33333,12.66667,8],"texture":"#4"},"down":{"uv":[9.66667,12.66667,9.33333,14],"texture":"#4"}}},{"from":[7.75,21.5,5.75],"to":[8.25,22,6.75],"rotation":{"angle":45,"axis":"x","origin":[8.25,22.5,5.25]},"faces":{"north":{"uv":[0,14,0.33333,14.33333],"texture":"#4"},"east":{"uv":[13.33333,8.66667,14,9],"texture":"#4"},"south":{"uv":[0.66667,14,1,14.33333],"texture":"#4"},"west":{"uv":[10,13.33333,10.66667,13.66667],"texture":"#4"},"up":{"uv":[13.66667,10.66667,13.33333,10],"texture":"#4"}}},{"from":[7.75,22,3.75],"to":[8.25,24,4.25],"rotation":{"angle":45,"axis":"x","origin":[8.25,22.5,5.25]},"faces":{"north":{"uv":[12.66667,2,13,3.33333],"texture":"#4"},"east":{"uv":[2.66667,12.66667,3,14],"texture":"#4"},"south":{"uv":[12.66667,3.33333,13,4.66667],"texture":"#4"},"west":{"uv":[6,12.66667,6.33333,14],"texture":"#4"},"up":{"uv":[13.66667,11.66667,13.33333,11.33333],"texture":"#4"}}},{"from":[7.75,23,4.25],"to":[8.25,24,4.75],"rotation":{"angle":45,"axis":"x","origin":[8.25,22.5,5.25]},"faces":{"east":{"uv":[8,13.33333,8.33333,14],"texture":"#4"},"south":{"uv":[13.33333,8,13.66667,8.66667],"texture":"#4"},"west":{"uv":[8.66667,13.33333,9,14],"texture":"#4"},"up":{"uv":[13,13.66667,12.66667,13.33333],"texture":"#4"},"down":{"uv":[13.66667,13.33333,13.33333,13.66667],"texture":"#4"}}},{"from":[7.75,22,11.75],"to":[8.25,24,12.25],"rotation":{"angle":-45,"axis":"x","origin":[8.25,22.5,10.75]},"faces":{"north":{"uv":[13,3.33333,12.66667,4.66667],"texture":"#4"},"east":{"uv":[3,12.66667,2.66667,14],"texture":"#4"},"south":{"uv":[13,2,12.66667,3.33333],"texture":"#4"},"west":{"uv":[6.33333,12.66667,6,14],"texture":"#4"},"up":{"uv":[13.66667,11.33333,13.33333,11.66667],"texture":"#4"}}},{"from":[7.75,21,11.25],"to":[8.25,22,12.25],"rotation":{"angle":-45,"axis":"x","origin":[8.25,22.5,10.75]},"faces":{"north":{"uv":[7,13.33333,6.66667,14],"texture":"#4"},"east":{"uv":[13.33333,4.66667,12.66667,5.33333],"texture":"#4"},"south":{"uv":[13.66667,6,13.33333,6.66667],"texture":"#4"},"west":{"uv":[7.33333,12.66667,6.66667,13.33333],"texture":"#4"},"up":{"uv":[13.66667,6.66667,13.33333,7.33333],"texture":"#4"},"down":{"uv":[7.66667,14,7.33333,13.33333],"texture":"#4"}}},{"from":[7.75,21,9.25],"to":[8.25,21.5,11.25],"rotation":{"angle":-45,"axis":"x","origin":[8.25,22.5,10.75]},"faces":{"north":{"uv":[12.33333,13.33333,12,13.66667],"texture":"#4"},"east":{"uv":[8.66667,12.66667,7.33333,13],"texture":"#4"},"west":{"uv":[14,7.33333,12.66667,7.66667],"texture":"#4"},"up":{"uv":[13,8,12.66667,9.33333],"texture":"#4"},"down":{"uv":[9.66667,14,9.33333,12.66667],"texture":"#4"}}},{"from":[7.75,23,11.25],"to":[8.25,24,11.75],"rotation":{"angle":-45,"axis":"x","origin":[8.25,22.5,10.75]},"faces":{"north":{"uv":[13.66667,8,13.33333,8.66667],"texture":"#4"},"east":{"uv":[8.33333,13.33333,8,14],"texture":"#4"},"west":{"uv":[9,13.33333,8.66667,14],"texture":"#4"},"up":{"uv":[13,13.33333,12.66667,13.66667],"texture":"#4"},"down":{"uv":[13.66667,13.66667,13.33333,13.33333],"texture":"#4"}}},{"from":[7.75,21.5,9.25],"to":[8.25,22,10.25],"rotation":{"angle":-45,"axis":"x","origin":[8.25,22.5,10.75]},"faces":{"north":{"uv":[1,14,0.66667,14.33333],"texture":"#4"},"east":{"uv":[14,8.66667,13.33333,9],"texture":"#4"},"south":{"uv":[0.33333,14,0,14.33333],"texture":"#4"},"west":{"uv":[10.66667,13.33333,10,13.66667],"texture":"#4"},"up":{"uv":[13.66667,10,13.33333,10.66667],"texture":"#4"}}},{"from":[10.94454,20.05546,7.75],"to":[11.44454,22.05546,8.25],"rotation":{"angle":45,"axis":"z","origin":[8,22.5,8]},"faces":{"north":{"uv":[6,12.66667,6.33333,14],"texture":"#4"},"east":{"uv":[12.66667,2,13,3.33333],"texture":"#4"},"south":{"uv":[2.66667,12.66667,3,14],"texture":"#4"},"west":{"uv":[12.66667,3.33333,13,4.66667],"texture":"#4"},"up":{"uv":[13.66667,11.66667,13.33333,11.33333],"rotation":90,"texture":"#4"}}},{"from":[10.44454,19.05546,7.75],"to":[11.44454,20.05546,8.25],"rotation":{"angle":45,"axis":"z","origin":[8,22.5,8]},"faces":{"north":{"uv":[6.66667,12.66667,7.33333,13.33333],"texture":"#4"},"east":{"uv":[13.33333,6,13.66667,6.66667],"texture":"#4"},"south":{"uv":[12.66667,4.66667,13.33333,5.33333],"texture":"#4"},"west":{"uv":[6.66667,13.33333,7,14],"texture":"#4"},"up":{"uv":[13.66667,7.33333,13.33333,6.66667],"rotation":90,"texture":"#4"},"down":{"uv":[7.66667,13.33333,7.33333,14],"rotation":270,"texture":"#4"}}},{"from":[8.44454,19.05546,7.75],"to":[10.44454,19.55546,8.25],"rotation":{"angle":45,"axis":"z","origin":[8,22.5,8]},"faces":{"north":{"uv":[12.66667,7.33333,14,7.66667],"texture":"#4"},"south":{"uv":[7.33333,12.66667,8.66667,13],"texture":"#4"},"west":{"uv":[12,13.33333,12.33333,13.66667],"texture":"#4"},"up":{"uv":[13,9.33333,12.66667,8],"rotation":90,"texture":"#4"},"down":{"uv":[9.66667,12.66667,9.33333,14],"rotation":270,"texture":"#4"}}},{"from":[10.44454,21.05546,7.75],"to":[10.94454,22.05546,8.25],"rotation":{"angle":45,"axis":"z","origin":[8,22.5,8]},"faces":{"north":{"uv":[8.66667,13.33333,9,14],"texture":"#4"},"south":{"uv":[8,13.33333,8.33333,14],"texture":"#4"},"west":{"uv":[13.33333,8,13.66667,8.66667],"texture":"#4"},"up":{"uv":[13,13.66667,12.66667,13.33333],"rotation":90,"texture":"#4"},"down":{"uv":[13.66667,13.33333,13.33333,13.66667],"rotation":270,"texture":"#4"}}},{"from":[8.44454,19.55546,7.75],"to":[9.44454,20.05546,8.25],"rotation":{"angle":45,"axis":"z","origin":[8,22.5,8]},"faces":{"north":{"uv":[10,13.33333,10.66667,13.66667],"texture":"#4"},"east":{"uv":[0,14,0.33333,14.33333],"texture":"#4"},"south":{"uv":[13.33333,8.66667,14,9],"texture":"#4"},"west":{"uv":[0.66667,14,1,14.33333],"texture":"#4"},"up":{"uv":[13.66667,10.66667,13.33333,10],"rotation":90,"texture":"#4"}}},{"from":[6.55546,19.55546,7.75],"to":[7.55546,20.05546,8.25],"rotation":{"angle":-45,"axis":"z","origin":[8,22.5,8]},"faces":{"north":{"uv":[10.66667,13.33333,10,13.66667],"texture":"#4"},"east":{"uv":[1,14,0.66667,14.33333],"texture":"#4"},"south":{"uv":[14,8.66667,13.33333,9],"texture":"#4"},"west":{"uv":[0.33333,14,0,14.33333],"texture":"#4"},"up":{"uv":[13.66667,10,13.33333,10.66667],"rotation":90,"texture":"#4"}}},{"from":[5.05546,21.05546,7.75],"to":[5.55546,22.05546,8.25],"rotation":{"angle":-45,"axis":"z","origin":[8,22.5,8]},"faces":{"north":{"uv":[9,13.33333,8.66667,14],"texture":"#4"},"east":{"uv":[13.66667,8,13.33333,8.66667],"texture":"#4"},"south":{"uv":[8.33333,13.33333,8,14],"texture":"#4"},"up":{"uv":[13,13.33333,12.66667,13.66667],"rotation":90,"texture":"#4"},"down":{"uv":[13.66667,13.66667,13.33333,13.33333],"rotation":270,"texture":"#4"}}},{"from":[5.55546,19.05546,7.75],"to":[7.55546,19.55546,8.25],"rotation":{"angle":-45,"axis":"z","origin":[8,22.5,8]},"faces":{"north":{"uv":[14,7.33333,12.66667,7.66667],"texture":"#4"},"east":{"uv":[12.33333,13.33333,12,13.66667],"texture":"#4"},"south":{"uv":[8.66667,12.66667,7.33333,13],"texture":"#4"},"up":{"uv":[13,8,12.66667,9.33333],"rotation":90,"texture":"#4"},"down":{"uv":[9.66667,14,9.33333,12.66667],"rotation":270,"texture":"#4"}}},{"from":[4.55546,19.05546,7.75],"to":[5.55546,20.05546,8.25],"rotation":{"angle":-45,"axis":"z","origin":[8,22.5,8]},"faces":{"north":{"uv":[7.33333,12.66667,6.66667,13.33333],"texture":"#4"},"east":{"uv":[7,13.33333,6.66667,14],"texture":"#4"},"south":{"uv":[13.33333,4.66667,12.66667,5.33333],"texture":"#4"},"west":{"uv":[13.66667,6,13.33333,6.66667],"texture":"#4"},"up":{"uv":[13.66667,6.66667,13.33333,7.33333],"rotation":90,"texture":"#4"},"down":{"uv":[7.66667,14,7.33333,13.33333],"rotation":270,"texture":"#4"}}},{"from":[4.55546,20.05546,7.75],"to":[5.05546,22.05546,8.25],"rotation":{"angle":-45,"axis":"z","origin":[8,22.5,8]},"faces":{"north":{"uv":[6.33333,12.66667,6,14],"texture":"#4"},"east":{"uv":[13,3.33333,12.66667,4.66667],"texture":"#4"},"south":{"uv":[3,12.66667,2.66667,14],"texture":"#4"},"west":{"uv":[13,2,12.66667,3.33333],"texture":"#4"},"up":{"uv":[13.66667,11.33333,13.33333,11.66667],"rotation":90,"texture":"#4"}}}],"gui_light":"front","display":{"thirdperson_righthand":{"translation":[0,-3.5,1]},"thirdperson_lefthand":{"translation":[0,-3.5,1]},"firstperson_righthand":{"rotation":[-10,0,0],"translation":[0,-4,0]},"firstperson_lefthand":{"rotation":[-10,0,0],"translation":[0,-4,0]},"ground":{"rotation":[-45,0,0],"translation":[0,4,0],"scale":[0.7,0.7,0.7]},"gui":{"rotation":[-90,45,90],"translation":[1.25,-1.25,0],"scale":[0.7,0.7,0.7]},"head":{"rotation":[0,-90,0]},"fixed":{"rotation":[0,-90,0],"translation":[0,0,-1.5],"scale":[2,2,2]}}}