{"credit":"Made with Blockbench","texture_size":[32,32],"textures":{"2":"easter2024set:easter_helmet"},"elements":[{"from":[4,1,4],"to":[12,8,12],"rotation":{"angle":0,"axis":"y","origin":[3,0,3]},"faces":{"north":{"uv":[4,6,8,9.5],"texture":"#2"},"east":{"uv":[0,8,4,11.5],"texture":"#2"},"south":{"uv":[8,6,12,9.5],"texture":"#2"},"west":{"uv":[9,0,13,3.5],"texture":"#2"},"up":{"uv":[4,4,0,0],"texture":"#2"},"down":{"uv":[4,4,0,8],"texture":"#2"}}},{"from":[3,1,3],"to":[13,4,9],"rotation":{"angle":0,"axis":"y","origin":[2,0,2]},"faces":{"north":{"uv":[9,3.5,14,5],"texture":"#2"},"east":{"uv":[6,11,9,12.5],"texture":"#2"},"south":{"uv":[4,9.5,9,11],"texture":"#2"},"west":{"uv":[11,9.5,14,11],"texture":"#2"},"up":{"uv":[9,3,4,0],"texture":"#2"},"down":{"uv":[9,3,4,6],"texture":"#2"}}},{"from":[12,6.5,7.5],"to":[15.5,14.5,8.5],"rotation":{"angle":-22.5,"axis":"z","origin":[13.5,13.375,8]},"faces":{"north":{"uv":[9,9.5,10.75,13.5],"texture":"#2"},"east":{"uv":[11,11,11.5,15],"texture":"#2"},"south":{"uv":[4,11,5.75,15],"texture":"#2"},"west":{"uv":[0,11.5,0.5,15.5],"texture":"#2"},"up":{"uv":[10.75,5.5,9,5],"texture":"#2"},"down":{"uv":[10.75,5.5,9,6],"texture":"#2"}}},{"from":[12.5,14.5,7.5],"to":[15,15,8.5],"rotation":{"angle":-22.5,"axis":"z","origin":[13.5,13.375,8]},"faces":{"north":{"uv":[12,6,13.25,6.25],"texture":"#2"},"east":{"uv":[3.5,11.5,4,11.75],"texture":"#2"},"south":{"uv":[12,6.5,13.25,6.75],"texture":"#2"},"west":{"uv":[3.5,12,4,12.25],"texture":"#2"},"up":{"uv":[12.75,11.5,11.5,11],"texture":"#2"}}},{"from":[0.5,6.5,7.5],"to":[4,14.5,8.5],"rotation":{"angle":22.5,"axis":"z","origin":[2.5,13.375,8]},"faces":{"north":{"uv":[10.75,9.5,9,13.5],"texture":"#2"},"east":{"uv":[0.5,11.5,0,15.5],"texture":"#2"},"south":{"uv":[5.75,11,4,15],"texture":"#2"},"west":{"uv":[11.5,11,11,15],"texture":"#2"},"up":{"uv":[9,5.5,10.75,5],"texture":"#2"},"down":{"uv":[9,5.5,10.75,6],"texture":"#2"}}},{"from":[1,14.5,7.5],"to":[3.5,15,8.5],"rotation":{"angle":22.5,"axis":"z","origin":[2.5,13.375,8]},"faces":{"north":{"uv":[13.25,6,12,6.25],"texture":"#2"},"east":{"uv":[4,12,3.5,12.25],"texture":"#2"},"south":{"uv":[13.25,6.5,12,6.75],"texture":"#2"},"west":{"uv":[4,11.5,3.5,11.75],"texture":"#2"},"up":{"uv":[11.5,11.5,12.75,11],"texture":"#2"}}},{"from":[7,3,2.5],"to":[9,4.5,4],"rotation":{"angle":0,"axis":"y","origin":[7,3,2]},"faces":{"north":{"uv":[11,5,12,5.75],"texture":"#2"},"east":{"uv":[11.5,11.5,12.25,12.25],"texture":"#2"},"south":{"uv":[0.5,11.5,1.5,12.25],"texture":"#2"},"west":{"uv":[12,5,12.75,5.75],"texture":"#2"},"up":{"uv":[2.5,12.25,1.5,11.5],"texture":"#2"},"down":{"uv":[3.5,11.5,2.5,12.25],"texture":"#2"}}}],"gui_light":"front","display":{"thirdperson_righthand":{"rotation":[48,0,0],"translation":[0,4.25,3],"scale":[0.7,0.7,0.7]},"thirdperson_lefthand":{"rotation":[48,0,0],"translation":[0,4.25,3],"scale":[0.7,0.7,0.7]},"firstperson_righthand":{"rotation":[-20.5,180,0],"translation":[0.5,5.75,-3]},"firstperson_lefthand":{"rotation":[-20.5,180,0],"translation":[0.5,5.75,-3]},"ground":{"translation":[0,5,0]},"gui":{"rotation":[0,180,0]},"head":{"translation":[0,7.5,0],"scale":[2,2,2]},"fixed":{"rotation":[-90,0,0],"translation":[0,0,-14.5],"scale":[2,2,2]}}}