{"credit":"Made by PolygonMC","texture_size":[24,24],"textures":{"1":"winterset:sword","3":"winterset:animations/animations_1","particle":"winterset:sword"},"elements":[{"from":[7.5,1.2,7.5],"to":[8.5,1.7,8.5],"rotation":{"angle":0,"axis":"y","origin":[7.5,-0.3,7.5]},"faces":{"north":{"uv":[6.66667,13.33333,7.33333,13.66667],"texture":"#1"},"east":{"uv":[13.33333,11.33333,14,11.66667],"texture":"#1"},"south":{"uv":[13.33333,12,14,12.33333],"texture":"#1"},"west":{"uv":[12.66667,13.33333,13.33333,13.66667],"texture":"#1"}}},{"from":[7.5,6.75,7.5],"to":[8.5,7.25,8.5],"rotation":{"angle":0,"axis":"y","origin":[7.5,5.75,7.5]},"faces":{"north":{"uv":[13.33333,13.33333,14,13.66667],"texture":"#1"},"east":{"uv":[14,2,14.66667,2.33333],"texture":"#1"},"south":{"uv":[14,2.66667,14.66667,3],"texture":"#1"},"west":{"uv":[14,3.33333,14.66667,3.66667],"texture":"#1"}}},{"from":[7.4,2.2,7.4],"to":[8.6,2.8,8.6],"rotation":{"angle":0,"axis":"y","origin":[7.5,1.2,7.5]},"faces":{"north":{"uv":[13.33333,8,14.16667,8.33333],"texture":"#1"},"east":{"uv":[8.66667,13.33333,9.5,13.66667],"texture":"#1"},"south":{"uv":[13.33333,8.66667,14.16667,9],"texture":"#1"},"west":{"uv":[13.33333,9.33333,14.16667,9.66667],"texture":"#1"},"up":{"uv":[12.83333,5.5,12,4.66667],"texture":"#1"}}},{"from":[7.4,5.65,7.4],"to":[8.6,6.25,8.6],"rotation":{"angle":0,"axis":"y","origin":[7.5,4.15,7.5]},"faces":{"north":{"uv":[10,13.33333,10.83333,13.66667],"texture":"#1"},"east":{"uv":[13.33333,10,14.16667,10.33333],"texture":"#1"},"south":{"uv":[13.33333,10.66667,14.16667,11],"texture":"#1"},"west":{"uv":[11.33333,13.33333,12.16667,13.66667],"texture":"#1"},"down":{"uv":[6.83333,12,6,12.83333],"texture":"#1"}}},{"from":[7.5,2.8,7.5],"to":[8.5,5.65,8.5],"rotation":{"angle":0,"axis":"y","origin":[8,4.225,8]},"faces":{"north":{"uv":[7.33333,8,8,9.83333],"texture":"#1"},"east":{"uv":[8,8,8.66667,9.83333],"texture":"#1"},"south":{"uv":[8.66667,8,9.33333,9.83333],"texture":"#1"},"west":{"uv":[9.33333,4,10,5.83333],"texture":"#1"}}},{"from":[7.25,1.7,7.25],"to":[8.75,2.2,8.75],"rotation":{"angle":0,"axis":"y","origin":[7.5,0.7,7.5]},"faces":{"north":{"uv":[12.66667,12.66667,13.66667,13],"texture":"#1"},"east":{"uv":[13.33333,0,14.33333,0.33333],"texture":"#1"},"south":{"uv":[13.33333,0.66667,14.33333,1],"texture":"#1"},"west":{"uv":[13.33333,1.33333,14.33333,1.66667],"texture":"#1"},"up":{"uv":[11,11,10,10],"texture":"#1"},"down":{"uv":[11.66667,1.33333,10.66667,2.33333],"texture":"#1"}}},{"from":[7.25,6.25,7.25],"to":[8.75,6.75,8.75],"rotation":{"angle":0,"axis":"y","origin":[7.5,5.25,7.5]},"faces":{"north":{"uv":[5.33333,13.33333,6.33333,13.66667],"texture":"#1"},"east":{"uv":[13.33333,6,14.33333,6.33333],"texture":"#1"},"south":{"uv":[13.33333,6.66667,14.33333,7],"texture":"#1"},"west":{"uv":[13.33333,7.33333,14.33333,7.66667],"texture":"#1"},"up":{"uv":[12.33333,1,11.33333,0],"texture":"#1"},"down":{"uv":[12.33333,2.66667,11.33333,3.66667],"texture":"#1"}}},{"from":[7.33,0.28,7.33],"to":[8.67,1.62,8.67],"rotation":{"angle":-45,"axis":"x","origin":[8,0.95,8]},"faces":{"north":{"uv":[11.33333,8.66667,12.16667,9.5],"texture":"#1"},"east":{"uv":[10,11.33333,10.83333,12.16667],"texture":"#1"},"south":{"uv":[11.33333,10,12.16667,10.83333],"texture":"#1"},"west":{"uv":[11.33333,11.33333,12.16667,12.16667],"texture":"#1"},"up":{"uv":[12.83333,2.16667,12,1.33333],"texture":"#1"},"down":{"uv":[5.5,12,4.66667,12.83333],"texture":"#1"}}},{"from":[7.35,6.65,8],"to":[8.65,8.65,10],"rotation":{"angle":-45,"axis":"x","origin":[7.25,6.65,8]},"faces":{"north":{"uv":[10,0,10.83333,1.33333],"texture":"#1"},"east":{"uv":[8,1.33333,9.33333,2.66667],"texture":"#1"},"south":{"uv":[10,2.66667,10.83333,4],"texture":"#1"},"west":{"uv":[4.66667,8,6,9.33333],"texture":"#1"},"up":{"uv":[10.83333,5.33333,10,4],"texture":"#1"},"down":{"uv":[8.83333,10,8,11.33333],"texture":"#1"}}},{"from":[7.1,6.9,8.25],"to":[8.9,8.4,9.75],"rotation":{"angle":-45,"axis":"x","origin":[7.25,6.65,8]},"faces":{"north":{"uv":[9.33333,1.33333,10.5,2.33333],"texture":"#1"},"east":{"uv":[4.66667,10.66667,5.66667,11.66667],"texture":"#1"},"south":{"uv":[4.66667,9.33333,5.83333,10.33333],"texture":"#1"},"west":{"uv":[10.66667,5.33333,11.66667,6.33333],"texture":"#1"},"up":{"uv":[10.5,7,9.33333,6],"texture":"#1"},"down":{"uv":[10.5,7.33333,9.33333,8.33333],"texture":"#1"}}},{"from":[7.75,0.45628,5.53731],"to":[8.25,1.45628,6.03731],"rotation":{"angle":45,"axis":"x","origin":[8,0.33128,6.28731]},"faces":{"north":{"uv":[14,4,14.33333,4.66667],"texture":"#1"},"east":{"uv":[14,4.66667,14.33333,5.33333],"texture":"#1"},"south":{"uv":[5.33333,14,5.66667,14.66667],"texture":"#1"},"west":{"uv":[14,5.33333,14.33333,6],"texture":"#1"},"up":{"uv":[14.33333,12.33333,14,12],"texture":"#1"},"down":{"uv":[13,14,12.66667,14.33333],"texture":"#1"}}},{"from":[7.75,0.45628,6.03731],"to":[8.25,0.95628,6.53731],"rotation":{"angle":45,"axis":"x","origin":[8,0.33128,6.28731]},"faces":{"east":{"uv":[14,12.66667,14.33333,13],"texture":"#1"},"south":{"uv":[13.33333,14,13.66667,14.33333],"texture":"#1"},"west":{"uv":[14,13.33333,14.33333,13.66667],"texture":"#1"},"up":{"uv":[14.33333,14.33333,14,14],"texture":"#1"},"down":{"uv":[15,0,14.66667,0.33333],"texture":"#1"}}},{"from":[7.75,0.45628,9.96269],"to":[8.25,1.45628,10.46269],"rotation":{"angle":-45,"axis":"x","origin":[8,0.33128,9.71269]},"faces":{"north":{"uv":[5.66667,14,5.33333,14.66667],"texture":"#1"},"east":{"uv":[14.33333,4.66667,14,5.33333],"texture":"#1"},"south":{"uv":[14.33333,4,14,4.66667],"texture":"#1"},"west":{"uv":[14.33333,5.33333,14,6],"texture":"#1"},"up":{"uv":[14.33333,12,14,12.33333],"texture":"#1"},"down":{"uv":[13,14.33333,12.66667,14],"texture":"#1"}}},{"from":[7.75,0.45628,9.46269],"to":[8.25,0.95628,9.96269],"rotation":{"angle":-45,"axis":"x","origin":[8,0.33128,9.71269]},"faces":{"north":{"uv":[13.66667,14,13.33333,14.33333],"texture":"#1"},"east":{"uv":[14.33333,12.66667,14,13],"texture":"#1"},"west":{"uv":[14.33333,13.33333,14,13.66667],"texture":"#1"},"up":{"uv":[14.33333,14,14,14.33333],"texture":"#1"},"down":{"uv":[15,0.33333,14.66667,0],"texture":"#1"}}},{"from":[7.5,6.65,5.58579],"to":[8.5,7.65,6.58579],"rotation":{"angle":45,"axis":"x","origin":[7.5,6.65,6.58579]},"faces":{"north":{"uv":[12.66667,8,13.33333,8.66667],"texture":"#1"},"east":{"uv":[8.66667,12.66667,9.33333,13.33333],"texture":"#1"},"south":{"uv":[12.66667,8.66667,13.33333,9.33333],"texture":"#1"},"west":{"uv":[9.33333,12.66667,10,13.33333],"texture":"#1"},"up":{"uv":[13.33333,10,12.66667,9.33333],"texture":"#1"},"down":{"uv":[10.66667,12.66667,10,13.33333],"texture":"#1"}}},{"from":[7.5,7.65,4.58579],"to":[8.5,8.65,5.58579],"rotation":{"angle":45,"axis":"x","origin":[7.5,6.65,6.58579]},"faces":{"north":{"uv":[10,5.33333,10.66667,6],"texture":"#1"},"east":{"uv":[11.33333,4.66667,12,5.33333],"texture":"#1"},"west":{"uv":[12,8,12.66667,8.66667],"texture":"#1"},"up":{"uv":[13.33333,0.66667,12.66667,0],"texture":"#1"},"down":{"uv":[13.33333,0.66667,12.66667,1.33333],"texture":"#1"}}},{"from":[7.5,6.94289,2.37868],"to":[8.5,7.94289,4.37868],"rotation":{"angle":45,"axis":"x","origin":[7.5,5.94289,5.37868]},"faces":{"north":{"uv":[12.66667,10,13.33333,10.66667],"texture":"#1"},"east":{"uv":[10.66667,8,12,8.66667],"texture":"#1"},"south":{"uv":[10.66667,12.66667,11.33333,13.33333],"texture":"#1"},"west":{"uv":[11.33333,4,12.66667,4.66667],"texture":"#1"},"up":{"uv":[8.66667,12.66667,8,11.33333],"texture":"#1"},"down":{"uv":[9.33333,11.33333,8.66667,12.66667],"texture":"#1"}}},{"from":[7.5,7.94289,2.37868],"to":[8.5,8.44289,3.37868],"rotation":{"angle":45,"axis":"x","origin":[7.5,5.94289,5.37868]},"faces":{"north":{"uv":[7.33333,14,8,14.33333],"texture":"#1"},"east":{"uv":[8.66667,14,9.33333,14.33333],"texture":"#1"},"south":{"uv":[9.33333,14,10,14.33333],"texture":"#1"},"west":{"uv":[10,14,10.66667,14.33333],"texture":"#1"},"up":{"uv":[13.33333,12,12.66667,11.33333],"texture":"#1"}}},{"from":[7.75,6.94289,3.87868],"to":[8.25,7.94289,4.87868],"rotation":{"angle":45,"axis":"x","origin":[7.5,5.94289,5.87868]},"faces":{"north":{"uv":[6,14,6.33333,14.66667],"texture":"#1"},"east":{"uv":[12.66667,10.66667,13.33333,11.33333],"texture":"#1"},"west":{"uv":[11.33333,12.66667,12,13.33333],"texture":"#1"},"down":{"uv":[7,14,6.66667,14.66667],"texture":"#1"}}},{"from":[7.75,8.47843,8],"to":[8.25,10.97843,10.5],"rotation":{"angle":-45,"axis":"x","origin":[7.5,8.47843,8]},"faces":{"north":{"uv":[12,6,12.33333,7.66667],"texture":"#1"},"east":{"uv":[7.33333,4,9,5.66667],"texture":"#1"},"south":{"uv":[12.66667,2.66667,13,4.33333],"texture":"#1"},"west":{"uv":[7.33333,6,9,7.66667],"texture":"#1"},"up":{"uv":[13,7.66667,12.66667,6],"texture":"#1"},"down":{"uv":[8.33333,12.66667,8,14.33333],"texture":"#1"}}},{"from":[7.75,15.03853,8.25],"to":[8.25,16.45353,9.665],"rotation":{"angle":-45,"axis":"x","origin":[7.5,14.78853,8]},"faces":{"north":{"uv":[13.33333,2,13.66667,3],"texture":"#1"},"east":{"uv":[6,10.66667,7,11.66667],"texture":"#1"},"south":{"uv":[13.33333,3.33333,13.66667,4.33333],"texture":"#1"},"west":{"uv":[10.66667,6.66667,11.66667,7.66667],"texture":"#1"},"up":{"uv":[5,14.33333,4.66667,13.33333],"texture":"#1"},"down":{"uv":[13.66667,4.66667,13.33333,5.66667],"texture":"#1"}}},{"from":[7.75,27.28743,8.25],"to":[8.25,28.35043,9.313],"rotation":{"angle":-45,"axis":"x","origin":[7.5,27.03743,8]},"faces":{"north":{"uv":[10.66667,14,11,14.66667],"texture":"#1"},"east":{"uv":[12,12.66667,12.66667,13.33333],"texture":"#1"},"south":{"uv":[11.33333,14,11.66667,14.66667],"texture":"#1"},"west":{"uv":[12.66667,12,13.33333,12.66667],"texture":"#1"},"up":{"uv":[14.33333,12,14,11.33333],"texture":"#1"},"down":{"uv":[12.33333,14,12,14.66667],"texture":"#1"}}},{"from":[7.7535,10.89264,7],"to":[8.2465,16.14264,9],"rotation":{"angle":0,"axis":"y","origin":[8.0035,11.14264,8]},"faces":{"north":{"uv":[9.33333,8.66667,9.66667,12.16667],"texture":"#1"},"east":{"uv":[6,2.66667,7.33333,6.16667],"texture":"#1"},"south":{"uv":[7.33333,10,7.66667,13.5],"texture":"#1"},"west":{"uv":[6,6.66667,7.33333,10.16667],"texture":"#1"}}},{"from":[7.7535,16.39264,7.25],"to":[8.2465,28.14264,8.75],"rotation":{"angle":0,"axis":"y","origin":[8.0035,20.14264,8]},"faces":{"north":{"uv":[3.33333,8,3.66667,15.83333],"texture":"#1"},"east":{"uv":[3.33333,0,4.33333,7.83333],"texture":"#1"},"south":{"uv":[4,8,4.33333,15.83333],"texture":"#1"},"west":{"uv":[4.66667,0,5.66667,7.83333],"texture":"#1"}}},{"from":[7.985,9.5,5.875],"to":[8.015,32,10.125],"rotation":{"angle":0,"axis":"y","origin":[7.985,9.5,5.625]},"faces":{"east":{"uv":[2.83333,0,0,15],"texture":"#1"},"west":{"uv":[0,0,2.83333,15],"texture":"#1"}}},{"from":[7.985,7.75,1.5],"to":[8.015,9.75,5],"rotation":{"angle":0,"axis":"y","origin":[7.835,5.75,-3]},"faces":{"east":{"uv":[9.66667,14.66667,7.33333,16],"texture":"#1"},"west":{"uv":[7.33333,14.66667,9.66667,16],"texture":"#1"}}},{"from":[7.95,9.75,2.85],"to":[8.05,11.35,5.65],"rotation":{"angle":45,"axis":"x","origin":[7.875,10.3,4.25]},"faces":{"east":{"uv":[9.83333,0,8,1],"texture":"#1"},"west":{"uv":[8,0,9.83333,1],"texture":"#1"}}},{"from":[7.95,6.68891,3.16195],"to":[8.05,7.88891,5.26195],"rotation":{"angle":-45,"axis":"x","origin":[7.875,7.03891,4.21195]},"faces":{"east":{"uv":[11.33333,8.66667,10,9.5],"texture":"#1"},"west":{"uv":[10,8.66667,11.33333,9.5],"texture":"#1"}}},{"from":[7.5,7.65,10.41421],"to":[8.5,8.65,11.41421],"rotation":{"angle":-45,"axis":"x","origin":[7.5,6.65,9.41421]},"faces":{"east":{"uv":[12,4.66667,11.33333,5.33333],"texture":"#1"},"south":{"uv":[10.66667,5.33333,10,6],"texture":"#1"},"west":{"uv":[12.66667,8,12,8.66667],"texture":"#1"},"up":{"uv":[13.33333,0,12.66667,0.66667],"texture":"#1"},"down":{"uv":[13.33333,1.33333,12.66667,0.66667],"texture":"#1"}}},{"from":[7.5,6.65,9.41421],"to":[8.5,7.65,10.41421],"rotation":{"angle":-45,"axis":"x","origin":[7.5,6.65,9.41421]},"faces":{"north":{"uv":[13.33333,8.66667,12.66667,9.33333],"texture":"#1"},"east":{"uv":[9.33333,12.66667,8.66667,13.33333],"texture":"#1"},"south":{"uv":[13.33333,8,12.66667,8.66667],"texture":"#1"},"west":{"uv":[10,12.66667,9.33333,13.33333],"texture":"#1"},"up":{"uv":[13.33333,9.33333,12.66667,10],"texture":"#1"},"down":{"uv":[10.66667,13.33333,10,12.66667],"texture":"#1"}}},{"from":[7.5,6.94289,11.62132],"to":[8.5,7.94289,13.62132],"rotation":{"angle":-45,"axis":"x","origin":[7.5,5.94289,10.62132]},"faces":{"north":{"uv":[11.33333,12.66667,10.66667,13.33333],"texture":"#1"},"east":{"uv":[12,8,10.66667,8.66667],"texture":"#1"},"south":{"uv":[13.33333,10,12.66667,10.66667],"texture":"#1"},"west":{"uv":[12.66667,4,11.33333,4.66667],"texture":"#1"},"up":{"uv":[8.66667,11.33333,8,12.66667],"texture":"#1"},"down":{"uv":[9.33333,12.66667,8.66667,11.33333],"texture":"#1"}}},{"from":[7.75,6.94289,11.12132],"to":[8.25,7.94289,12.12132],"rotation":{"angle":-45,"axis":"x","origin":[7.5,5.94289,10.12132]},"faces":{"east":{"uv":[13.33333,10.66667,12.66667,11.33333],"texture":"#1"},"south":{"uv":[6.33333,14,6,14.66667],"texture":"#1"},"west":{"uv":[12,12.66667,11.33333,13.33333],"texture":"#1"},"down":{"uv":[7,14.66667,6.66667,14],"texture":"#1"}}},{"from":[7.5,7.94289,12.62132],"to":[8.5,8.44289,13.62132],"rotation":{"angle":-45,"axis":"x","origin":[7.5,5.94289,10.62132]},"faces":{"north":{"uv":[10,14,9.33333,14.33333],"texture":"#1"},"east":{"uv":[9.33333,14,8.66667,14.33333],"texture":"#1"},"south":{"uv":[8,14,7.33333,14.33333],"texture":"#1"},"west":{"uv":[10.66667,14,10,14.33333],"texture":"#1"},"up":{"uv":[13.33333,11.33333,12.66667,12],"texture":"#1"}}},{"from":[7.985,7.75,11],"to":[8.015,9.75,14.5],"rotation":{"angle":0,"axis":"y","origin":[7.835,5.75,19]},"faces":{"east":{"uv":[7.33333,14.66667,9.66667,16],"texture":"#1"},"west":{"uv":[9.66667,14.66667,7.33333,16],"texture":"#1"}}},{"from":[7.95,9.75,10.35],"to":[8.05,11.35,13.15],"rotation":{"angle":-45,"axis":"x","origin":[7.875,10.3,11.75]},"faces":{"east":{"uv":[8,0,9.83333,1],"texture":"#1"},"west":{"uv":[9.83333,0,8,1],"texture":"#1"}}},{"from":[7.95,6.68891,10.73805],"to":[8.05,7.88891,12.83805],"rotation":{"angle":45,"axis":"x","origin":[7.875,7.03891,11.78805]},"faces":{"east":{"uv":[10,8.66667,11.33333,9.5],"texture":"#1"},"west":{"uv":[11.33333,8.66667,10,9.5],"texture":"#1"}}},{"from":[7.985,-2.5,6.625],"to":[8.015,1.5,9.375],"rotation":{"angle":45,"axis":"y","origin":[8,-0.5,8]},"faces":{"east":{"uv":[16,8,14.16667,10.66667],"texture":"#1"},"west":{"uv":[14.16667,8,16,10.66667],"texture":"#1"}}},{"from":[7.985,-2.5,6.625],"to":[8.015,1.5,9.375],"rotation":{"angle":-45,"axis":"y","origin":[8,-0.5,8]},"faces":{"east":{"uv":[16,8,14.16667,10.66667],"texture":"#1"},"west":{"uv":[14.16667,8,16,10.66667],"texture":"#1"}}},{"from":[7.2,5.05,5],"to":[7.2,11.05,11],"rotation":{"angle":0,"axis":"y","origin":[0,0,5]},"faces":{"west":{"uv":[2,2,14,14],"texture":"#3"}}},{"from":[8.8,5.05,5],"to":[8.8,11.05,11],"rotation":{"angle":0,"axis":"y","origin":[16,0,5]},"faces":{"east":{"uv":[14,2,2,14],"texture":"#3"}}}],"gui_light":"front","display":{"thirdperson_righthand":{"translation":[0,1.75,1]},"thirdperson_lefthand":{"translation":[0,1.75,1]},"firstperson_righthand":{"rotation":[-10,0,0],"translation":[0,2,0]},"firstperson_lefthand":{"rotation":[-10,0,0],"translation":[0,2,0]},"ground":{"rotation":[-45,0,0],"translation":[0,4.25,0],"scale":[0.7,0.7,0.7]},"gui":{"rotation":[-90,45,90],"translation":[3,-3,0],"scale":[0.7,0.7,0.7]},"head":{"rotation":[0,-90,0]},"fixed":{"rotation":[0,-90,0],"translation":[0,-11.75,-1.25],"scale":[2,2,2]}}}