{"credit":"MadebyPolygonMC","textures":{"0":"akiraset:item/key","1":"akiraset:item/chest_animation","particle":"akiraset:item/key"},"elements":[{"from":[7.775,5.8125,3.125],"to":[8.225,9.0625,9.875],"rotation":{"angle":0,"axis":"y","origin":[6.25,6.8125,5.75]},"faces":{"north":{"uv":[8,4,8.5,7.25],"texture":"#0"},"east":{"uv":[0,0,6.75,3.25],"texture":"#0"},"south":{"uv":[5,8,5.5,11.25],"texture":"#0"},"west":{"uv":[0,4,6.75,7.25],"texture":"#0"},"up":{"uv":[7.5,10.75,7,4],"texture":"#0"},"down":{"uv":[0.5,8,0,14.75],"texture":"#0"}}},{"from":[7.5,8.5625,8.08579],"to":[8.5,10.5625,10.08579],"rotation":{"angle":45,"axis":"x","origin":[7.5,8.5625,8.08579]},"faces":{"north":{"uv":[1,8,2,10],"texture":"#0"},"east":{"uv":[7,0,9,2],"texture":"#0"},"south":{"uv":[2,8,3,10],"texture":"#0"},"west":{"uv":[7,2,9,4],"texture":"#0"},"up":{"uv":[4,10,3,8],"texture":"#0"},"down":{"uv":[5,8,4,10],"texture":"#0"}}},{"from":[8,9.05,3.875],"to":[8,10.55,9.375],"rotation":{"angle":0,"axis":"x","origin":[8,9.8,6.625]},"faces":{"north":{"uv":[0,0,1.5,0],"rotation":90,"texture":"#1"},"east":{"uv":[0,0,3,11],"rotation":90,"texture":"#1"},"south":{"uv":[0,0,1.5,0],"rotation":90,"texture":"#1"},"west":{"uv":[3,0,0,11],"rotation":270,"texture":"#1"},"up":{"uv":[0,0,0,5.5],"texture":"#1"},"down":{"uv":[0,0,0,5.5],"rotation":180,"texture":"#1"}}}],"gui_light":"front","display":{"thirdperson_righthand":{"rotation":[85.5,0,0],"translation":[0,1.5,-1]},"thirdperson_lefthand":{"rotation":[85.5,0,0],"translation":[0,1.5,-1]},"firstperson_righthand":{"rotation":[48.75,0,-28],"translation":[-2,4.5,3.5],"scale":[1.32031,1.32031,1.32031]},"firstperson_lefthand":{"rotation":[48.75,0,-28],"translation":[-2,4.5,3.5],"scale":[1.32031,1.32031,1.32031]},"ground":{"rotation":[35,0,0],"translation":[0,5.25,1.25],"scale":[1.55664,1.55664,1.55664]},"gui":{"rotation":[-90,135,90],"translation":[3,-1.25,0],"scale":[2.29297,2.29297,2.29297]},"head":{"scale":[0,0,0]},"fixed":{"rotation":[0,-90,0],"translation":[-2.75,0.75,-1.5],"scale":[2.5,2.5,2.5]}}}