{"credit":"MadebyPolygonMC","texture_size":[24,24],"textures":{"2":"littlepenguinset:pickaxe","particle":"littlepenguinset:pickaxe"},"elements":[{"from":[7.25,0.25,7.25],"to":[8.75,1.75,8.75],"rotation":{"angle":-45,"axis":"x","origin":[8,1,8]},"faces":{"north":{"uv":[11.33333,4,12.33333,5],"texture":"#2"},"east":{"uv":[6.66667,11.33333,7.66667,12.33333],"texture":"#2"},"south":{"uv":[8,11.33333,9,12.33333],"texture":"#2"},"west":{"uv":[9.33333,11.33333,10.33333,12.33333],"texture":"#2"},"up":{"uv":[12.33333,10.33333,11.33333,9.33333],"texture":"#2"},"down":{"uv":[11.66667,11.33333,10.66667,12.33333],"texture":"#2"}}},{"from":[7.5,1.5,7.5],"to":[8.5,2.5,8.5],"rotation":{"angle":0,"axis":"y","origin":[6.5,1.5,6.5]},"faces":{"north":{"uv":[5.33333,7.33333,6,8],"texture":"#2"},"east":{"uv":[10.66667,9.33333,11.33333,10],"texture":"#2"},"south":{"uv":[12.66667,8.66667,13.33333,9.33333],"texture":"#2"},"west":{"uv":[9.33333,12.66667,10,13.33333],"texture":"#2"},"up":{"uv":[13.33333,10,12.66667,9.33333],"texture":"#2"}}},{"from":[7.5,5.5,7.5],"to":[8.5,6.5,8.5],"rotation":{"angle":0,"axis":"y","origin":[6.5,5.5,6.5]},"faces":{"north":{"uv":[10,12.66667,10.66667,13.33333],"texture":"#2"},"east":{"uv":[12.66667,10,13.33333,10.66667],"texture":"#2"},"south":{"uv":[10.66667,12.66667,11.33333,13.33333],"texture":"#2"},"west":{"uv":[12.66667,10.66667,13.33333,11.33333],"texture":"#2"},"up":{"uv":[12,13.33333,11.33333,12.66667],"texture":"#2"}}},{"from":[7.6,3,7.6],"to":[8.4,5,8.4],"rotation":{"angle":0,"axis":"y","origin":[6.5,3,6.5]},"faces":{"north":{"uv":[5.33333,4,6,5.33333],"texture":"#2"},"east":{"uv":[12,2.66667,12.66667,4],"texture":"#2"},"south":{"uv":[4,12,4.66667,13.33333],"texture":"#2"},"west":{"uv":[4.66667,12,5.33333,13.33333],"texture":"#2"},"up":{"uv":[13.33333,12,12.66667,11.33333],"texture":"#2"}}},{"from":[7.4,2.5,7.4],"to":[8.6,3,8.6],"rotation":{"angle":0,"axis":"y","origin":[7,-3,7]},"faces":{"north":{"uv":[13.33333,10.66667,14,11],"texture":"#2"},"east":{"uv":[11.33333,13.33333,12,13.66667],"texture":"#2"},"south":{"uv":[13.33333,11.33333,14,11.66667],"texture":"#2"},"west":{"uv":[12,13.33333,12.66667,13.66667],"texture":"#2"},"up":{"uv":[12.66667,13.33333,12,12.66667],"texture":"#2"},"down":{"uv":[13.33333,12,12.66667,12.66667],"texture":"#2"}}},{"from":[7.4,5,7.4],"to":[8.6,5.5,8.6],"rotation":{"angle":0,"axis":"y","origin":[7,-0.5,7]},"faces":{"north":{"uv":[13.33333,12,14,12.33333],"texture":"#2"},"east":{"uv":[12.66667,13.33333,13.33333,13.66667],"texture":"#2"},"south":{"uv":[13.33333,12.66667,14,13],"texture":"#2"},"west":{"uv":[13.33333,13.33333,14,13.66667],"texture":"#2"},"up":{"uv":[13.33333,13.33333,12.66667,12.66667],"texture":"#2"},"down":{"uv":[0.66667,13.33333,0,14],"texture":"#2"}}},{"from":[7.5,12,7.5],"to":[8.5,13,8.5],"rotation":{"angle":0,"axis":"y","origin":[6.5,5.5,6.5]},"faces":{"north":{"uv":[13.33333,0,14,0.66667],"texture":"#2"},"east":{"uv":[0.66667,13.33333,1.33333,14],"texture":"#2"},"south":{"uv":[13.33333,0.66667,14,1.33333],"texture":"#2"},"west":{"uv":[1.33333,13.33333,2,14],"texture":"#2"},"up":{"uv":[14,2,13.33333,1.33333],"texture":"#2"}}},{"from":[7.4,11.5,7.4],"to":[8.6,12,8.6],"rotation":{"angle":0,"axis":"y","origin":[7,-0.5,7]},"faces":{"north":{"uv":[0,14,0.66667,14.33333],"texture":"#2"},"east":{"uv":[14,0,14.66667,0.33333],"texture":"#2"},"south":{"uv":[0.66667,14,1.33333,14.33333],"texture":"#2"},"west":{"uv":[14,0.66667,14.66667,1],"texture":"#2"},"up":{"uv":[2.66667,14,2,13.33333],"texture":"#2"},"down":{"uv":[14,2,13.33333,2.66667],"texture":"#2"}}},{"from":[7.6,9.5,7.6],"to":[8.4,11.5,8.4],"rotation":{"angle":0,"axis":"y","origin":[6.5,3,6.5]},"faces":{"north":{"uv":[12,5.33333,12.66667,6.66667],"texture":"#2"},"east":{"uv":[12,8,12.66667,9.33333],"texture":"#2"},"south":{"uv":[12,11.33333,12.66667,12.66667],"texture":"#2"},"west":{"uv":[2.66667,12.66667,3.33333,14],"texture":"#2"},"up":{"uv":[14,3.33333,13.33333,2.66667],"texture":"#2"}}},{"from":[7.4,9,7.4],"to":[8.6,9.5,8.6],"rotation":{"angle":0,"axis":"y","origin":[7,-3,7]},"faces":{"north":{"uv":[1.33333,14,2,14.33333],"texture":"#2"},"east":{"uv":[14,1.33333,14.66667,1.66667],"texture":"#2"},"south":{"uv":[2,14,2.66667,14.33333],"texture":"#2"},"west":{"uv":[14,2,14.66667,2.33333],"texture":"#2"},"up":{"uv":[14,4,13.33333,3.33333],"texture":"#2"},"down":{"uv":[4.66667,13.33333,4,14],"texture":"#2"}}},{"from":[7.5,8,7.5],"to":[8.5,9,8.5],"rotation":{"angle":0,"axis":"y","origin":[6.5,1.5,6.5]},"faces":{"north":{"uv":[13.33333,4,14,4.66667],"texture":"#2"},"east":{"uv":[4.66667,13.33333,5.33333,14],"texture":"#2"},"south":{"uv":[13.33333,4.66667,14,5.33333],"texture":"#2"},"west":{"uv":[13.33333,5.33333,14,6],"texture":"#2"},"up":{"uv":[14,6.66667,13.33333,6],"texture":"#2"}}},{"from":[7.25,6.25,7],"to":[8.75,8.25,9],"rotation":{"angle":-45,"axis":"x","origin":[8,7.25,8]},"faces":{"north":{"uv":[7.33333,10,8.33333,11.33333],"texture":"#2"},"east":{"uv":[4,9.33333,5.33333,10.66667],"texture":"#2"},"south":{"uv":[8.66667,10,9.66667,11.33333],"texture":"#2"},"west":{"uv":[10,4,11.33333,5.33333],"texture":"#2"},"up":{"uv":[11,11.33333,10,10],"texture":"#2"},"down":{"uv":[11.66667,0,10.66667,1.33333],"texture":"#2"}}},{"from":[7,6.5,7.25],"to":[9,8,8.75],"rotation":{"angle":-45,"axis":"x","origin":[8,7.25,8]},"faces":{"north":{"uv":[10.66667,1.33333,12,2.33333],"texture":"#2"},"east":{"uv":[0,12,1,13],"texture":"#2"},"south":{"uv":[10.66667,2.66667,12,3.66667],"texture":"#2"},"west":{"uv":[12,0,13,1],"texture":"#2"},"up":{"uv":[5.33333,11.66667,4,10.66667],"texture":"#2"},"down":{"uv":[12,8,10.66667,9],"texture":"#2"}}},{"from":[6.13,16.97278,5.6506],"to":[9.87,20.03278,10.4106],"rotation":{"angle":0,"axis":"x","origin":[6.75793,19.50795,7.4782]},"faces":{"north":{"uv":[3.33333,5.33333,5.66667,7.33333],"texture":"#2"},"east":{"uv":[0,5.33333,3.33333,7.33333],"texture":"#2"},"south":{"uv":[6,0,8.33333,2],"texture":"#2"},"west":{"uv":[5.33333,2,8.66667,4],"texture":"#2"},"up":{"uv":[2.33333,5.33333,0,2],"texture":"#2"},"down":{"uv":[5,2,2.66667,5.33333],"texture":"#2"}}},{"from":[6.81,17.80486,9.92283],"to":[9.19,17.80486,11.28283],"rotation":{"angle":-45,"axis":"x","origin":[6.75793,19.50795,7.4782]},"faces":{"north":{"uv":[0,0,1.66667,0],"texture":"#2"},"east":{"uv":[0,0,1,0],"texture":"#2"},"south":{"uv":[0,0,1.66667,0],"texture":"#2"},"west":{"uv":[0,0,1,0],"texture":"#2"},"up":{"uv":[7,11,5.33333,10],"texture":"#2"},"down":{"uv":[11.66667,5.33333,10,6.33333],"texture":"#2"}}},{"from":[5.44384,17.31278,6.30287],"to":[5.81784,19.69278,9.70287],"rotation":{"angle":-22.5,"axis":"y","origin":[5.63084,18.50278,8.00287]},"faces":{"north":{"uv":[12.66667,6.66667,13,8.33333],"texture":"#2"},"east":{"uv":[0,7.33333,2.33333,9],"texture":"#2"},"south":{"uv":[7.33333,12.66667,7.66667,14.33333],"texture":"#2"},"west":{"uv":[2.66667,7.33333,5,9],"texture":"#2"},"up":{"uv":[13,5,12.66667,2.66667],"texture":"#2"},"down":{"uv":[3.66667,12.66667,3.33333,15],"texture":"#2"}}},{"from":[6.3,18.54528,3.5681],"to":[9.7,21.26528,6.7981],"rotation":{"angle":0,"axis":"x","origin":[6.75793,19.50795,7.4782]},"faces":{"north":{"uv":[5.33333,8,7.66667,9.66667],"texture":"#2"},"east":{"uv":[8.66667,0,10.66667,1.66667],"texture":"#2"},"south":{"uv":[8,8,10.33333,9.66667],"texture":"#2"},"west":{"uv":[8.66667,2,10.66667,3.66667],"texture":"#2"},"up":{"uv":[8.33333,6,6,4],"texture":"#2"},"down":{"uv":[8.33333,6,6,8],"texture":"#2"}}},{"from":[7.388,18.90228,2.5481],"to":[8.612,19.79828,3.5681],"rotation":{"angle":0,"axis":"x","origin":[6.75793,19.50795,7.4782]},"faces":{"north":{"uv":[13.33333,6.66667,14,7.33333],"texture":"#2"},"east":{"uv":[13.33333,7.33333,14,8],"texture":"#2"},"west":{"uv":[13.33333,8,14,8.66667],"texture":"#2"},"up":{"uv":[14,9.33333,13.33333,8.66667],"texture":"#2"},"down":{"uv":[10,13.33333,9.33333,14],"texture":"#2"}}},{"from":[6.64,17.62991,9.85413],"to":[7.41,17.62991,10.96413],"rotation":{"angle":-22.5,"axis":"x","origin":[6.75793,19.50795,7.4782]},"faces":{"north":{"uv":[0,0,0.66667,0],"texture":"#2"},"east":{"uv":[0,0,0.66667,0],"texture":"#2"},"south":{"uv":[0,0,0.66667,0],"texture":"#2"},"west":{"uv":[0,0,0.66667,0],"texture":"#2"},"up":{"uv":[14,10,13.33333,9.33333],"texture":"#2"},"down":{"uv":[10.66667,13.33333,10,14],"texture":"#2"}}},{"from":[6.64,16.43887,9.98007],"to":[7.41,16.43887,11.34007],"rotation":{"angle":-45,"axis":"x","origin":[6.75793,19.50795,7.4782]},"faces":{"north":{"uv":[0,0,0.66667,0],"texture":"#2"},"east":{"uv":[0,0,1,0],"texture":"#2"},"south":{"uv":[0,0,0.66667,0],"texture":"#2"},"west":{"uv":[0,0,1,0],"texture":"#2"},"up":{"uv":[13.33333,6.33333,12.66667,5.33333],"texture":"#2"},"down":{"uv":[7.33333,12.66667,6.66667,13.66667],"texture":"#2"}}},{"from":[8.59,16.43887,9.98007],"to":[9.36,16.43887,11.34007],"rotation":{"angle":-45,"axis":"x","origin":[9.24207,19.50795,7.4782]},"faces":{"north":{"uv":[0.66667,0,0,0],"texture":"#2"},"east":{"uv":[1,0,0,0],"texture":"#2"},"south":{"uv":[0.66667,0,0,0],"texture":"#2"},"west":{"uv":[1,0,0,0],"texture":"#2"},"up":{"uv":[12.66667,6.33333,13.33333,5.33333],"texture":"#2"},"down":{"uv":[6.66667,12.66667,7.33333,13.66667],"texture":"#2"}}},{"from":[8.59,17.62991,9.85413],"to":[9.36,17.62991,10.96413],"rotation":{"angle":-22.5,"axis":"x","origin":[9.24207,19.50795,7.4782]},"faces":{"north":{"uv":[0.66667,0,0,0],"texture":"#2"},"east":{"uv":[0.66667,0,0,0],"texture":"#2"},"south":{"uv":[0.66667,0,0,0],"texture":"#2"},"west":{"uv":[0.66667,0,0,0],"texture":"#2"},"up":{"uv":[13.33333,10,14,9.33333],"texture":"#2"},"down":{"uv":[10,13.33333,10.66667,14],"texture":"#2"}}},{"from":[10.18216,17.31278,6.30287],"to":[10.55616,19.69278,9.70287],"rotation":{"angle":22.5,"axis":"y","origin":[10.36916,18.50278,8.00287]},"faces":{"north":{"uv":[13,6.66667,12.66667,8.33333],"texture":"#2"},"east":{"uv":[5,7.33333,2.66667,9],"texture":"#2"},"south":{"uv":[7.66667,12.66667,7.33333,14.33333],"texture":"#2"},"west":{"uv":[2.33333,7.33333,0,9],"texture":"#2"},"up":{"uv":[12.66667,5,13,2.66667],"texture":"#2"},"down":{"uv":[3.33333,12.66667,3.66667,15],"texture":"#2"}}},{"from":[7.25,13,7.25],"to":[8.75,17,8.75],"rotation":{"angle":0,"axis":"y","origin":[7,0,7]},"faces":{"north":{"uv":[8.66667,4,9.66667,6.66667],"texture":"#2"},"east":{"uv":[0,9.33333,1,12],"texture":"#2"},"south":{"uv":[1.33333,9.33333,2.33333,12],"texture":"#2"},"west":{"uv":[2.66667,9.33333,3.66667,12],"texture":"#2"},"up":{"uv":[2.33333,13,1.33333,12],"texture":"#2"},"down":{"uv":[13,1.33333,12,2.33333],"texture":"#2"}}},{"from":[7.75,16,1.25],"to":[8.25,17,7.25],"rotation":{"angle":0,"axis":"x","origin":[8,16.5,1.25]},"faces":{"north":{"uv":[2.66667,14,3,14.66667],"texture":"#2"},"east":{"uv":[8.66667,6.66667,12.66667,7.33333],"texture":"#2"},"south":{"uv":[14,2.66667,14.33333,3.33333],"texture":"#2"},"west":{"uv":[8.66667,7.33333,12.66667,8],"texture":"#2"},"up":{"uv":[5.66667,15.33333,5.33333,11.33333],"texture":"#2"},"down":{"uv":[6.33333,11.33333,6,15.33333],"texture":"#2"}}},{"from":[7.755,15.6444,-0.30861],"to":[8.245,16.3544,1.69139],"rotation":{"angle":-45,"axis":"x","origin":[7.995,16.1444,0.69139]},"faces":{"north":{"uv":[13.33333,10,13.66667,10.66667],"texture":"#2"},"east":{"uv":[11.33333,10.66667,12.66667,11.33333],"texture":"#2"},"south":{"uv":[10.66667,13.33333,11,14],"texture":"#2"},"west":{"uv":[2.66667,12,4,12.66667],"texture":"#2"},"up":{"uv":[8.33333,14,8,12.66667],"texture":"#2"},"down":{"uv":[9,12.66667,8.66667,14],"texture":"#2"}}},{"from":[8,13.25,-1.5],"to":[8,16,7.25],"rotation":{"angle":0,"axis":"y","origin":[8,14,0.25]},"faces":{"north":{"uv":[0,0,0,2],"texture":"#2"},"east":{"uv":[6,0,0,2],"texture":"#2"},"south":{"uv":[0,0,0,2],"texture":"#2"},"west":{"uv":[0,0,6,2],"texture":"#2"},"up":{"uv":[0,6,0,0],"texture":"#2"},"down":{"uv":[0,0,0,6],"texture":"#2"}}},{"from":[7.75,16,8.75],"to":[8.25,17,14.75],"rotation":{"angle":0,"axis":"x","origin":[8,16.5,14.75]},"faces":{"north":{"uv":[14.33333,2.66667,14,3.33333],"texture":"#2"},"east":{"uv":[12.66667,6.66667,8.66667,7.33333],"texture":"#2"},"south":{"uv":[3,14,2.66667,14.66667],"texture":"#2"},"west":{"uv":[12.66667,7.33333,8.66667,8],"texture":"#2"},"up":{"uv":[5.66667,11.33333,5.33333,15.33333],"texture":"#2"},"down":{"uv":[6.33333,15.33333,6,11.33333],"texture":"#2"}}},{"from":[7.755,15.6444,14.30861],"to":[8.245,16.3544,16.30861],"rotation":{"angle":45,"axis":"x","origin":[7.995,16.1444,15.30861]},"faces":{"north":{"uv":[11,13.33333,10.66667,14],"texture":"#2"},"east":{"uv":[12.66667,10.66667,11.33333,11.33333],"texture":"#2"},"south":{"uv":[13.66667,10,13.33333,10.66667],"texture":"#2"},"west":{"uv":[4,12,2.66667,12.66667],"texture":"#2"},"up":{"uv":[8.33333,12.66667,8,14],"texture":"#2"},"down":{"uv":[9,14,8.66667,12.66667],"texture":"#2"}}},{"from":[8,13.25,8.75],"to":[8,16,17.5],"rotation":{"angle":0,"axis":"y","origin":[8,14,15.75]},"faces":{"north":{"uv":[0,0,0,2],"texture":"#2"},"east":{"uv":[0,0,6,2],"texture":"#2"},"south":{"uv":[0,0,0,2],"texture":"#2"},"west":{"uv":[6,0,0,2],"texture":"#2"},"up":{"uv":[0,0,0,6],"texture":"#2"},"down":{"uv":[0,6,0,0],"texture":"#2"}}}],"gui_light":"front","display":{"thirdperson_righthand":{"translation":[0,1.75,0.75],"scale":[0.86719,0.86719,0.86719]},"thirdperson_lefthand":{"translation":[0,1.75,0.75],"scale":[0.86719,0.86719,0.86719]},"firstperson_righthand":{"rotation":[-5,0,0],"translation":[0.5,2.25,1]},"firstperson_lefthand":{"rotation":[-5,0,0],"translation":[0.5,2.25,1]},"ground":{"rotation":[-40,0,0],"translation":[0,6.25,1.25]},"gui":{"rotation":[-90,45,90],"translation":[3,-2.5,0]},"head":{"scale":[0,0,0]},"fixed":{"rotation":[90,-135,90],"translation":[-3,-3,-1.25]}}}