{"parent":"item/generated","textures":{"layer0":"item/crossbow_standby"},"display":{"thirdperson_righthand":{"rotation":[-90,0,-60],"translation":[2,0.1,-3],"scale":[0.9,0.9,0.9]},"thirdperson_lefthand":{"rotation":[-90,0,30],"translation":[2,0.1,-3],"scale":[0.9,0.9,0.9]},"firstperson_righthand":{"rotation":[-90,0,-55],"translation":[1.13,3.2,1.13],"scale":[0.68,0.68,0.68]},"firstperson_lefthand":{"rotation":[-90,0,35],"translation":[1.13,3.2,1.13],"scale":[0.68,0.68,0.68]}},"overrides":[{"predicate":{"pulling":1},"model":"item/crossbow_pulling_0"},{"predicate":{"pulling":1,"pull":0.58},"model":"item/crossbow_pulling_1"},{"predicate":{"pulling":1,"pull":1.0},"model":"item/crossbow_pulling_2"},{"predicate":{"charged":1},"model":"item/crossbow_arrow"},{"predicate":{"charged":1,"firework":1},"model":"item/crossbow_firework"},{"predicate":{"custom_model_data":10000},"model":"beatsset:crossbow"},{"predicate":{"pulling":1,"custom_model_data":10000},"model":"beatsset:crossbow_0"},{"predicate":{"pulling":1,"pull":0.58,"custom_model_data":10000},"model":"beatsset:crossbow_1"},{"predicate":{"pulling":1,"pull":1.0,"custom_model_data":10000},"model":"beatsset:crossbow_2"},{"predicate":{"charged":1,"custom_model_data":10000},"model":"beatsset:crossbow_charged"},{"predicate":{"charged":1,"firework":1,"custom_model_data":10000},"model":"beatsset:crossbow_firework"},{"predicate":{"custom_model_data":10001},"model":"easter2024set:crossbow"},{"predicate":{"pulling":1,"custom_model_data":10001},"model":"easter2024set:crossbow_0"},{"predicate":{"pulling":1,"pull":0.58,"custom_model_data":10001},"model":"easter2024set:crossbow_1"},{"predicate":{"pulling":1,"pull":1.0,"custom_model_data":10001},"model":"easter2024set:crossbow_2"},{"predicate":{"charged":1,"custom_model_data":10001},"model":"easter2024set:crossbow_charged"},{"predicate":{"charged":1,"firework":1,"custom_model_data":10001},"model":"easter2024set:crossbow_firework"},{"predicate":{"custom_model_data":10002},"model":"evergreenset:crossbow"},{"predicate":{"pulling":1,"custom_model_data":10002},"model":"evergreenset:crossbow_0"},{"predicate":{"pulling":1,"pull":0.58,"custom_model_data":10002},"model":"evergreenset:crossbow_1"},{"predicate":{"pulling":1,"pull":1.0,"custom_model_data":10002},"model":"evergreenset:crossbow_2"},{"predicate":{"charged":1,"custom_model_data":10002},"model":"evergreenset:crossbow_charged"},{"predicate":{"charged":1,"firework":1,"custom_model_data":10002},"model":"evergreenset:crossbow_firework"},{"predicate":{"custom_model_data":10003},"model":"protocalset:crossbow"},{"predicate":{"pulling":1,"custom_model_data":10003},"model":"protocalset:crossbow_0"},{"predicate":{"pulling":1,"pull":0.58,"custom_model_data":10003},"model":"protocalset:crossbow_1"},{"predicate":{"pulling":1,"pull":1.0,"custom_model_data":10003},"model":"protocalset:crossbow_2"},{"predicate":{"charged":1,"custom_model_data":10003},"model":"protocalset:crossbow_charged"},{"predicate":{"charged":1,"firework":1,"custom_model_data":10003},"model":"protocalset:crossbow_firework"},{"predicate":{"custom_model_data":10004},"model":"arcanistset:crossbow"},{"predicate":{"pulling":1,"custom_model_data":10004},"model":"arcanistset:crossbow_0"},{"predicate":{"pulling":1,"pull":0.58,"custom_model_data":10004},"model":"arcanistset:crossbow_1"},{"predicate":{"pulling":1,"pull":1.0,"custom_model_data":10004},"model":"arcanistset:crossbow_2"},{"predicate":{"charged":1,"custom_model_data":10004},"model":"arcanistset:crossbow_charged"},{"predicate":{"charged":1,"firework":1,"custom_model_data":10004},"model":"arcanistset:crossbow_firework"},{"predicate":{"custom_model_data":10005},"model":"ufoset:crossbow"},{"predicate":{"pulling":1,"custom_model_data":10005},"model":"ufoset:crossbow_0"},{"predicate":{"pulling":1,"pull":0.58,"custom_model_data":10005},"model":"ufoset:crossbow_1"},{"predicate":{"pulling":1,"pull":1.0,"custom_model_data":10005},"model":"ufoset:crossbow_2"},{"predicate":{"charged":1,"custom_model_data":10005},"model":"ufoset:crossbow_charged"},{"predicate":{"charged":1,"firework":1,"custom_model_data":10005},"model":"ufoset:crossbow_firework"},{"predicate":{"custom_model_data":10006},"model":"lunarset:crossbow"},{"predicate":{"pulling":1,"custom_model_data":10006},"model":"lunarset:crossbow_0"},{"predicate":{"pulling":1,"pull":0.58,"custom_model_data":10006},"model":"lunarset:crossbow_1"},{"predicate":{"pulling":1,"pull":1.0,"custom_model_data":10006},"model":"lunarset:crossbow_2"},{"predicate":{"charged":1,"custom_model_data":10006},"model":"lunarset:crossbow_charged"},{"predicate":{"charged":1,"firework":1,"custom_model_data":10006},"model":"lunarset:crossbow_firework"},{"predicate":{"custom_model_data":10009},"model":"infernoset:crossbow"},{"predicate":{"pulling":1,"custom_model_data":10009},"model":"infernoset:crossbow_0"},{"predicate":{"pulling":1,"pull":0.58,"custom_model_data":10009},"model":"infernoset:crossbow_1"},{"predicate":{"pulling":1,"pull":1.0,"custom_model_data":10009},"model":"infernoset:crossbow_2"},{"predicate":{"charged":1,"custom_model_data":10009},"model":"infernoset:crossbow_charged"},{"predicate":{"charged":1,"firework":1,"custom_model_data":10009},"model":"infernoset:crossbow_firework"},{"predicate":{"custom_model_data":10010},"model":"winterset:crossbow"},{"predicate":{"pulling":1,"custom_model_data":10010},"model":"winterset:crossbow_0"},{"predicate":{"pulling":1,"pull":0.58,"custom_model_data":10010},"model":"winterset:crossbow_1"},{"predicate":{"pulling":1,"pull":1.0,"custom_model_data":10010},"model":"winterset:crossbow_2"},{"predicate":{"charged":1,"custom_model_data":10010},"model":"winterset:crossbow_charged"},{"predicate":{"charged":1,"firework":1,"custom_model_data":10010},"model":"winterset:crossbow_firework"},{"predicate":{"custom_model_data":10011},"model":"fiendskullset:crossbow"},{"predicate":{"pulling":1,"custom_model_data":10011},"model":"fiendskullset:crossbow_0"},{"predicate":{"pulling":1,"pull":0.58,"custom_model_data":10011},"model":"fiendskullset:crossbow_1"},{"predicate":{"pulling":1,"pull":1.0,"custom_model_data":10011},"model":"fiendskullset:crossbow_2"},{"predicate":{"charged":1,"custom_model_data":10011},"model":"fiendskullset:crossbow_charged"},{"predicate":{"charged":1,"firework":1,"custom_model_data":10011},"model":"fiendskullset:crossbow_firework"},{"predicate":{"custom_model_data":10014},"model":"sweetheartset:crossbow"},{"predicate":{"pulling":1,"custom_model_data":10014},"model":"sweetheartset:crossbow_0"},{"predicate":{"pulling":1,"pull":0.58,"custom_model_data":10014},"model":"sweetheartset:crossbow_1"},{"predicate":{"pulling":1,"pull":1.0,"custom_model_data":10014},"model":"sweetheartset:crossbow_2"},{"predicate":{"charged":1,"custom_model_data":10014},"model":"sweetheartset:crossbow_charged"},{"predicate":{"charged":1,"firework":1,"custom_model_data":10014},"model":"sweetheartset:crossbow_firework"},{"predicate":{"custom_model_data":10015},"model":"dragonsoulset:crossbow"},{"predicate":{"pulling":1,"custom_model_data":10015},"model":"dragonsoulset:crossbow_0"},{"predicate":{"pulling":1,"pull":0.58,"custom_model_data":10015},"model":"dragonsoulset:crossbow_1"},{"predicate":{"pulling":1,"pull":1.0,"custom_model_data":10015},"model":"dragonsoulset:crossbow_2"},{"predicate":{"charged":1,"custom_model_data":10015},"model":"dragonsoulset:crossbow_charged"},{"predicate":{"charged":1,"firework":1,"custom_model_data":10015},"model":"dragonsoulset:crossbow_firework"},{"predicate":{"custom_model_data":10016},"model":"item/crossbow"}]}