{"parent":"item/handheld_rod","textures":{"layer0":"item/fishing_rod"},"overrides":[{"predicate":{"cast":1},"model":"item/fishing_rod_cast"},{"predicate":{"custom_model_data":10000},"model":"beatsset:fishing_rod"},{"predicate":{"cast":1,"custom_model_data":10000},"model":"beatsset:fishing_rod_cast"},{"predicate":{"custom_model_data":10001},"model":"akiraset:item/fishing_rod"},{"predicate":{"cast":1,"custom_model_data":10001},"model":"akiraset:item/fishing_rod_cast"},{"predicate":{"custom_model_data":10002},"model":"easter2024set:fishing_rod"},{"predicate":{"cast":1,"custom_model_data":10002},"model":"easter2024set:fishing_rod_cast"},{"predicate":{"custom_model_data":10003},"model":"evergreenset:fishing_rod"},{"predicate":{"cast":1,"custom_model_data":10003},"model":"evergreenset:fishing_rod_cast"},{"predicate":{"custom_model_data":10004},"model":"protocalset:fishing_rod"},{"predicate":{"cast":1,"custom_model_data":10004},"model":"protocalset:fishing_rod_cast"},{"predicate":{"custom_model_data":10005},"model":"arcanistset:fishing_rod"},{"predicate":{"cast":1,"custom_model_data":10005},"model":"arcanistset:fishing_rod_cast"},{"predicate":{"custom_model_data":10006},"model":"ufoset:fishing_rod"},{"predicate":{"cast":1,"custom_model_data":10006},"model":"ufoset:fishing_rod_cast"},{"predicate":{"custom_model_data":10007},"model":"lunarset:fishing_rod"},{"predicate":{"cast":1,"custom_model_data":10007},"model":"lunarset:fishing_rod_cast"},{"predicate":{"custom_model_data":10011},"model":"littlepandaset:fishing_rod"},{"predicate":{"cast":1,"custom_model_data":10011},"model":"littlepandaset:fishing_rod_cast"},{"predicate":{"custom_model_data":10012},"model":"infernoset:fishing_rod"},{"predicate":{"cast":1,"custom_model_data":10012},"model":"infernoset:fishing_rod_cast"},{"predicate":{"custom_model_data":10013},"model":"winterset:fishing_rod"},{"predicate":{"cast":1,"custom_model_data":10013},"model":"winterset:fishing_rod_cast"},{"predicate":{"custom_model_data":10014},"model":"fiendskullset:fishing_rod"},{"predicate":{"cast":1,"custom_model_data":10014},"model":"fiendskullset:fishing_rod_cast"},{"predicate":{"custom_model_data":10016},"model":"littlesharkset:fishing_rod"},{"predicate":{"cast":1,"custom_model_data":10016},"model":"littlesharkset:fishing_rod_cast"},{"predicate":{"custom_model_data":10017},"model":"sweetheartset:fishing_rod"},{"predicate":{"cast":1,"custom_model_data":10017},"model":"sweetheartset:fishing_rod_cast"},{"predicate":{"custom_model_data":10018},"model":"dragonsoulset:fishing_rod"},{"predicate":{"cast":1,"custom_model_data":10018},"model":"dragonsoulset:fishing_rod_cast"},{"predicate":{"custom_model_data":10019},"model":"littlepenguinset:fishing_rod"},{"predicate":{"cast":1,"custom_model_data":10019},"model":"littlepenguinset:fishing_rod_cast"},{"predicate":{"custom_model_data":10020},"model":"littleduckset:fishing_rod"},{"predicate":{"cast":1,"custom_model_data":10020},"model":"littleduckset:fishing_rod_cast"},{"predicate":{"custom_model_data":10021},"model":"independenceset:fishing_rod"},{"predicate":{"cast":1,"custom_model_data":10021},"model":"independenceset:fishing_rod_cast"},{"predicate":{"custom_model_data":10022},"model":"littleteddybearset:fishing_rod"},{"predicate":{"cast":1,"custom_model_data":10022},"model":"littleteddybearset:fishing_rod_cast"},{"predicate":{"custom_model_data":10023},"model":"discordnitroset:fishing_rod"},{"predicate":{"cast":1,"custom_model_data":10023},"model":"discordnitroset:fishing_rod_cast"},{"predicate":{"custom_model_data":10024},"model":"littlebunnyset:fishing_rod"},{"predicate":{"cast":1,"custom_model_data":10024},"model":"littlebunnyset:fishing_rod_cast"},{"predicate":{"custom_model_data":10025},"model":"saintpatricksset:fishing_rod"},{"predicate":{"cast":1,"custom_model_data":10025},"model":"saintpatricksset:fishing_rod_cast"},{"predicate":{"custom_model_data":10026},"model":"item/fishing_rod"}]}