{"parent":"minecraft:item/generated","overrides":[{"model":"minecraft:item/leather_helmet_quartz_trim","predicate":{"trim_type":0.1}},{"model":"minecraft:item/leather_helmet_iron_trim","predicate":{"trim_type":0.2}},{"model":"minecraft:item/leather_helmet_netherite_trim","predicate":{"trim_type":0.3}},{"model":"minecraft:item/leather_helmet_redstone_trim","predicate":{"trim_type":0.4}},{"model":"minecraft:item/leather_helmet_copper_trim","predicate":{"trim_type":0.5}},{"model":"minecraft:item/leather_helmet_gold_trim","predicate":{"trim_type":0.6}},{"model":"minecraft:item/leather_helmet_emerald_trim","predicate":{"trim_type":0.7}},{"model":"minecraft:item/leather_helmet_diamond_trim","predicate":{"trim_type":0.8}},{"model":"minecraft:item/leather_helmet_lapis_trim","predicate":{"trim_type":0.9}},{"model":"minecraft:item/leather_helmet_amethyst_trim","predicate":{"trim_type":1.0}},{"predicate":{"custom_model_data":10000},"model":"fiendskullset:ia_auto_gen/fiendskullhelmet"},{"predicate":{"trim_type":0.1,"custom_model_data":10000},"model":"fiendskullset:ia_auto_gen/fiendskullhelmet"},{"predicate":{"trim_type":0.2,"custom_model_data":10000},"model":"fiendskullset:ia_auto_gen/fiendskullhelmet"},{"predicate":{"trim_type":0.3,"custom_model_data":10000},"model":"fiendskullset:ia_auto_gen/fiendskullhelmet"},{"predicate":{"trim_type":0.4,"custom_model_data":10000},"model":"fiendskullset:ia_auto_gen/fiendskullhelmet"},{"predicate":{"trim_type":0.5,"custom_model_data":10000},"model":"fiendskullset:ia_auto_gen/fiendskullhelmet"},{"predicate":{"trim_type":0.6,"custom_model_data":10000},"model":"fiendskullset:ia_auto_gen/fiendskullhelmet"},{"predicate":{"trim_type":0.7,"custom_model_data":10000},"model":"fiendskullset:ia_auto_gen/fiendskullhelmet"},{"predicate":{"trim_type":0.8,"custom_model_data":10000},"model":"fiendskullset:ia_auto_gen/fiendskullhelmet"},{"predicate":{"trim_type":0.9,"custom_model_data":10000},"model":"fiendskullset:ia_auto_gen/fiendskullhelmet"},{"predicate":{"trim_type":1.0,"custom_model_data":10000},"model":"fiendskullset:ia_auto_gen/fiendskullhelmet"},{"predicate":{"custom_model_data":10001},"model":"winterset:ia_auto_gen/winterhelmet"},{"predicate":{"trim_type":0.1,"custom_model_data":10001},"model":"winterset:ia_auto_gen/winterhelmet"},{"predicate":{"trim_type":0.2,"custom_model_data":10001},"model":"winterset:ia_auto_gen/winterhelmet"},{"predicate":{"trim_type":0.3,"custom_model_data":10001},"model":"winterset:ia_auto_gen/winterhelmet"},{"predicate":{"trim_type":0.4,"custom_model_data":10001},"model":"winterset:ia_auto_gen/winterhelmet"},{"predicate":{"trim_type":0.5,"custom_model_data":10001},"model":"winterset:ia_auto_gen/winterhelmet"},{"predicate":{"trim_type":0.6,"custom_model_data":10001},"model":"winterset:ia_auto_gen/winterhelmet"},{"predicate":{"trim_type":0.7,"custom_model_data":10001},"model":"winterset:ia_auto_gen/winterhelmet"},{"predicate":{"trim_type":0.8,"custom_model_data":10001},"model":"winterset:ia_auto_gen/winterhelmet"},{"predicate":{"trim_type":0.9,"custom_model_data":10001},"model":"winterset:ia_auto_gen/winterhelmet"},{"predicate":{"trim_type":1.0,"custom_model_data":10001},"model":"winterset:ia_auto_gen/winterhelmet"},{"predicate":{"custom_model_data":10002},"model":"ufoset:ia_auto_gen/ufohelmet"},{"predicate":{"trim_type":0.1,"custom_model_data":10002},"model":"ufoset:ia_auto_gen/ufohelmet"},{"predicate":{"trim_type":0.2,"custom_model_data":10002},"model":"ufoset:ia_auto_gen/ufohelmet"},{"predicate":{"trim_type":0.3,"custom_model_data":10002},"model":"ufoset:ia_auto_gen/ufohelmet"},{"predicate":{"trim_type":0.4,"custom_model_data":10002},"model":"ufoset:ia_auto_gen/ufohelmet"},{"predicate":{"trim_type":0.5,"custom_model_data":10002},"model":"ufoset:ia_auto_gen/ufohelmet"},{"predicate":{"trim_type":0.6,"custom_model_data":10002},"model":"ufoset:ia_auto_gen/ufohelmet"},{"predicate":{"trim_type":0.7,"custom_model_data":10002},"model":"ufoset:ia_auto_gen/ufohelmet"},{"predicate":{"trim_type":0.8,"custom_model_data":10002},"model":"ufoset:ia_auto_gen/ufohelmet"},{"predicate":{"trim_type":0.9,"custom_model_data":10002},"model":"ufoset:ia_auto_gen/ufohelmet"},{"predicate":{"trim_type":1.0,"custom_model_data":10002},"model":"ufoset:ia_auto_gen/ufohelmet"},{"predicate":{"custom_model_data":10003},"model":"littlepandaset:ia_auto_gen/littlepandahelmet"},{"predicate":{"trim_type":0.1,"custom_model_data":10003},"model":"littlepandaset:ia_auto_gen/littlepandahelmet"},{"predicate":{"trim_type":0.2,"custom_model_data":10003},"model":"littlepandaset:ia_auto_gen/littlepandahelmet"},{"predicate":{"trim_type":0.3,"custom_model_data":10003},"model":"littlepandaset:ia_auto_gen/littlepandahelmet"},{"predicate":{"trim_type":0.4,"custom_model_data":10003},"model":"littlepandaset:ia_auto_gen/littlepandahelmet"},{"predicate":{"trim_type":0.5,"custom_model_data":10003},"model":"littlepandaset:ia_auto_gen/littlepandahelmet"},{"predicate":{"trim_type":0.6,"custom_model_data":10003},"model":"littlepandaset:ia_auto_gen/littlepandahelmet"},{"predicate":{"trim_type":0.7,"custom_model_data":10003},"model":"littlepandaset:ia_auto_gen/littlepandahelmet"},{"predicate":{"trim_type":0.8,"custom_model_data":10003},"model":"littlepandaset:ia_auto_gen/littlepandahelmet"},{"predicate":{"trim_type":0.9,"custom_model_data":10003},"model":"littlepandaset:ia_auto_gen/littlepandahelmet"},{"predicate":{"trim_type":1.0,"custom_model_data":10003},"model":"littlepandaset:ia_auto_gen/littlepandahelmet"},{"predicate":{"custom_model_data":10005},"model":"easter2024set:ia_auto_gen/easter2024helmet"},{"predicate":{"trim_type":0.1,"custom_model_data":10005},"model":"easter2024set:ia_auto_gen/easter2024helmet"},{"predicate":{"trim_type":0.2,"custom_model_data":10005},"model":"easter2024set:ia_auto_gen/easter2024helmet"},{"predicate":{"trim_type":0.3,"custom_model_data":10005},"model":"easter2024set:ia_auto_gen/easter2024helmet"},{"predicate":{"trim_type":0.4,"custom_model_data":10005},"model":"easter2024set:ia_auto_gen/easter2024helmet"},{"predicate":{"trim_type":0.5,"custom_model_data":10005},"model":"easter2024set:ia_auto_gen/easter2024helmet"},{"predicate":{"trim_type":0.6,"custom_model_data":10005},"model":"easter2024set:ia_auto_gen/easter2024helmet"},{"predicate":{"trim_type":0.7,"custom_model_data":10005},"model":"easter2024set:ia_auto_gen/easter2024helmet"},{"predicate":{"trim_type":0.8,"custom_model_data":10005},"model":"easter2024set:ia_auto_gen/easter2024helmet"},{"predicate":{"trim_type":0.9,"custom_model_data":10005},"model":"easter2024set:ia_auto_gen/easter2024helmet"},{"predicate":{"trim_type":1.0,"custom_model_data":10005},"model":"easter2024set:ia_auto_gen/easter2024helmet"},{"predicate":{"custom_model_data":10006},"model":"arcanistset:ia_auto_gen/arcanisthelmet"},{"predicate":{"trim_type":0.1,"custom_model_data":10006},"model":"arcanistset:ia_auto_gen/arcanisthelmet"},{"predicate":{"trim_type":0.2,"custom_model_data":10006},"model":"arcanistset:ia_auto_gen/arcanisthelmet"},{"predicate":{"trim_type":0.3,"custom_model_data":10006},"model":"arcanistset:ia_auto_gen/arcanisthelmet"},{"predicate":{"trim_type":0.4,"custom_model_data":10006},"model":"arcanistset:ia_auto_gen/arcanisthelmet"},{"predicate":{"trim_type":0.5,"custom_model_data":10006},"model":"arcanistset:ia_auto_gen/arcanisthelmet"},{"predicate":{"trim_type":0.6,"custom_model_data":10006},"model":"arcanistset:ia_auto_gen/arcanisthelmet"},{"predicate":{"trim_type":0.7,"custom_model_data":10006},"model":"arcanistset:ia_auto_gen/arcanisthelmet"},{"predicate":{"trim_type":0.8,"custom_model_data":10006},"model":"arcanistset:ia_auto_gen/arcanisthelmet"},{"predicate":{"trim_type":0.9,"custom_model_data":10006},"model":"arcanistset:ia_auto_gen/arcanisthelmet"},{"predicate":{"trim_type":1.0,"custom_model_data":10006},"model":"arcanistset:ia_auto_gen/arcanisthelmet"},{"predicate":{"custom_model_data":10008},"model":"infernoset:ia_auto_gen/infernohelmet"},{"predicate":{"trim_type":0.1,"custom_model_data":10008},"model":"infernoset:ia_auto_gen/infernohelmet"},{"predicate":{"trim_type":0.2,"custom_model_data":10008},"model":"infernoset:ia_auto_gen/infernohelmet"},{"predicate":{"trim_type":0.3,"custom_model_data":10008},"model":"infernoset:ia_auto_gen/infernohelmet"},{"predicate":{"trim_type":0.4,"custom_model_data":10008},"model":"infernoset:ia_auto_gen/infernohelmet"},{"predicate":{"trim_type":0.5,"custom_model_data":10008},"model":"infernoset:ia_auto_gen/infernohelmet"},{"predicate":{"trim_type":0.6,"custom_model_data":10008},"model":"infernoset:ia_auto_gen/infernohelmet"},{"predicate":{"trim_type":0.7,"custom_model_data":10008},"model":"infernoset:ia_auto_gen/infernohelmet"},{"predicate":{"trim_type":0.8,"custom_model_data":10008},"model":"infernoset:ia_auto_gen/infernohelmet"},{"predicate":{"trim_type":0.9,"custom_model_data":10008},"model":"infernoset:ia_auto_gen/infernohelmet"},{"predicate":{"trim_type":1.0,"custom_model_data":10008},"model":"infernoset:ia_auto_gen/infernohelmet"},{"predicate":{"custom_model_data":10009},"model":"protocalset:ia_auto_gen/protocalhat"},{"predicate":{"trim_type":0.1,"custom_model_data":10009},"model":"protocalset:ia_auto_gen/protocalhat"},{"predicate":{"trim_type":0.2,"custom_model_data":10009},"model":"protocalset:ia_auto_gen/protocalhat"},{"predicate":{"trim_type":0.3,"custom_model_data":10009},"model":"protocalset:ia_auto_gen/protocalhat"},{"predicate":{"trim_type":0.4,"custom_model_data":10009},"model":"protocalset:ia_auto_gen/protocalhat"},{"predicate":{"trim_type":0.5,"custom_model_data":10009},"model":"protocalset:ia_auto_gen/protocalhat"},{"predicate":{"trim_type":0.6,"custom_model_data":10009},"model":"protocalset:ia_auto_gen/protocalhat"},{"predicate":{"trim_type":0.7,"custom_model_data":10009},"model":"protocalset:ia_auto_gen/protocalhat"},{"predicate":{"trim_type":0.8,"custom_model_data":10009},"model":"protocalset:ia_auto_gen/protocalhat"},{"predicate":{"trim_type":0.9,"custom_model_data":10009},"model":"protocalset:ia_auto_gen/protocalhat"},{"predicate":{"trim_type":1.0,"custom_model_data":10009},"model":"protocalset:ia_auto_gen/protocalhat"},{"predicate":{"custom_model_data":10011},"model":"beatsset:ia_auto_gen/beatshelmet"},{"predicate":{"trim_type":0.1,"custom_model_data":10011},"model":"beatsset:ia_auto_gen/beatshelmet"},{"predicate":{"trim_type":0.2,"custom_model_data":10011},"model":"beatsset:ia_auto_gen/beatshelmet"},{"predicate":{"trim_type":0.3,"custom_model_data":10011},"model":"beatsset:ia_auto_gen/beatshelmet"},{"predicate":{"trim_type":0.4,"custom_model_data":10011},"model":"beatsset:ia_auto_gen/beatshelmet"},{"predicate":{"trim_type":0.5,"custom_model_data":10011},"model":"beatsset:ia_auto_gen/beatshelmet"},{"predicate":{"trim_type":0.6,"custom_model_data":10011},"model":"beatsset:ia_auto_gen/beatshelmet"},{"predicate":{"trim_type":0.7,"custom_model_data":10011},"model":"beatsset:ia_auto_gen/beatshelmet"},{"predicate":{"trim_type":0.8,"custom_model_data":10011},"model":"beatsset:ia_auto_gen/beatshelmet"},{"predicate":{"trim_type":0.9,"custom_model_data":10011},"model":"beatsset:ia_auto_gen/beatshelmet"},{"predicate":{"trim_type":1.0,"custom_model_data":10011},"model":"beatsset:ia_auto_gen/beatshelmet"},{"predicate":{"custom_model_data":10012},"model":"sweetheartset:ia_auto_gen/sweethearthelmet"},{"predicate":{"trim_type":0.1,"custom_model_data":10012},"model":"sweetheartset:ia_auto_gen/sweethearthelmet"},{"predicate":{"trim_type":0.2,"custom_model_data":10012},"model":"sweetheartset:ia_auto_gen/sweethearthelmet"},{"predicate":{"trim_type":0.3,"custom_model_data":10012},"model":"sweetheartset:ia_auto_gen/sweethearthelmet"},{"predicate":{"trim_type":0.4,"custom_model_data":10012},"model":"sweetheartset:ia_auto_gen/sweethearthelmet"},{"predicate":{"trim_type":0.5,"custom_model_data":10012},"model":"sweetheartset:ia_auto_gen/sweethearthelmet"},{"predicate":{"trim_type":0.6,"custom_model_data":10012},"model":"sweetheartset:ia_auto_gen/sweethearthelmet"},{"predicate":{"trim_type":0.7,"custom_model_data":10012},"model":"sweetheartset:ia_auto_gen/sweethearthelmet"},{"predicate":{"trim_type":0.8,"custom_model_data":10012},"model":"sweetheartset:ia_auto_gen/sweethearthelmet"},{"predicate":{"trim_type":0.9,"custom_model_data":10012},"model":"sweetheartset:ia_auto_gen/sweethearthelmet"},{"predicate":{"trim_type":1.0,"custom_model_data":10012},"model":"sweetheartset:ia_auto_gen/sweethearthelmet"},{"predicate":{"custom_model_data":10013},"model":"dragonsoulset:ia_auto_gen/dragonsoulhelmet"},{"predicate":{"trim_type":0.1,"custom_model_data":10013},"model":"dragonsoulset:ia_auto_gen/dragonsoulhelmet"},{"predicate":{"trim_type":0.2,"custom_model_data":10013},"model":"dragonsoulset:ia_auto_gen/dragonsoulhelmet"},{"predicate":{"trim_type":0.3,"custom_model_data":10013},"model":"dragonsoulset:ia_auto_gen/dragonsoulhelmet"},{"predicate":{"trim_type":0.4,"custom_model_data":10013},"model":"dragonsoulset:ia_auto_gen/dragonsoulhelmet"},{"predicate":{"trim_type":0.5,"custom_model_data":10013},"model":"dragonsoulset:ia_auto_gen/dragonsoulhelmet"},{"predicate":{"trim_type":0.6,"custom_model_data":10013},"model":"dragonsoulset:ia_auto_gen/dragonsoulhelmet"},{"predicate":{"trim_type":0.7,"custom_model_data":10013},"model":"dragonsoulset:ia_auto_gen/dragonsoulhelmet"},{"predicate":{"trim_type":0.8,"custom_model_data":10013},"model":"dragonsoulset:ia_auto_gen/dragonsoulhelmet"},{"predicate":{"trim_type":0.9,"custom_model_data":10013},"model":"dragonsoulset:ia_auto_gen/dragonsoulhelmet"},{"predicate":{"trim_type":1.0,"custom_model_data":10013},"model":"dragonsoulset:ia_auto_gen/dragonsoulhelmet"},{"predicate":{"custom_model_data":10014},"model":"space_green_pack:ia_auto_gen/space_greenhelmet"},{"predicate":{"trim_type":0.1,"custom_model_data":10014},"model":"space_green_pack:ia_auto_gen/space_greenhelmet"},{"predicate":{"trim_type":0.2,"custom_model_data":10014},"model":"space_green_pack:ia_auto_gen/space_greenhelmet"},{"predicate":{"trim_type":0.3,"custom_model_data":10014},"model":"space_green_pack:ia_auto_gen/space_greenhelmet"},{"predicate":{"trim_type":0.4,"custom_model_data":10014},"model":"space_green_pack:ia_auto_gen/space_greenhelmet"},{"predicate":{"trim_type":0.5,"custom_model_data":10014},"model":"space_green_pack:ia_auto_gen/space_greenhelmet"},{"predicate":{"trim_type":0.6,"custom_model_data":10014},"model":"space_green_pack:ia_auto_gen/space_greenhelmet"},{"predicate":{"trim_type":0.7,"custom_model_data":10014},"model":"space_green_pack:ia_auto_gen/space_greenhelmet"},{"predicate":{"trim_type":0.8,"custom_model_data":10014},"model":"space_green_pack:ia_auto_gen/space_greenhelmet"},{"predicate":{"trim_type":0.9,"custom_model_data":10014},"model":"space_green_pack:ia_auto_gen/space_greenhelmet"},{"predicate":{"trim_type":1.0,"custom_model_data":10014},"model":"space_green_pack:ia_auto_gen/space_greenhelmet"},{"predicate":{"custom_model_data":10015},"model":"elitecreatures:ia_auto_gen/seaturtle_animated_weapon_set_helmet"},{"predicate":{"trim_type":0.1,"custom_model_data":10015},"model":"elitecreatures:ia_auto_gen/seaturtle_animated_weapon_set_helmet"},{"predicate":{"trim_type":0.2,"custom_model_data":10015},"model":"elitecreatures:ia_auto_gen/seaturtle_animated_weapon_set_helmet"},{"predicate":{"trim_type":0.3,"custom_model_data":10015},"model":"elitecreatures:ia_auto_gen/seaturtle_animated_weapon_set_helmet"},{"predicate":{"trim_type":0.4,"custom_model_data":10015},"model":"elitecreatures:ia_auto_gen/seaturtle_animated_weapon_set_helmet"},{"predicate":{"trim_type":0.5,"custom_model_data":10015},"model":"elitecreatures:ia_auto_gen/seaturtle_animated_weapon_set_helmet"},{"predicate":{"trim_type":0.6,"custom_model_data":10015},"model":"elitecreatures:ia_auto_gen/seaturtle_animated_weapon_set_helmet"},{"predicate":{"trim_type":0.7,"custom_model_data":10015},"model":"elitecreatures:ia_auto_gen/seaturtle_animated_weapon_set_helmet"},{"predicate":{"trim_type":0.8,"custom_model_data":10015},"model":"elitecreatures:ia_auto_gen/seaturtle_animated_weapon_set_helmet"},{"predicate":{"trim_type":0.9,"custom_model_data":10015},"model":"elitecreatures:ia_auto_gen/seaturtle_animated_weapon_set_helmet"},{"predicate":{"trim_type":1.0,"custom_model_data":10015},"model":"elitecreatures:ia_auto_gen/seaturtle_animated_weapon_set_helmet"},{"predicate":{"custom_model_data":10016},"model":"space_purple_pack:ia_auto_gen/space_purplehelmet"},{"predicate":{"trim_type":0.1,"custom_model_data":10016},"model":"space_purple_pack:ia_auto_gen/space_purplehelmet"},{"predicate":{"trim_type":0.2,"custom_model_data":10016},"model":"space_purple_pack:ia_auto_gen/space_purplehelmet"},{"predicate":{"trim_type":0.3,"custom_model_data":10016},"model":"space_purple_pack:ia_auto_gen/space_purplehelmet"},{"predicate":{"trim_type":0.4,"custom_model_data":10016},"model":"space_purple_pack:ia_auto_gen/space_purplehelmet"},{"predicate":{"trim_type":0.5,"custom_model_data":10016},"model":"space_purple_pack:ia_auto_gen/space_purplehelmet"},{"predicate":{"trim_type":0.6,"custom_model_data":10016},"model":"space_purple_pack:ia_auto_gen/space_purplehelmet"},{"predicate":{"trim_type":0.7,"custom_model_data":10016},"model":"space_purple_pack:ia_auto_gen/space_purplehelmet"},{"predicate":{"trim_type":0.8,"custom_model_data":10016},"model":"space_purple_pack:ia_auto_gen/space_purplehelmet"},{"predicate":{"trim_type":0.9,"custom_model_data":10016},"model":"space_purple_pack:ia_auto_gen/space_purplehelmet"},{"predicate":{"trim_type":1.0,"custom_model_data":10016},"model":"space_purple_pack:ia_auto_gen/space_purplehelmet"},{"predicate":{"custom_model_data":10017},"model":"space_blue_pack:ia_auto_gen/space_bluehelmet"},{"predicate":{"trim_type":0.1,"custom_model_data":10017},"model":"space_blue_pack:ia_auto_gen/space_bluehelmet"},{"predicate":{"trim_type":0.2,"custom_model_data":10017},"model":"space_blue_pack:ia_auto_gen/space_bluehelmet"},{"predicate":{"trim_type":0.3,"custom_model_data":10017},"model":"space_blue_pack:ia_auto_gen/space_bluehelmet"},{"predicate":{"trim_type":0.4,"custom_model_data":10017},"model":"space_blue_pack:ia_auto_gen/space_bluehelmet"},{"predicate":{"trim_type":0.5,"custom_model_data":10017},"model":"space_blue_pack:ia_auto_gen/space_bluehelmet"},{"predicate":{"trim_type":0.6,"custom_model_data":10017},"model":"space_blue_pack:ia_auto_gen/space_bluehelmet"},{"predicate":{"trim_type":0.7,"custom_model_data":10017},"model":"space_blue_pack:ia_auto_gen/space_bluehelmet"},{"predicate":{"trim_type":0.8,"custom_model_data":10017},"model":"space_blue_pack:ia_auto_gen/space_bluehelmet"},{"predicate":{"trim_type":0.9,"custom_model_data":10017},"model":"space_blue_pack:ia_auto_gen/space_bluehelmet"},{"predicate":{"trim_type":1.0,"custom_model_data":10017},"model":"space_blue_pack:ia_auto_gen/space_bluehelmet"},{"predicate":{"custom_model_data":10018},"model":"lightning_powerset:ia_auto_gen/lightning_powerhelmet"},{"predicate":{"trim_type":0.1,"custom_model_data":10018},"model":"lightning_powerset:ia_auto_gen/lightning_powerhelmet"},{"predicate":{"trim_type":0.2,"custom_model_data":10018},"model":"lightning_powerset:ia_auto_gen/lightning_powerhelmet"},{"predicate":{"trim_type":0.3,"custom_model_data":10018},"model":"lightning_powerset:ia_auto_gen/lightning_powerhelmet"},{"predicate":{"trim_type":0.4,"custom_model_data":10018},"model":"lightning_powerset:ia_auto_gen/lightning_powerhelmet"},{"predicate":{"trim_type":0.5,"custom_model_data":10018},"model":"lightning_powerset:ia_auto_gen/lightning_powerhelmet"},{"predicate":{"trim_type":0.6,"custom_model_data":10018},"model":"lightning_powerset:ia_auto_gen/lightning_powerhelmet"},{"predicate":{"trim_type":0.7,"custom_model_data":10018},"model":"lightning_powerset:ia_auto_gen/lightning_powerhelmet"},{"predicate":{"trim_type":0.8,"custom_model_data":10018},"model":"lightning_powerset:ia_auto_gen/lightning_powerhelmet"},{"predicate":{"trim_type":0.9,"custom_model_data":10018},"model":"lightning_powerset:ia_auto_gen/lightning_powerhelmet"},{"predicate":{"trim_type":1.0,"custom_model_data":10018},"model":"lightning_powerset:ia_auto_gen/lightning_powerhelmet"},{"predicate":{"custom_model_data":10019},"model":"cosmo_pack:ia_auto_gen/cosmo_helmet"},{"predicate":{"trim_type":0.1,"custom_model_data":10019},"model":"cosmo_pack:ia_auto_gen/cosmo_helmet"},{"predicate":{"trim_type":0.2,"custom_model_data":10019},"model":"cosmo_pack:ia_auto_gen/cosmo_helmet"},{"predicate":{"trim_type":0.3,"custom_model_data":10019},"model":"cosmo_pack:ia_auto_gen/cosmo_helmet"},{"predicate":{"trim_type":0.4,"custom_model_data":10019},"model":"cosmo_pack:ia_auto_gen/cosmo_helmet"},{"predicate":{"trim_type":0.5,"custom_model_data":10019},"model":"cosmo_pack:ia_auto_gen/cosmo_helmet"},{"predicate":{"trim_type":0.6,"custom_model_data":10019},"model":"cosmo_pack:ia_auto_gen/cosmo_helmet"},{"predicate":{"trim_type":0.7,"custom_model_data":10019},"model":"cosmo_pack:ia_auto_gen/cosmo_helmet"},{"predicate":{"trim_type":0.8,"custom_model_data":10019},"model":"cosmo_pack:ia_auto_gen/cosmo_helmet"},{"predicate":{"trim_type":0.9,"custom_model_data":10019},"model":"cosmo_pack:ia_auto_gen/cosmo_helmet"},{"predicate":{"trim_type":1.0,"custom_model_data":10019},"model":"cosmo_pack:ia_auto_gen/cosmo_helmet"},{"predicate":{"custom_model_data":10020},"model":"royal_crystal:ia_auto_gen/royal_crystahelmet"},{"predicate":{"trim_type":0.1,"custom_model_data":10020},"model":"royal_crystal:ia_auto_gen/royal_crystahelmet"},{"predicate":{"trim_type":0.2,"custom_model_data":10020},"model":"royal_crystal:ia_auto_gen/royal_crystahelmet"},{"predicate":{"trim_type":0.3,"custom_model_data":10020},"model":"royal_crystal:ia_auto_gen/royal_crystahelmet"},{"predicate":{"trim_type":0.4,"custom_model_data":10020},"model":"royal_crystal:ia_auto_gen/royal_crystahelmet"},{"predicate":{"trim_type":0.5,"custom_model_data":10020},"model":"royal_crystal:ia_auto_gen/royal_crystahelmet"},{"predicate":{"trim_type":0.6,"custom_model_data":10020},"model":"royal_crystal:ia_auto_gen/royal_crystahelmet"},{"predicate":{"trim_type":0.7,"custom_model_data":10020},"model":"royal_crystal:ia_auto_gen/royal_crystahelmet"},{"predicate":{"trim_type":0.8,"custom_model_data":10020},"model":"royal_crystal:ia_auto_gen/royal_crystahelmet"},{"predicate":{"trim_type":0.9,"custom_model_data":10020},"model":"royal_crystal:ia_auto_gen/royal_crystahelmet"},{"predicate":{"trim_type":1.0,"custom_model_data":10020},"model":"royal_crystal:ia_auto_gen/royal_crystahelmet"},{"predicate":{"custom_model_data":10021},"model":"elitecreatures:ia_auto_gen/skeleton_overlord_animated_weapon_set_helmet"},{"predicate":{"trim_type":0.1,"custom_model_data":10021},"model":"elitecreatures:ia_auto_gen/skeleton_overlord_animated_weapon_set_helmet"},{"predicate":{"trim_type":0.2,"custom_model_data":10021},"model":"elitecreatures:ia_auto_gen/skeleton_overlord_animated_weapon_set_helmet"},{"predicate":{"trim_type":0.3,"custom_model_data":10021},"model":"elitecreatures:ia_auto_gen/skeleton_overlord_animated_weapon_set_helmet"},{"predicate":{"trim_type":0.4,"custom_model_data":10021},"model":"elitecreatures:ia_auto_gen/skeleton_overlord_animated_weapon_set_helmet"},{"predicate":{"trim_type":0.5,"custom_model_data":10021},"model":"elitecreatures:ia_auto_gen/skeleton_overlord_animated_weapon_set_helmet"},{"predicate":{"trim_type":0.6,"custom_model_data":10021},"model":"elitecreatures:ia_auto_gen/skeleton_overlord_animated_weapon_set_helmet"},{"predicate":{"trim_type":0.7,"custom_model_data":10021},"model":"elitecreatures:ia_auto_gen/skeleton_overlord_animated_weapon_set_helmet"},{"predicate":{"trim_type":0.8,"custom_model_data":10021},"model":"elitecreatures:ia_auto_gen/skeleton_overlord_animated_weapon_set_helmet"},{"predicate":{"trim_type":0.9,"custom_model_data":10021},"model":"elitecreatures:ia_auto_gen/skeleton_overlord_animated_weapon_set_helmet"},{"predicate":{"trim_type":1.0,"custom_model_data":10021},"model":"elitecreatures:ia_auto_gen/skeleton_overlord_animated_weapon_set_helmet"},{"predicate":{"custom_model_data":10022},"model":"saintpatricksset:ia_auto_gen/saintpatrickhelmet"},{"predicate":{"trim_type":0.1,"custom_model_data":10022},"model":"saintpatricksset:ia_auto_gen/saintpatrickhelmet"},{"predicate":{"trim_type":0.2,"custom_model_data":10022},"model":"saintpatricksset:ia_auto_gen/saintpatrickhelmet"},{"predicate":{"trim_type":0.3,"custom_model_data":10022},"model":"saintpatricksset:ia_auto_gen/saintpatrickhelmet"},{"predicate":{"trim_type":0.4,"custom_model_data":10022},"model":"saintpatricksset:ia_auto_gen/saintpatrickhelmet"},{"predicate":{"trim_type":0.5,"custom_model_data":10022},"model":"saintpatricksset:ia_auto_gen/saintpatrickhelmet"},{"predicate":{"trim_type":0.6,"custom_model_data":10022},"model":"saintpatricksset:ia_auto_gen/saintpatrickhelmet"},{"predicate":{"trim_type":0.7,"custom_model_data":10022},"model":"saintpatricksset:ia_auto_gen/saintpatrickhelmet"},{"predicate":{"trim_type":0.8,"custom_model_data":10022},"model":"saintpatricksset:ia_auto_gen/saintpatrickhelmet"},{"predicate":{"trim_type":0.9,"custom_model_data":10022},"model":"saintpatricksset:ia_auto_gen/saintpatrickhelmet"},{"predicate":{"trim_type":1.0,"custom_model_data":10022},"model":"saintpatricksset:ia_auto_gen/saintpatrickhelmet"},{"predicate":{"custom_model_data":10023},"model":"littleduckset:ia_auto_gen/littleduckhelmet"},{"predicate":{"trim_type":0.1,"custom_model_data":10023},"model":"littleduckset:ia_auto_gen/littleduckhelmet"},{"predicate":{"trim_type":0.2,"custom_model_data":10023},"model":"littleduckset:ia_auto_gen/littleduckhelmet"},{"predicate":{"trim_type":0.3,"custom_model_data":10023},"model":"littleduckset:ia_auto_gen/littleduckhelmet"},{"predicate":{"trim_type":0.4,"custom_model_data":10023},"model":"littleduckset:ia_auto_gen/littleduckhelmet"},{"predicate":{"trim_type":0.5,"custom_model_data":10023},"model":"littleduckset:ia_auto_gen/littleduckhelmet"},{"predicate":{"trim_type":0.6,"custom_model_data":10023},"model":"littleduckset:ia_auto_gen/littleduckhelmet"},{"predicate":{"trim_type":0.7,"custom_model_data":10023},"model":"littleduckset:ia_auto_gen/littleduckhelmet"},{"predicate":{"trim_type":0.8,"custom_model_data":10023},"model":"littleduckset:ia_auto_gen/littleduckhelmet"},{"predicate":{"trim_type":0.9,"custom_model_data":10023},"model":"littleduckset:ia_auto_gen/littleduckhelmet"},{"predicate":{"trim_type":1.0,"custom_model_data":10023},"model":"littleduckset:ia_auto_gen/littleduckhelmet"},{"predicate":{"custom_model_data":10024},"model":"discordnitroset:ia_auto_gen/discordnitrohelmet"},{"predicate":{"trim_type":0.1,"custom_model_data":10024},"model":"discordnitroset:ia_auto_gen/discordnitrohelmet"},{"predicate":{"trim_type":0.2,"custom_model_data":10024},"model":"discordnitroset:ia_auto_gen/discordnitrohelmet"},{"predicate":{"trim_type":0.3,"custom_model_data":10024},"model":"discordnitroset:ia_auto_gen/discordnitrohelmet"},{"predicate":{"trim_type":0.4,"custom_model_data":10024},"model":"discordnitroset:ia_auto_gen/discordnitrohelmet"},{"predicate":{"trim_type":0.5,"custom_model_data":10024},"model":"discordnitroset:ia_auto_gen/discordnitrohelmet"},{"predicate":{"trim_type":0.6,"custom_model_data":10024},"model":"discordnitroset:ia_auto_gen/discordnitrohelmet"},{"predicate":{"trim_type":0.7,"custom_model_data":10024},"model":"discordnitroset:ia_auto_gen/discordnitrohelmet"},{"predicate":{"trim_type":0.8,"custom_model_data":10024},"model":"discordnitroset:ia_auto_gen/discordnitrohelmet"},{"predicate":{"trim_type":0.9,"custom_model_data":10024},"model":"discordnitroset:ia_auto_gen/discordnitrohelmet"},{"predicate":{"trim_type":1.0,"custom_model_data":10024},"model":"discordnitroset:ia_auto_gen/discordnitrohelmet"},{"predicate":{"custom_model_data":10025},"model":"item/leather_helmet"}],"textures":{"layer0":"minecraft:item/leather_helmet","layer1":"minecraft:item/leather_helmet_overlay"}}