{"parent":"minecraft:item/generated","overrides":[{"model":"minecraft:item/leather_boots_quartz_trim","predicate":{"trim_type":0.1}},{"model":"minecraft:item/leather_boots_iron_trim","predicate":{"trim_type":0.2}},{"model":"minecraft:item/leather_boots_netherite_trim","predicate":{"trim_type":0.3}},{"model":"minecraft:item/leather_boots_redstone_trim","predicate":{"trim_type":0.4}},{"model":"minecraft:item/leather_boots_copper_trim","predicate":{"trim_type":0.5}},{"model":"minecraft:item/leather_boots_gold_trim","predicate":{"trim_type":0.6}},{"model":"minecraft:item/leather_boots_emerald_trim","predicate":{"trim_type":0.7}},{"model":"minecraft:item/leather_boots_diamond_trim","predicate":{"trim_type":0.8}},{"model":"minecraft:item/leather_boots_lapis_trim","predicate":{"trim_type":0.9}},{"model":"minecraft:item/leather_boots_amethyst_trim","predicate":{"trim_type":1.0}},{"predicate":{"custom_model_data":10000},"model":"fiendskullset:ia_auto_gen/fiendskullboots"},{"predicate":{"trim_type":0.1,"custom_model_data":10000},"model":"fiendskullset:ia_auto_gen/fiendskullboots"},{"predicate":{"trim_type":0.2,"custom_model_data":10000},"model":"fiendskullset:ia_auto_gen/fiendskullboots"},{"predicate":{"trim_type":0.3,"custom_model_data":10000},"model":"fiendskullset:ia_auto_gen/fiendskullboots"},{"predicate":{"trim_type":0.4,"custom_model_data":10000},"model":"fiendskullset:ia_auto_gen/fiendskullboots"},{"predicate":{"trim_type":0.5,"custom_model_data":10000},"model":"fiendskullset:ia_auto_gen/fiendskullboots"},{"predicate":{"trim_type":0.6,"custom_model_data":10000},"model":"fiendskullset:ia_auto_gen/fiendskullboots"},{"predicate":{"trim_type":0.7,"custom_model_data":10000},"model":"fiendskullset:ia_auto_gen/fiendskullboots"},{"predicate":{"trim_type":0.8,"custom_model_data":10000},"model":"fiendskullset:ia_auto_gen/fiendskullboots"},{"predicate":{"trim_type":0.9,"custom_model_data":10000},"model":"fiendskullset:ia_auto_gen/fiendskullboots"},{"predicate":{"trim_type":1.0,"custom_model_data":10000},"model":"fiendskullset:ia_auto_gen/fiendskullboots"},{"predicate":{"custom_model_data":10001},"model":"winterset:ia_auto_gen/winterboots"},{"predicate":{"trim_type":0.1,"custom_model_data":10001},"model":"winterset:ia_auto_gen/winterboots"},{"predicate":{"trim_type":0.2,"custom_model_data":10001},"model":"winterset:ia_auto_gen/winterboots"},{"predicate":{"trim_type":0.3,"custom_model_data":10001},"model":"winterset:ia_auto_gen/winterboots"},{"predicate":{"trim_type":0.4,"custom_model_data":10001},"model":"winterset:ia_auto_gen/winterboots"},{"predicate":{"trim_type":0.5,"custom_model_data":10001},"model":"winterset:ia_auto_gen/winterboots"},{"predicate":{"trim_type":0.6,"custom_model_data":10001},"model":"winterset:ia_auto_gen/winterboots"},{"predicate":{"trim_type":0.7,"custom_model_data":10001},"model":"winterset:ia_auto_gen/winterboots"},{"predicate":{"trim_type":0.8,"custom_model_data":10001},"model":"winterset:ia_auto_gen/winterboots"},{"predicate":{"trim_type":0.9,"custom_model_data":10001},"model":"winterset:ia_auto_gen/winterboots"},{"predicate":{"trim_type":1.0,"custom_model_data":10001},"model":"winterset:ia_auto_gen/winterboots"},{"predicate":{"custom_model_data":10002},"model":"ufoset:ia_auto_gen/ufoboots"},{"predicate":{"trim_type":0.1,"custom_model_data":10002},"model":"ufoset:ia_auto_gen/ufoboots"},{"predicate":{"trim_type":0.2,"custom_model_data":10002},"model":"ufoset:ia_auto_gen/ufoboots"},{"predicate":{"trim_type":0.3,"custom_model_data":10002},"model":"ufoset:ia_auto_gen/ufoboots"},{"predicate":{"trim_type":0.4,"custom_model_data":10002},"model":"ufoset:ia_auto_gen/ufoboots"},{"predicate":{"trim_type":0.5,"custom_model_data":10002},"model":"ufoset:ia_auto_gen/ufoboots"},{"predicate":{"trim_type":0.6,"custom_model_data":10002},"model":"ufoset:ia_auto_gen/ufoboots"},{"predicate":{"trim_type":0.7,"custom_model_data":10002},"model":"ufoset:ia_auto_gen/ufoboots"},{"predicate":{"trim_type":0.8,"custom_model_data":10002},"model":"ufoset:ia_auto_gen/ufoboots"},{"predicate":{"trim_type":0.9,"custom_model_data":10002},"model":"ufoset:ia_auto_gen/ufoboots"},{"predicate":{"trim_type":1.0,"custom_model_data":10002},"model":"ufoset:ia_auto_gen/ufoboots"},{"predicate":{"custom_model_data":10003},"model":"littlepandaset:ia_auto_gen/littlepandaboots"},{"predicate":{"trim_type":0.1,"custom_model_data":10003},"model":"littlepandaset:ia_auto_gen/littlepandaboots"},{"predicate":{"trim_type":0.2,"custom_model_data":10003},"model":"littlepandaset:ia_auto_gen/littlepandaboots"},{"predicate":{"trim_type":0.3,"custom_model_data":10003},"model":"littlepandaset:ia_auto_gen/littlepandaboots"},{"predicate":{"trim_type":0.4,"custom_model_data":10003},"model":"littlepandaset:ia_auto_gen/littlepandaboots"},{"predicate":{"trim_type":0.5,"custom_model_data":10003},"model":"littlepandaset:ia_auto_gen/littlepandaboots"},{"predicate":{"trim_type":0.6,"custom_model_data":10003},"model":"littlepandaset:ia_auto_gen/littlepandaboots"},{"predicate":{"trim_type":0.7,"custom_model_data":10003},"model":"littlepandaset:ia_auto_gen/littlepandaboots"},{"predicate":{"trim_type":0.8,"custom_model_data":10003},"model":"littlepandaset:ia_auto_gen/littlepandaboots"},{"predicate":{"trim_type":0.9,"custom_model_data":10003},"model":"littlepandaset:ia_auto_gen/littlepandaboots"},{"predicate":{"trim_type":1.0,"custom_model_data":10003},"model":"littlepandaset:ia_auto_gen/littlepandaboots"},{"predicate":{"custom_model_data":10006},"model":"easter2024set:ia_auto_gen/easter2024boots"},{"predicate":{"trim_type":0.1,"custom_model_data":10006},"model":"easter2024set:ia_auto_gen/easter2024boots"},{"predicate":{"trim_type":0.2,"custom_model_data":10006},"model":"easter2024set:ia_auto_gen/easter2024boots"},{"predicate":{"trim_type":0.3,"custom_model_data":10006},"model":"easter2024set:ia_auto_gen/easter2024boots"},{"predicate":{"trim_type":0.4,"custom_model_data":10006},"model":"easter2024set:ia_auto_gen/easter2024boots"},{"predicate":{"trim_type":0.5,"custom_model_data":10006},"model":"easter2024set:ia_auto_gen/easter2024boots"},{"predicate":{"trim_type":0.6,"custom_model_data":10006},"model":"easter2024set:ia_auto_gen/easter2024boots"},{"predicate":{"trim_type":0.7,"custom_model_data":10006},"model":"easter2024set:ia_auto_gen/easter2024boots"},{"predicate":{"trim_type":0.8,"custom_model_data":10006},"model":"easter2024set:ia_auto_gen/easter2024boots"},{"predicate":{"trim_type":0.9,"custom_model_data":10006},"model":"easter2024set:ia_auto_gen/easter2024boots"},{"predicate":{"trim_type":1.0,"custom_model_data":10006},"model":"easter2024set:ia_auto_gen/easter2024boots"},{"predicate":{"custom_model_data":10007},"model":"arcanistset:ia_auto_gen/arcanistboots"},{"predicate":{"trim_type":0.1,"custom_model_data":10007},"model":"arcanistset:ia_auto_gen/arcanistboots"},{"predicate":{"trim_type":0.2,"custom_model_data":10007},"model":"arcanistset:ia_auto_gen/arcanistboots"},{"predicate":{"trim_type":0.3,"custom_model_data":10007},"model":"arcanistset:ia_auto_gen/arcanistboots"},{"predicate":{"trim_type":0.4,"custom_model_data":10007},"model":"arcanistset:ia_auto_gen/arcanistboots"},{"predicate":{"trim_type":0.5,"custom_model_data":10007},"model":"arcanistset:ia_auto_gen/arcanistboots"},{"predicate":{"trim_type":0.6,"custom_model_data":10007},"model":"arcanistset:ia_auto_gen/arcanistboots"},{"predicate":{"trim_type":0.7,"custom_model_data":10007},"model":"arcanistset:ia_auto_gen/arcanistboots"},{"predicate":{"trim_type":0.8,"custom_model_data":10007},"model":"arcanistset:ia_auto_gen/arcanistboots"},{"predicate":{"trim_type":0.9,"custom_model_data":10007},"model":"arcanistset:ia_auto_gen/arcanistboots"},{"predicate":{"trim_type":1.0,"custom_model_data":10007},"model":"arcanistset:ia_auto_gen/arcanistboots"},{"predicate":{"custom_model_data":10009},"model":"infernoset:ia_auto_gen/infernoboots"},{"predicate":{"trim_type":0.1,"custom_model_data":10009},"model":"infernoset:ia_auto_gen/infernoboots"},{"predicate":{"trim_type":0.2,"custom_model_data":10009},"model":"infernoset:ia_auto_gen/infernoboots"},{"predicate":{"trim_type":0.3,"custom_model_data":10009},"model":"infernoset:ia_auto_gen/infernoboots"},{"predicate":{"trim_type":0.4,"custom_model_data":10009},"model":"infernoset:ia_auto_gen/infernoboots"},{"predicate":{"trim_type":0.5,"custom_model_data":10009},"model":"infernoset:ia_auto_gen/infernoboots"},{"predicate":{"trim_type":0.6,"custom_model_data":10009},"model":"infernoset:ia_auto_gen/infernoboots"},{"predicate":{"trim_type":0.7,"custom_model_data":10009},"model":"infernoset:ia_auto_gen/infernoboots"},{"predicate":{"trim_type":0.8,"custom_model_data":10009},"model":"infernoset:ia_auto_gen/infernoboots"},{"predicate":{"trim_type":0.9,"custom_model_data":10009},"model":"infernoset:ia_auto_gen/infernoboots"},{"predicate":{"trim_type":1.0,"custom_model_data":10009},"model":"infernoset:ia_auto_gen/infernoboots"},{"predicate":{"custom_model_data":10010},"model":"evergreenset:ia_auto_gen/evergreenboots"},{"predicate":{"trim_type":0.1,"custom_model_data":10010},"model":"evergreenset:ia_auto_gen/evergreenboots"},{"predicate":{"trim_type":0.2,"custom_model_data":10010},"model":"evergreenset:ia_auto_gen/evergreenboots"},{"predicate":{"trim_type":0.3,"custom_model_data":10010},"model":"evergreenset:ia_auto_gen/evergreenboots"},{"predicate":{"trim_type":0.4,"custom_model_data":10010},"model":"evergreenset:ia_auto_gen/evergreenboots"},{"predicate":{"trim_type":0.5,"custom_model_data":10010},"model":"evergreenset:ia_auto_gen/evergreenboots"},{"predicate":{"trim_type":0.6,"custom_model_data":10010},"model":"evergreenset:ia_auto_gen/evergreenboots"},{"predicate":{"trim_type":0.7,"custom_model_data":10010},"model":"evergreenset:ia_auto_gen/evergreenboots"},{"predicate":{"trim_type":0.8,"custom_model_data":10010},"model":"evergreenset:ia_auto_gen/evergreenboots"},{"predicate":{"trim_type":0.9,"custom_model_data":10010},"model":"evergreenset:ia_auto_gen/evergreenboots"},{"predicate":{"trim_type":1.0,"custom_model_data":10010},"model":"evergreenset:ia_auto_gen/evergreenboots"},{"predicate":{"custom_model_data":10011},"model":"protocalset:ia_auto_gen/protocalboots"},{"predicate":{"trim_type":0.1,"custom_model_data":10011},"model":"protocalset:ia_auto_gen/protocalboots"},{"predicate":{"trim_type":0.2,"custom_model_data":10011},"model":"protocalset:ia_auto_gen/protocalboots"},{"predicate":{"trim_type":0.3,"custom_model_data":10011},"model":"protocalset:ia_auto_gen/protocalboots"},{"predicate":{"trim_type":0.4,"custom_model_data":10011},"model":"protocalset:ia_auto_gen/protocalboots"},{"predicate":{"trim_type":0.5,"custom_model_data":10011},"model":"protocalset:ia_auto_gen/protocalboots"},{"predicate":{"trim_type":0.6,"custom_model_data":10011},"model":"protocalset:ia_auto_gen/protocalboots"},{"predicate":{"trim_type":0.7,"custom_model_data":10011},"model":"protocalset:ia_auto_gen/protocalboots"},{"predicate":{"trim_type":0.8,"custom_model_data":10011},"model":"protocalset:ia_auto_gen/protocalboots"},{"predicate":{"trim_type":0.9,"custom_model_data":10011},"model":"protocalset:ia_auto_gen/protocalboots"},{"predicate":{"trim_type":1.0,"custom_model_data":10011},"model":"protocalset:ia_auto_gen/protocalboots"},{"predicate":{"custom_model_data":10012},"model":"lunarset:ia_auto_gen/lunarboots"},{"predicate":{"trim_type":0.1,"custom_model_data":10012},"model":"lunarset:ia_auto_gen/lunarboots"},{"predicate":{"trim_type":0.2,"custom_model_data":10012},"model":"lunarset:ia_auto_gen/lunarboots"},{"predicate":{"trim_type":0.3,"custom_model_data":10012},"model":"lunarset:ia_auto_gen/lunarboots"},{"predicate":{"trim_type":0.4,"custom_model_data":10012},"model":"lunarset:ia_auto_gen/lunarboots"},{"predicate":{"trim_type":0.5,"custom_model_data":10012},"model":"lunarset:ia_auto_gen/lunarboots"},{"predicate":{"trim_type":0.6,"custom_model_data":10012},"model":"lunarset:ia_auto_gen/lunarboots"},{"predicate":{"trim_type":0.7,"custom_model_data":10012},"model":"lunarset:ia_auto_gen/lunarboots"},{"predicate":{"trim_type":0.8,"custom_model_data":10012},"model":"lunarset:ia_auto_gen/lunarboots"},{"predicate":{"trim_type":0.9,"custom_model_data":10012},"model":"lunarset:ia_auto_gen/lunarboots"},{"predicate":{"trim_type":1.0,"custom_model_data":10012},"model":"lunarset:ia_auto_gen/lunarboots"},{"predicate":{"custom_model_data":10013},"model":"akiraset:ia_auto_gen/akiraboots"},{"predicate":{"trim_type":0.1,"custom_model_data":10013},"model":"akiraset:ia_auto_gen/akiraboots"},{"predicate":{"trim_type":0.2,"custom_model_data":10013},"model":"akiraset:ia_auto_gen/akiraboots"},{"predicate":{"trim_type":0.3,"custom_model_data":10013},"model":"akiraset:ia_auto_gen/akiraboots"},{"predicate":{"trim_type":0.4,"custom_model_data":10013},"model":"akiraset:ia_auto_gen/akiraboots"},{"predicate":{"trim_type":0.5,"custom_model_data":10013},"model":"akiraset:ia_auto_gen/akiraboots"},{"predicate":{"trim_type":0.6,"custom_model_data":10013},"model":"akiraset:ia_auto_gen/akiraboots"},{"predicate":{"trim_type":0.7,"custom_model_data":10013},"model":"akiraset:ia_auto_gen/akiraboots"},{"predicate":{"trim_type":0.8,"custom_model_data":10013},"model":"akiraset:ia_auto_gen/akiraboots"},{"predicate":{"trim_type":0.9,"custom_model_data":10013},"model":"akiraset:ia_auto_gen/akiraboots"},{"predicate":{"trim_type":1.0,"custom_model_data":10013},"model":"akiraset:ia_auto_gen/akiraboots"},{"predicate":{"custom_model_data":10015},"model":"beatsset:ia_auto_gen/beatsboots"},{"predicate":{"trim_type":0.1,"custom_model_data":10015},"model":"beatsset:ia_auto_gen/beatsboots"},{"predicate":{"trim_type":0.2,"custom_model_data":10015},"model":"beatsset:ia_auto_gen/beatsboots"},{"predicate":{"trim_type":0.3,"custom_model_data":10015},"model":"beatsset:ia_auto_gen/beatsboots"},{"predicate":{"trim_type":0.4,"custom_model_data":10015},"model":"beatsset:ia_auto_gen/beatsboots"},{"predicate":{"trim_type":0.5,"custom_model_data":10015},"model":"beatsset:ia_auto_gen/beatsboots"},{"predicate":{"trim_type":0.6,"custom_model_data":10015},"model":"beatsset:ia_auto_gen/beatsboots"},{"predicate":{"trim_type":0.7,"custom_model_data":10015},"model":"beatsset:ia_auto_gen/beatsboots"},{"predicate":{"trim_type":0.8,"custom_model_data":10015},"model":"beatsset:ia_auto_gen/beatsboots"},{"predicate":{"trim_type":0.9,"custom_model_data":10015},"model":"beatsset:ia_auto_gen/beatsboots"},{"predicate":{"trim_type":1.0,"custom_model_data":10015},"model":"beatsset:ia_auto_gen/beatsboots"},{"predicate":{"custom_model_data":10016},"model":"sweetheartset:ia_auto_gen/sweetheartboots"},{"predicate":{"trim_type":0.1,"custom_model_data":10016},"model":"sweetheartset:ia_auto_gen/sweetheartboots"},{"predicate":{"trim_type":0.2,"custom_model_data":10016},"model":"sweetheartset:ia_auto_gen/sweetheartboots"},{"predicate":{"trim_type":0.3,"custom_model_data":10016},"model":"sweetheartset:ia_auto_gen/sweetheartboots"},{"predicate":{"trim_type":0.4,"custom_model_data":10016},"model":"sweetheartset:ia_auto_gen/sweetheartboots"},{"predicate":{"trim_type":0.5,"custom_model_data":10016},"model":"sweetheartset:ia_auto_gen/sweetheartboots"},{"predicate":{"trim_type":0.6,"custom_model_data":10016},"model":"sweetheartset:ia_auto_gen/sweetheartboots"},{"predicate":{"trim_type":0.7,"custom_model_data":10016},"model":"sweetheartset:ia_auto_gen/sweetheartboots"},{"predicate":{"trim_type":0.8,"custom_model_data":10016},"model":"sweetheartset:ia_auto_gen/sweetheartboots"},{"predicate":{"trim_type":0.9,"custom_model_data":10016},"model":"sweetheartset:ia_auto_gen/sweetheartboots"},{"predicate":{"trim_type":1.0,"custom_model_data":10016},"model":"sweetheartset:ia_auto_gen/sweetheartboots"},{"predicate":{"custom_model_data":10017},"model":"dragonsoulset:ia_auto_gen/dragonsoulboots"},{"predicate":{"trim_type":0.1,"custom_model_data":10017},"model":"dragonsoulset:ia_auto_gen/dragonsoulboots"},{"predicate":{"trim_type":0.2,"custom_model_data":10017},"model":"dragonsoulset:ia_auto_gen/dragonsoulboots"},{"predicate":{"trim_type":0.3,"custom_model_data":10017},"model":"dragonsoulset:ia_auto_gen/dragonsoulboots"},{"predicate":{"trim_type":0.4,"custom_model_data":10017},"model":"dragonsoulset:ia_auto_gen/dragonsoulboots"},{"predicate":{"trim_type":0.5,"custom_model_data":10017},"model":"dragonsoulset:ia_auto_gen/dragonsoulboots"},{"predicate":{"trim_type":0.6,"custom_model_data":10017},"model":"dragonsoulset:ia_auto_gen/dragonsoulboots"},{"predicate":{"trim_type":0.7,"custom_model_data":10017},"model":"dragonsoulset:ia_auto_gen/dragonsoulboots"},{"predicate":{"trim_type":0.8,"custom_model_data":10017},"model":"dragonsoulset:ia_auto_gen/dragonsoulboots"},{"predicate":{"trim_type":0.9,"custom_model_data":10017},"model":"dragonsoulset:ia_auto_gen/dragonsoulboots"},{"predicate":{"trim_type":1.0,"custom_model_data":10017},"model":"dragonsoulset:ia_auto_gen/dragonsoulboots"},{"predicate":{"custom_model_data":10018},"model":"space_green_pack:ia_auto_gen/space_greenboots"},{"predicate":{"trim_type":0.1,"custom_model_data":10018},"model":"space_green_pack:ia_auto_gen/space_greenboots"},{"predicate":{"trim_type":0.2,"custom_model_data":10018},"model":"space_green_pack:ia_auto_gen/space_greenboots"},{"predicate":{"trim_type":0.3,"custom_model_data":10018},"model":"space_green_pack:ia_auto_gen/space_greenboots"},{"predicate":{"trim_type":0.4,"custom_model_data":10018},"model":"space_green_pack:ia_auto_gen/space_greenboots"},{"predicate":{"trim_type":0.5,"custom_model_data":10018},"model":"space_green_pack:ia_auto_gen/space_greenboots"},{"predicate":{"trim_type":0.6,"custom_model_data":10018},"model":"space_green_pack:ia_auto_gen/space_greenboots"},{"predicate":{"trim_type":0.7,"custom_model_data":10018},"model":"space_green_pack:ia_auto_gen/space_greenboots"},{"predicate":{"trim_type":0.8,"custom_model_data":10018},"model":"space_green_pack:ia_auto_gen/space_greenboots"},{"predicate":{"trim_type":0.9,"custom_model_data":10018},"model":"space_green_pack:ia_auto_gen/space_greenboots"},{"predicate":{"trim_type":1.0,"custom_model_data":10018},"model":"space_green_pack:ia_auto_gen/space_greenboots"},{"predicate":{"custom_model_data":10019},"model":"elitecreatures:ia_auto_gen/seaturtle_animated_weapon_set_boots"},{"predicate":{"trim_type":0.1,"custom_model_data":10019},"model":"elitecreatures:ia_auto_gen/seaturtle_animated_weapon_set_boots"},{"predicate":{"trim_type":0.2,"custom_model_data":10019},"model":"elitecreatures:ia_auto_gen/seaturtle_animated_weapon_set_boots"},{"predicate":{"trim_type":0.3,"custom_model_data":10019},"model":"elitecreatures:ia_auto_gen/seaturtle_animated_weapon_set_boots"},{"predicate":{"trim_type":0.4,"custom_model_data":10019},"model":"elitecreatures:ia_auto_gen/seaturtle_animated_weapon_set_boots"},{"predicate":{"trim_type":0.5,"custom_model_data":10019},"model":"elitecreatures:ia_auto_gen/seaturtle_animated_weapon_set_boots"},{"predicate":{"trim_type":0.6,"custom_model_data":10019},"model":"elitecreatures:ia_auto_gen/seaturtle_animated_weapon_set_boots"},{"predicate":{"trim_type":0.7,"custom_model_data":10019},"model":"elitecreatures:ia_auto_gen/seaturtle_animated_weapon_set_boots"},{"predicate":{"trim_type":0.8,"custom_model_data":10019},"model":"elitecreatures:ia_auto_gen/seaturtle_animated_weapon_set_boots"},{"predicate":{"trim_type":0.9,"custom_model_data":10019},"model":"elitecreatures:ia_auto_gen/seaturtle_animated_weapon_set_boots"},{"predicate":{"trim_type":1.0,"custom_model_data":10019},"model":"elitecreatures:ia_auto_gen/seaturtle_animated_weapon_set_boots"},{"predicate":{"custom_model_data":10020},"model":"space_purple_pack:ia_auto_gen/space_purpleboots"},{"predicate":{"trim_type":0.1,"custom_model_data":10020},"model":"space_purple_pack:ia_auto_gen/space_purpleboots"},{"predicate":{"trim_type":0.2,"custom_model_data":10020},"model":"space_purple_pack:ia_auto_gen/space_purpleboots"},{"predicate":{"trim_type":0.3,"custom_model_data":10020},"model":"space_purple_pack:ia_auto_gen/space_purpleboots"},{"predicate":{"trim_type":0.4,"custom_model_data":10020},"model":"space_purple_pack:ia_auto_gen/space_purpleboots"},{"predicate":{"trim_type":0.5,"custom_model_data":10020},"model":"space_purple_pack:ia_auto_gen/space_purpleboots"},{"predicate":{"trim_type":0.6,"custom_model_data":10020},"model":"space_purple_pack:ia_auto_gen/space_purpleboots"},{"predicate":{"trim_type":0.7,"custom_model_data":10020},"model":"space_purple_pack:ia_auto_gen/space_purpleboots"},{"predicate":{"trim_type":0.8,"custom_model_data":10020},"model":"space_purple_pack:ia_auto_gen/space_purpleboots"},{"predicate":{"trim_type":0.9,"custom_model_data":10020},"model":"space_purple_pack:ia_auto_gen/space_purpleboots"},{"predicate":{"trim_type":1.0,"custom_model_data":10020},"model":"space_purple_pack:ia_auto_gen/space_purpleboots"},{"predicate":{"custom_model_data":10021},"model":"space_blue_pack:ia_auto_gen/space_blueboots"},{"predicate":{"trim_type":0.1,"custom_model_data":10021},"model":"space_blue_pack:ia_auto_gen/space_blueboots"},{"predicate":{"trim_type":0.2,"custom_model_data":10021},"model":"space_blue_pack:ia_auto_gen/space_blueboots"},{"predicate":{"trim_type":0.3,"custom_model_data":10021},"model":"space_blue_pack:ia_auto_gen/space_blueboots"},{"predicate":{"trim_type":0.4,"custom_model_data":10021},"model":"space_blue_pack:ia_auto_gen/space_blueboots"},{"predicate":{"trim_type":0.5,"custom_model_data":10021},"model":"space_blue_pack:ia_auto_gen/space_blueboots"},{"predicate":{"trim_type":0.6,"custom_model_data":10021},"model":"space_blue_pack:ia_auto_gen/space_blueboots"},{"predicate":{"trim_type":0.7,"custom_model_data":10021},"model":"space_blue_pack:ia_auto_gen/space_blueboots"},{"predicate":{"trim_type":0.8,"custom_model_data":10021},"model":"space_blue_pack:ia_auto_gen/space_blueboots"},{"predicate":{"trim_type":0.9,"custom_model_data":10021},"model":"space_blue_pack:ia_auto_gen/space_blueboots"},{"predicate":{"trim_type":1.0,"custom_model_data":10021},"model":"space_blue_pack:ia_auto_gen/space_blueboots"},{"predicate":{"custom_model_data":10022},"model":"lightning_powerset:ia_auto_gen/lightning_powerboots"},{"predicate":{"trim_type":0.1,"custom_model_data":10022},"model":"lightning_powerset:ia_auto_gen/lightning_powerboots"},{"predicate":{"trim_type":0.2,"custom_model_data":10022},"model":"lightning_powerset:ia_auto_gen/lightning_powerboots"},{"predicate":{"trim_type":0.3,"custom_model_data":10022},"model":"lightning_powerset:ia_auto_gen/lightning_powerboots"},{"predicate":{"trim_type":0.4,"custom_model_data":10022},"model":"lightning_powerset:ia_auto_gen/lightning_powerboots"},{"predicate":{"trim_type":0.5,"custom_model_data":10022},"model":"lightning_powerset:ia_auto_gen/lightning_powerboots"},{"predicate":{"trim_type":0.6,"custom_model_data":10022},"model":"lightning_powerset:ia_auto_gen/lightning_powerboots"},{"predicate":{"trim_type":0.7,"custom_model_data":10022},"model":"lightning_powerset:ia_auto_gen/lightning_powerboots"},{"predicate":{"trim_type":0.8,"custom_model_data":10022},"model":"lightning_powerset:ia_auto_gen/lightning_powerboots"},{"predicate":{"trim_type":0.9,"custom_model_data":10022},"model":"lightning_powerset:ia_auto_gen/lightning_powerboots"},{"predicate":{"trim_type":1.0,"custom_model_data":10022},"model":"lightning_powerset:ia_auto_gen/lightning_powerboots"},{"predicate":{"custom_model_data":10023},"model":"cosmo_pack:ia_auto_gen/cosmo_boots"},{"predicate":{"trim_type":0.1,"custom_model_data":10023},"model":"cosmo_pack:ia_auto_gen/cosmo_boots"},{"predicate":{"trim_type":0.2,"custom_model_data":10023},"model":"cosmo_pack:ia_auto_gen/cosmo_boots"},{"predicate":{"trim_type":0.3,"custom_model_data":10023},"model":"cosmo_pack:ia_auto_gen/cosmo_boots"},{"predicate":{"trim_type":0.4,"custom_model_data":10023},"model":"cosmo_pack:ia_auto_gen/cosmo_boots"},{"predicate":{"trim_type":0.5,"custom_model_data":10023},"model":"cosmo_pack:ia_auto_gen/cosmo_boots"},{"predicate":{"trim_type":0.6,"custom_model_data":10023},"model":"cosmo_pack:ia_auto_gen/cosmo_boots"},{"predicate":{"trim_type":0.7,"custom_model_data":10023},"model":"cosmo_pack:ia_auto_gen/cosmo_boots"},{"predicate":{"trim_type":0.8,"custom_model_data":10023},"model":"cosmo_pack:ia_auto_gen/cosmo_boots"},{"predicate":{"trim_type":0.9,"custom_model_data":10023},"model":"cosmo_pack:ia_auto_gen/cosmo_boots"},{"predicate":{"trim_type":1.0,"custom_model_data":10023},"model":"cosmo_pack:ia_auto_gen/cosmo_boots"},{"predicate":{"custom_model_data":10024},"model":"royal_crystal:ia_auto_gen/royal_crystaboots"},{"predicate":{"trim_type":0.1,"custom_model_data":10024},"model":"royal_crystal:ia_auto_gen/royal_crystaboots"},{"predicate":{"trim_type":0.2,"custom_model_data":10024},"model":"royal_crystal:ia_auto_gen/royal_crystaboots"},{"predicate":{"trim_type":0.3,"custom_model_data":10024},"model":"royal_crystal:ia_auto_gen/royal_crystaboots"},{"predicate":{"trim_type":0.4,"custom_model_data":10024},"model":"royal_crystal:ia_auto_gen/royal_crystaboots"},{"predicate":{"trim_type":0.5,"custom_model_data":10024},"model":"royal_crystal:ia_auto_gen/royal_crystaboots"},{"predicate":{"trim_type":0.6,"custom_model_data":10024},"model":"royal_crystal:ia_auto_gen/royal_crystaboots"},{"predicate":{"trim_type":0.7,"custom_model_data":10024},"model":"royal_crystal:ia_auto_gen/royal_crystaboots"},{"predicate":{"trim_type":0.8,"custom_model_data":10024},"model":"royal_crystal:ia_auto_gen/royal_crystaboots"},{"predicate":{"trim_type":0.9,"custom_model_data":10024},"model":"royal_crystal:ia_auto_gen/royal_crystaboots"},{"predicate":{"trim_type":1.0,"custom_model_data":10024},"model":"royal_crystal:ia_auto_gen/royal_crystaboots"},{"predicate":{"custom_model_data":10025},"model":"elitecreatures:ia_auto_gen/skeleton_overlord_animated_weapon_set_boots"},{"predicate":{"trim_type":0.1,"custom_model_data":10025},"model":"elitecreatures:ia_auto_gen/skeleton_overlord_animated_weapon_set_boots"},{"predicate":{"trim_type":0.2,"custom_model_data":10025},"model":"elitecreatures:ia_auto_gen/skeleton_overlord_animated_weapon_set_boots"},{"predicate":{"trim_type":0.3,"custom_model_data":10025},"model":"elitecreatures:ia_auto_gen/skeleton_overlord_animated_weapon_set_boots"},{"predicate":{"trim_type":0.4,"custom_model_data":10025},"model":"elitecreatures:ia_auto_gen/skeleton_overlord_animated_weapon_set_boots"},{"predicate":{"trim_type":0.5,"custom_model_data":10025},"model":"elitecreatures:ia_auto_gen/skeleton_overlord_animated_weapon_set_boots"},{"predicate":{"trim_type":0.6,"custom_model_data":10025},"model":"elitecreatures:ia_auto_gen/skeleton_overlord_animated_weapon_set_boots"},{"predicate":{"trim_type":0.7,"custom_model_data":10025},"model":"elitecreatures:ia_auto_gen/skeleton_overlord_animated_weapon_set_boots"},{"predicate":{"trim_type":0.8,"custom_model_data":10025},"model":"elitecreatures:ia_auto_gen/skeleton_overlord_animated_weapon_set_boots"},{"predicate":{"trim_type":0.9,"custom_model_data":10025},"model":"elitecreatures:ia_auto_gen/skeleton_overlord_animated_weapon_set_boots"},{"predicate":{"trim_type":1.0,"custom_model_data":10025},"model":"elitecreatures:ia_auto_gen/skeleton_overlord_animated_weapon_set_boots"},{"predicate":{"custom_model_data":10026},"model":"lunar_studios:ia_auto_gen/forest_king_boots"},{"predicate":{"trim_type":0.1,"custom_model_data":10026},"model":"lunar_studios:ia_auto_gen/forest_king_boots"},{"predicate":{"trim_type":0.2,"custom_model_data":10026},"model":"lunar_studios:ia_auto_gen/forest_king_boots"},{"predicate":{"trim_type":0.3,"custom_model_data":10026},"model":"lunar_studios:ia_auto_gen/forest_king_boots"},{"predicate":{"trim_type":0.4,"custom_model_data":10026},"model":"lunar_studios:ia_auto_gen/forest_king_boots"},{"predicate":{"trim_type":0.5,"custom_model_data":10026},"model":"lunar_studios:ia_auto_gen/forest_king_boots"},{"predicate":{"trim_type":0.6,"custom_model_data":10026},"model":"lunar_studios:ia_auto_gen/forest_king_boots"},{"predicate":{"trim_type":0.7,"custom_model_data":10026},"model":"lunar_studios:ia_auto_gen/forest_king_boots"},{"predicate":{"trim_type":0.8,"custom_model_data":10026},"model":"lunar_studios:ia_auto_gen/forest_king_boots"},{"predicate":{"trim_type":0.9,"custom_model_data":10026},"model":"lunar_studios:ia_auto_gen/forest_king_boots"},{"predicate":{"trim_type":1.0,"custom_model_data":10026},"model":"lunar_studios:ia_auto_gen/forest_king_boots"},{"predicate":{"custom_model_data":10027},"model":"saintpatricksset:ia_auto_gen/saintpatrickboots"},{"predicate":{"trim_type":0.1,"custom_model_data":10027},"model":"saintpatricksset:ia_auto_gen/saintpatrickboots"},{"predicate":{"trim_type":0.2,"custom_model_data":10027},"model":"saintpatricksset:ia_auto_gen/saintpatrickboots"},{"predicate":{"trim_type":0.3,"custom_model_data":10027},"model":"saintpatricksset:ia_auto_gen/saintpatrickboots"},{"predicate":{"trim_type":0.4,"custom_model_data":10027},"model":"saintpatricksset:ia_auto_gen/saintpatrickboots"},{"predicate":{"trim_type":0.5,"custom_model_data":10027},"model":"saintpatricksset:ia_auto_gen/saintpatrickboots"},{"predicate":{"trim_type":0.6,"custom_model_data":10027},"model":"saintpatricksset:ia_auto_gen/saintpatrickboots"},{"predicate":{"trim_type":0.7,"custom_model_data":10027},"model":"saintpatricksset:ia_auto_gen/saintpatrickboots"},{"predicate":{"trim_type":0.8,"custom_model_data":10027},"model":"saintpatricksset:ia_auto_gen/saintpatrickboots"},{"predicate":{"trim_type":0.9,"custom_model_data":10027},"model":"saintpatricksset:ia_auto_gen/saintpatrickboots"},{"predicate":{"trim_type":1.0,"custom_model_data":10027},"model":"saintpatricksset:ia_auto_gen/saintpatrickboots"},{"predicate":{"custom_model_data":10028},"model":"littleduckset:ia_auto_gen/littleduckboots"},{"predicate":{"trim_type":0.1,"custom_model_data":10028},"model":"littleduckset:ia_auto_gen/littleduckboots"},{"predicate":{"trim_type":0.2,"custom_model_data":10028},"model":"littleduckset:ia_auto_gen/littleduckboots"},{"predicate":{"trim_type":0.3,"custom_model_data":10028},"model":"littleduckset:ia_auto_gen/littleduckboots"},{"predicate":{"trim_type":0.4,"custom_model_data":10028},"model":"littleduckset:ia_auto_gen/littleduckboots"},{"predicate":{"trim_type":0.5,"custom_model_data":10028},"model":"littleduckset:ia_auto_gen/littleduckboots"},{"predicate":{"trim_type":0.6,"custom_model_data":10028},"model":"littleduckset:ia_auto_gen/littleduckboots"},{"predicate":{"trim_type":0.7,"custom_model_data":10028},"model":"littleduckset:ia_auto_gen/littleduckboots"},{"predicate":{"trim_type":0.8,"custom_model_data":10028},"model":"littleduckset:ia_auto_gen/littleduckboots"},{"predicate":{"trim_type":0.9,"custom_model_data":10028},"model":"littleduckset:ia_auto_gen/littleduckboots"},{"predicate":{"trim_type":1.0,"custom_model_data":10028},"model":"littleduckset:ia_auto_gen/littleduckboots"},{"predicate":{"custom_model_data":10029},"model":"discordnitroset:ia_auto_gen/discordnitroboots"},{"predicate":{"trim_type":0.1,"custom_model_data":10029},"model":"discordnitroset:ia_auto_gen/discordnitroboots"},{"predicate":{"trim_type":0.2,"custom_model_data":10029},"model":"discordnitroset:ia_auto_gen/discordnitroboots"},{"predicate":{"trim_type":0.3,"custom_model_data":10029},"model":"discordnitroset:ia_auto_gen/discordnitroboots"},{"predicate":{"trim_type":0.4,"custom_model_data":10029},"model":"discordnitroset:ia_auto_gen/discordnitroboots"},{"predicate":{"trim_type":0.5,"custom_model_data":10029},"model":"discordnitroset:ia_auto_gen/discordnitroboots"},{"predicate":{"trim_type":0.6,"custom_model_data":10029},"model":"discordnitroset:ia_auto_gen/discordnitroboots"},{"predicate":{"trim_type":0.7,"custom_model_data":10029},"model":"discordnitroset:ia_auto_gen/discordnitroboots"},{"predicate":{"trim_type":0.8,"custom_model_data":10029},"model":"discordnitroset:ia_auto_gen/discordnitroboots"},{"predicate":{"trim_type":0.9,"custom_model_data":10029},"model":"discordnitroset:ia_auto_gen/discordnitroboots"},{"predicate":{"trim_type":1.0,"custom_model_data":10029},"model":"discordnitroset:ia_auto_gen/discordnitroboots"},{"predicate":{"custom_model_data":10030},"model":"item/leather_boots"}],"textures":{"layer0":"minecraft:item/leather_boots","layer1":"minecraft:item/leather_boots_overlay"}}