{"parent":"minecraft:item/handheld","textures":{"layer0":"minecraft:item/netherite_axe"},"overrides":[{"predicate":{"custom_model_data":10000},"model":"beatsset:axe"},{"predicate":{"custom_model_data":10001},"model":"akiraset:item/axe"},{"predicate":{"custom_model_data":10002},"model":"easter2024set:axe"},{"predicate":{"custom_model_data":10003},"model":"evergreenset:axe"},{"predicate":{"custom_model_data":10004},"model":"arcanistset:axe"},{"predicate":{"custom_model_data":10005},"model":"ufoset:axe"},{"predicate":{"custom_model_data":10006},"model":"lunarset:axe"},{"predicate":{"custom_model_data":10007},"model":"littlepandaset:axe"},{"predicate":{"custom_model_data":10008},"model":"infernoset:axe"},{"predicate":{"custom_model_data":10009},"model":"winterset:axe"},{"predicate":{"custom_model_data":10010},"model":"fiendskullset:axe"},{"predicate":{"custom_model_data":10011},"model":"dragonsoulset:axe"},{"predicate":{"custom_model_data":10012},"model":"elitecreatures:seaturtle_animated_weapon_set/axe"},{"predicate":{"custom_model_data":10013},"model":"space_blue_pack:axe"},{"predicate":{"custom_model_data":10014},"model":"royal_crystal:axe"},{"predicate":{"custom_model_data":10015},"model":"space_purple_pack:axe"},{"predicate":{"custom_model_data":10016},"model":"elitecreatures:skeleton_overlord_animated_weapon_set/axe"},{"predicate":{"custom_model_data":10017},"model":"lightning_powerset:axe"},{"predicate":{"custom_model_data":10018},"model":"space_green_pack:axe"},{"predicate":{"custom_model_data":10019},"model":"cosmo_pack:axe"},{"predicate":{"custom_model_data":10020},"model":"littlepenguinset:axe"},{"predicate":{"custom_model_data":10021},"model":"littleduckset:axe"},{"predicate":{"custom_model_data":10022},"model":"independenceset:axe"},{"predicate":{"custom_model_data":10023},"model":"littleteddybearset:axe"},{"predicate":{"custom_model_data":10024},"model":"discordnitroset:axe"},{"predicate":{"custom_model_data":10025},"model":"littlesharkset:axe"},{"predicate":{"custom_model_data":10026},"model":"littlebunnyset:axe"},{"predicate":{"custom_model_data":10027},"model":"saintpatricksset:axe"},{"predicate":{"custom_model_data":10028},"model":"item/netherite_axe"}]}