{"parent":"minecraft:item/generated","textures":{"layer0":"minecraft:item/paper"},"overrides":[{"predicate":{"custom_model_data":10000},"model":"beatsset:key"},{"predicate":{"custom_model_data":10001},"model":"beatsset:wings"},{"predicate":{"custom_model_data":10002},"model":"beatsset:helmet"},{"predicate":{"custom_model_data":10003},"model":"akiraset:item/helmet"},{"predicate":{"custom_model_data":10004},"model":"akiraset:item/key"},{"predicate":{"custom_model_data":10005},"model":"akiraset:item/wings"},{"predicate":{"custom_model_data":10006},"model":"easter2024set:backpack"},{"predicate":{"custom_model_data":10007},"model":"easter2024set:easter_helmet"},{"predicate":{"custom_model_data":10008},"model":"easter2024set:key"},{"predicate":{"custom_model_data":10009},"model":"easter2024set:wings"},{"predicate":{"custom_model_data":10010},"model":"evergreenset:chest"},{"predicate":{"custom_model_data":10011},"model":"evergreenset:chest_opening"},{"predicate":{"custom_model_data":10012},"model":"evergreenset:crown"},{"predicate":{"custom_model_data":10013},"model":"evergreenset:key"},{"predicate":{"custom_model_data":10014},"model":"evergreenset:wings"},{"predicate":{"custom_model_data":10015},"model":"protocalset:key"},{"predicate":{"custom_model_data":10016},"model":"protocalset:wings"},{"predicate":{"custom_model_data":10017},"model":"protocalset:helmet"},{"predicate":{"custom_model_data":10018},"model":"arcanistset:helmet"},{"predicate":{"custom_model_data":10019},"model":"arcanistset:key"},{"predicate":{"custom_model_data":10020},"model":"arcanistset:wings"},{"predicate":{"custom_model_data":10021},"model":"arcanistset:backpack"},{"predicate":{"custom_model_data":10022},"model":"ufoset:key"},{"predicate":{"custom_model_data":10023},"model":"ufoset:backpack"},{"predicate":{"custom_model_data":10024},"model":"ufoset:helmet"},{"predicate":{"custom_model_data":10025},"model":"ufoset:backpack"},{"predicate":{"custom_model_data":10026},"model":"ufoset:ufo_cosmetics"},{"predicate":{"custom_model_data":10027},"model":"_iainternal:ia_auto_gen/icon_left_blue"},{"predicate":{"custom_model_data":10028},"model":"_iainternal:ia_auto_gen/icon_right_blue"},{"predicate":{"custom_model_data":10029},"model":"_iainternal:ia_auto_gen/icon_search"},{"predicate":{"custom_model_data":10030},"model":"_iainternal:ia_auto_gen/icon_cancel"},{"predicate":{"custom_model_data":10031},"model":"_iainternal:ia_auto_gen/icon_arrow_chest"},{"predicate":{"custom_model_data":10032},"model":"_iainternal:ia_auto_gen/icon_back_orange"},{"predicate":{"custom_model_data":10033},"model":"_iainternal:ia_auto_gen/icon_next_orange"},{"predicate":{"custom_model_data":10034},"model":"lunarset:chest"},{"predicate":{"custom_model_data":10035},"model":"lunarset:chest_opening"},{"predicate":{"custom_model_data":10036},"model":"lunarset:helmet"},{"predicate":{"custom_model_data":10037},"model":"lunarset:key"},{"predicate":{"custom_model_data":10038},"model":"lunarset:tail"},{"predicate":{"custom_model_data":10058},"model":"infernoset:key"},{"predicate":{"custom_model_data":10059},"model":"infernoset:backpack"},{"predicate":{"custom_model_data":10060},"model":"infernoset:wings"},{"predicate":{"custom_model_data":10061},"model":"infernoset:helmet"},{"predicate":{"custom_model_data":10062},"model":"winterset:backpack"},{"predicate":{"custom_model_data":10063},"model":"winterset:wings"},{"predicate":{"custom_model_data":10064},"model":"winterset:helmet"},{"predicate":{"custom_model_data":10067},"model":"fiendskullset:key"},{"predicate":{"custom_model_data":10068},"model":"fiendskullset:backpack"},{"predicate":{"custom_model_data":10069},"model":"fiendskullset:cape"},{"predicate":{"custom_model_data":10070},"model":"fiendskullset:helmet"},{"predicate":{"custom_model_data":10076},"model":"littlepandaset:panda_head"},{"predicate":{"custom_model_data":10077},"model":"littlepandaset:panda_hood"},{"predicate":{"custom_model_data":10079},"model":"littlepandaset:backpack"},{"predicate":{"custom_model_data":10080},"model":"littlepandaset:bamboo_backpack"},{"predicate":{"custom_model_data":10081},"model":"littlesharkset:flag"},{"predicate":{"custom_model_data":10083},"model":"littlesharkset:hat"},{"predicate":{"custom_model_data":10084},"model":"littlesharkset:backpack"},{"predicate":{"custom_model_data":10085},"model":"littlesharkset:backpack_2"},{"predicate":{"custom_model_data":10086},"model":"littlesharkset:tail"},{"predicate":{"custom_model_data":10087},"model":"sweetheartset:helmet"},{"predicate":{"custom_model_data":10088},"model":"sweetheartset:key"},{"predicate":{"custom_model_data":10089},"model":"sweetheartset:wings"},{"predicate":{"custom_model_data":10090},"model":"dragonsoulset:helmet"},{"predicate":{"custom_model_data":10091},"model":"dragonsoulset:key"},{"predicate":{"custom_model_data":10092},"model":"dragonsoulset:wings"},{"predicate":{"custom_model_data":10093},"model":"elitecreatures:seaturtle_animated_weapon_set/hat_1"},{"predicate":{"custom_model_data":10094},"model":"elitecreatures:seaturtle_animated_weapon_set/hat_2"},{"predicate":{"custom_model_data":10095},"model":"elitecreatures:seaturtle_animated_weapon_set/wing"},{"predicate":{"custom_model_data":10096},"model":"space_blue_pack:wings"},{"predicate":{"custom_model_data":10097},"model":"royal_crystal:wings"},{"predicate":{"custom_model_data":10098},"model":"space_purple_pack:wings"},{"predicate":{"custom_model_data":10099},"model":"elitecreatures:skeleton_overlord_animated_weapon_set/wing"},{"predicate":{"custom_model_data":10100},"model":"lightning_powerset:backpack"},{"predicate":{"custom_model_data":10101},"model":"lightning_powerset:3dhelmet"},{"predicate":{"custom_model_data":10102},"model":"lightning_powerset:wings"},{"predicate":{"custom_model_data":10103},"model":"space_green_pack:wings"},{"predicate":{"custom_model_data":10104},"model":"cosmo_pack:wings"},{"predicate":{"custom_model_data":10105},"model":"littlepenguinset:backpack"},{"predicate":{"custom_model_data":10106},"model":"littlepenguinset:flag"},{"predicate":{"custom_model_data":10107},"model":"littlepenguinset:hood"},{"predicate":{"custom_model_data":10108},"model":"littlepenguinset:penguin"},{"predicate":{"custom_model_data":10109},"model":"littlepenguinset:swim_tube"},{"predicate":{"custom_model_data":10110},"model":"lunar_studios:enderkariz/king_forest/forest_helmet"},{"predicate":{"custom_model_data":10111},"model":"littleduckset:backpack"},{"predicate":{"custom_model_data":10112},"model":"littleduckset:frag"},{"predicate":{"custom_model_data":10113},"model":"littleduckset:hood"},{"predicate":{"custom_model_data":10114},"model":"littleduckset:littleduck"},{"predicate":{"custom_model_data":10115},"model":"littleteddybearset:backpack"},{"predicate":{"custom_model_data":10116},"model":"littleteddybearset:flag"},{"predicate":{"custom_model_data":10117},"model":"littleteddybearset:hood"},{"predicate":{"custom_model_data":10118},"model":"littleteddybearset:teddybear"},{"predicate":{"custom_model_data":10119},"model":"littleteddybearset:swim_tube"},{"predicate":{"custom_model_data":10120},"model":"discordnitroset:helmet"},{"predicate":{"custom_model_data":10121},"model":"discordnitroset:wings"},{"predicate":{"custom_model_data":10122},"model":"littlebunnyset:bunny_hood"},{"predicate":{"custom_model_data":10123},"model":"littlebunnyset:bunny_glove"},{"predicate":{"custom_model_data":10124},"model":"littlebunnyset:backpack"},{"predicate":{"custom_model_data":10125},"model":"littlebunnyset:little_bunny"},{"predicate":{"custom_model_data":10126},"model":"littlebunnyset:flag"},{"predicate":{"custom_model_data":10127},"model":"saintpatricksset:wings"},{"predicate":{"custom_model_data":10128},"model":"saintpatricksset:helmet"},{"predicate":{"custom_model_data":10129},"model":"item/paper"}]}