{"parent":"minecraft:block/sea_lantern","overrides":[{"predicate":{"custom_model_data":10000},"model":"beatsset:chest"},{"predicate":{"custom_model_data":10001},"model":"beatsset:chest_opening"},{"predicate":{"custom_model_data":10002},"model":"akiraset:item/chest"},{"predicate":{"custom_model_data":10003},"model":"akiraset:item/chest_opening"},{"predicate":{"custom_model_data":10004},"model":"easter2024set:chest"},{"predicate":{"custom_model_data":10005},"model":"protocalset:chest"},{"predicate":{"custom_model_data":10006},"model":"protocalset:chest_opening"},{"predicate":{"custom_model_data":10007},"model":"arcanistset:chest"},{"predicate":{"custom_model_data":10008},"model":"ufoset:chest"},{"predicate":{"custom_model_data":10009},"model":"infernoset:chest"},{"predicate":{"custom_model_data":10010},"model":"winterset:chest"},{"predicate":{"custom_model_data":10011},"model":"fiendskullset:chest"},{"predicate":{"custom_model_data":10016},"model":"sweetheartset:chest"},{"predicate":{"custom_model_data":10017},"model":"sweetheartset:chest_opening"},{"predicate":{"custom_model_data":10018},"model":"dragonsoulset:chest"},{"predicate":{"custom_model_data":10019},"model":"dragonsoulset:chest_opening"},{"predicate":{"custom_model_data":10020},"model":"item/sea_lantern"}]}