{"credit":"Polygony Creation Co.,Ltd.","texture_size":[8,8],"textures":{"1":"lightning_powerset:shovel","2":"lightning_powerset:animations/animations_2","particle":"lightning_powerset:animations/animations_2"},"elements":[{"from":[7.25,0,8.25],"to":[8.75,1.5,9.75],"rotation":{"angle":-45,"axis":"x","origin":[7.25,-0.25,8]},"faces":{"north":{"uv":[2.66667,8.66667,3.66667,9.66667],"texture":"#1"},"east":{"uv":[8.66667,2.66667,9.66667,3.66667],"texture":"#1"},"south":{"uv":[4,8.66667,5,9.66667],"texture":"#1"},"west":{"uv":[5.33333,8.66667,6.33333,9.66667],"texture":"#1"},"up":{"uv":[9.66667,7,8.66667,6],"texture":"#1"},"down":{"uv":[9.66667,7.33333,8.66667,8.33333],"texture":"#1"}}},{"from":[7.5,1.57843,7.5],"to":[8.5,3.57843,8.5],"rotation":{"angle":0,"axis":"y","origin":[7.5,2.57843,7.5]},"faces":{"north":{"uv":[9.33333,10,10,11.33333],"texture":"#1"},"east":{"uv":[10,10,10.66667,11.33333],"texture":"#1"},"south":{"uv":[10.66667,0,11.33333,1.33333],"texture":"#1"},"west":{"uv":[10.66667,4,11.33333,5.33333],"texture":"#1"},"up":{"uv":[3.33333,5.33333,2.66667,4.66667],"texture":"#1"}}},{"from":[7.6,3.57843,7.6],"to":[8.4,5.57843,8.4],"rotation":{"angle":0,"axis":"y","origin":[7.5,4.57843,7.5]},"faces":{"north":{"uv":[6.66667,10.66667,7.33333,12],"texture":"#1"},"east":{"uv":[7.33333,10.66667,8,12],"texture":"#1"},"south":{"uv":[10.66667,10,11.33333,11.33333],"texture":"#1"},"west":{"uv":[0,11.33333,0.66667,12.66667],"texture":"#1"}}},{"from":[7.5,5.57843,7.5],"to":[8.5,7.57843,8.5],"rotation":{"angle":0,"axis":"y","origin":[7.5,2.57843,7.5]},"faces":{"north":{"uv":[11.33333,0,12,1.33333],"texture":"#1"},"east":{"uv":[0.66667,11.33333,1.33333,12.66667],"texture":"#1"},"south":{"uv":[1.33333,11.33333,2,12.66667],"texture":"#1"},"west":{"uv":[11.33333,1.33333,12,2.66667],"texture":"#1"},"down":{"uv":[7.33333,6,6.66667,6.66667],"texture":"#1"}}},{"from":[7.5,16.32843,4.5],"to":[8.5,17.32843,5.5],"rotation":{"angle":45,"axis":"x","origin":[8,14.82843,3.5]},"faces":{"north":{"uv":[4.66667,7.33333,5.33333,8],"texture":"#1"},"east":{"uv":[6.66667,8.66667,7.33333,9.33333],"texture":"#1"},"west":{"uv":[8,9.33333,8.66667,10],"texture":"#1"},"up":{"uv":[12.66667,4,12,3.33333],"texture":"#1"},"down":{"uv":[6,12,5.33333,12.66667],"texture":"#1"}}},{"from":[7.6,15.28909,5.11777],"to":[8.4,16.08909,5.91777],"rotation":{"angle":-22.5,"axis":"x","origin":[8,15.78909,5.51777]},"faces":{"north":{"uv":[6,12,6.66667,12.66667],"texture":"#1"},"east":{"uv":[12,6,12.66667,6.66667],"texture":"#1"},"south":{"uv":[6.66667,12,7.33333,12.66667],"texture":"#1"},"west":{"uv":[12,6.66667,12.66667,7.33333],"texture":"#1"},"up":{"uv":[8,12.66667,7.33333,12],"texture":"#1"}}},{"from":[7.35,2.07843,7.35],"to":[8.65,2.57843,8.65],"rotation":{"angle":0,"axis":"y","origin":[7.5,2.07843,7.5]},"faces":{"north":{"uv":[1.33333,12.66667,2.33333,13],"texture":"#1"},"east":{"uv":[12.66667,2,13.66667,2.33333],"texture":"#1"},"south":{"uv":[2.66667,12.66667,3.66667,13],"texture":"#1"},"west":{"uv":[12.66667,2.66667,13.66667,3],"texture":"#1"},"up":{"uv":[9.66667,9.66667,8.66667,8.66667],"texture":"#1"},"down":{"uv":[10.33333,4.66667,9.33333,5.66667],"texture":"#1"}}},{"from":[7.35,6.57843,7.35],"to":[8.65,7.07843,8.65],"rotation":{"angle":0,"axis":"y","origin":[7.5,6.57843,7.5]},"faces":{"north":{"uv":[12.66667,3.33333,13.66667,3.66667],"texture":"#1"},"east":{"uv":[5.33333,12.66667,6.33333,13],"texture":"#1"},"south":{"uv":[12.66667,6,13.66667,6.33333],"texture":"#1"},"west":{"uv":[6.66667,12.66667,7.66667,13],"texture":"#1"},"up":{"uv":[7.66667,10.33333,6.66667,9.33333],"texture":"#1"},"down":{"uv":[1,10,0,11],"texture":"#1"}}},{"from":[7.35,11.57843,7.35],"to":[8.65,12.07843,8.65],"rotation":{"angle":0,"axis":"y","origin":[7.5,11.57843,7.5]},"faces":{"north":{"uv":[12.66667,6.66667,13.66667,7],"texture":"#1"},"east":{"uv":[12.66667,7.33333,13.66667,7.66667],"texture":"#1"},"south":{"uv":[12.66667,8,13.66667,8.33333],"texture":"#1"},"west":{"uv":[12.66667,8.66667,13.66667,9],"texture":"#1"},"up":{"uv":[2.33333,11,1.33333,10],"texture":"#1"},"down":{"uv":[11,1.33333,10,2.33333],"texture":"#1"}}},{"from":[7.5,10.57843,7.5],"to":[8.5,12.57843,8.5],"rotation":{"angle":0,"axis":"y","origin":[7.5,7.57843,7.5]},"faces":{"north":{"uv":[2,11.33333,2.66667,12.66667],"texture":"#1"},"east":{"uv":[2.66667,11.33333,3.33333,12.66667],"texture":"#1"},"south":{"uv":[11.33333,2.66667,12,4],"texture":"#1"},"west":{"uv":[3.33333,11.33333,4,12.66667],"texture":"#1"},"down":{"uv":[12.66667,7.33333,12,8],"texture":"#1"}}},{"from":[7.2,12.72843,7.9],"to":[8.8,14.92843,10.1],"rotation":{"angle":-45,"axis":"x","origin":[8.5,12.82843,8]},"faces":{"north":{"uv":[8,4.66667,9,6],"texture":"#1"},"east":{"uv":[5.33333,4,6.66667,5.33333],"texture":"#1"},"south":{"uv":[7.33333,8,8.33333,9.33333],"texture":"#1"},"west":{"uv":[5.33333,5.33333,6.66667,6.66667],"texture":"#1"},"up":{"uv":[2.33333,10,1.33333,8.66667],"texture":"#1"},"down":{"uv":[9.66667,1.33333,8.66667,2.66667],"texture":"#1"}}},{"from":[7.45,11.97843,8.15],"to":[8.55,13.67843,9.85],"rotation":{"angle":-45,"axis":"x","origin":[8.5,11.82843,8]},"faces":{"north":{"uv":[12,0.66667,12.66667,1.66667],"texture":"#1"},"east":{"uv":[2.66667,10,3.66667,11],"texture":"#1"},"south":{"uv":[12,2,12.66667,3],"texture":"#1"},"west":{"uv":[10,2.66667,11,3.66667],"texture":"#1"},"up":{"uv":[4.66667,13,4,12],"texture":"#1"},"down":{"uv":[5.33333,12,4.66667,13],"texture":"#1"}}},{"from":[7.25,13.25,5.75],"to":[8.75,14.75,8],"rotation":{"angle":-22.5,"axis":"x","origin":[7.5,13.25,5.75]},"faces":{"north":{"uv":[4,10,5,11],"texture":"#1"},"east":{"uv":[6.66667,1.33333,8.33333,2.33333],"texture":"#1"},"south":{"uv":[5.33333,10,6.33333,11],"texture":"#1"},"west":{"uv":[6.66667,2.66667,8.33333,3.66667],"texture":"#1"},"up":{"uv":[2.33333,8.33333,1.33333,6.66667],"texture":"#1"},"down":{"uv":[7.66667,4,6.66667,5.66667],"texture":"#1"}}},{"from":[7.25,13.25,8],"to":[8.75,14.75,10.25],"rotation":{"angle":22.5,"axis":"x","origin":[7.5,13.25,10.25]},"faces":{"north":{"uv":[10,6,11,7],"texture":"#1"},"east":{"uv":[5.33333,6.66667,7,7.66667],"texture":"#1"},"south":{"uv":[10,7.33333,11,8.33333],"texture":"#1"},"west":{"uv":[2.66667,7.33333,4.33333,8.33333],"texture":"#1"},"up":{"uv":[8.33333,7.66667,7.33333,6],"texture":"#1"},"down":{"uv":[1,8,0,9.66667],"texture":"#1"}}},{"from":[7.5,16.32843,10.5],"to":[8.5,17.32843,11.5],"rotation":{"angle":-45,"axis":"x","origin":[8,14.82843,12.5]},"faces":{"east":{"uv":[12,8,12.66667,8.66667],"texture":"#1"},"south":{"uv":[12,8.66667,12.66667,9.33333],"texture":"#1"},"west":{"uv":[9.33333,12,10,12.66667],"texture":"#1"},"up":{"uv":[12.66667,10,12,9.33333],"texture":"#1"},"down":{"uv":[10.66667,12,10,12.66667],"texture":"#1"}}},{"from":[7.6,15.28909,10.08223],"to":[8.4,16.08909,10.88223],"rotation":{"angle":22.5,"axis":"x","origin":[8,15.78909,10.48223]},"faces":{"north":{"uv":[12,10,12.66667,10.66667],"texture":"#1"},"east":{"uv":[10.66667,12,11.33333,12.66667],"texture":"#1"},"south":{"uv":[12,10.66667,12.66667,11.33333],"texture":"#1"},"west":{"uv":[11.33333,12,12,12.66667],"texture":"#1"},"up":{"uv":[12.66667,12,12,11.33333],"texture":"#1"}}},{"from":[6.375,13.71231,5.91404],"to":[9.625,14.46231,6.66404],"rotation":{"angle":-45,"axis":"x","origin":[6.375,13.71231,5.91404]},"faces":{"north":{"uv":[11.33333,4,13.66667,4.33333],"texture":"#1"},"east":{"uv":[9.33333,12.66667,10,13],"texture":"#1"},"south":{"uv":[11.33333,4.66667,13.66667,5],"texture":"#1"},"west":{"uv":[12.66667,9.33333,13.33333,9.66667],"texture":"#1"},"up":{"uv":[10.33333,0.66667,8,0],"texture":"#1"},"down":{"uv":[10.33333,0.66667,8,1.33333],"texture":"#1"}}},{"from":[6.93033,13.96231,6],"to":[7.43033,14.46231,10],"rotation":{"angle":45,"axis":"z","origin":[6.93033,13.71231,6]},"faces":{"north":{"uv":[10.66667,12.66667,11,13],"texture":"#1"},"east":{"uv":[10.66667,5.33333,13.33333,5.66667],"texture":"#1"},"south":{"uv":[12.66667,10.66667,13,11],"texture":"#1"},"west":{"uv":[4,11.33333,6.66667,11.66667],"texture":"#1"},"up":{"uv":[11.66667,8.66667,11.33333,6],"texture":"#1"},"down":{"uv":[8.33333,11.33333,8,14],"texture":"#1"}}},{"from":[6.375,13.71231,9.33596],"to":[9.625,14.46231,10.08596],"rotation":{"angle":45,"axis":"x","origin":[6.375,13.71231,10.08596]},"faces":{"north":{"uv":[9.33333,11.33333,11.66667,11.66667],"texture":"#1"},"east":{"uv":[10,12.66667,10.66667,13],"texture":"#1"},"south":{"uv":[12,0,14.33333,0.33333],"texture":"#1"},"west":{"uv":[12.66667,10,13.33333,10.33333],"texture":"#1"},"up":{"uv":[10.33333,4.66667,8,4],"texture":"#1"},"down":{"uv":[7,8,4.66667,8.66667],"texture":"#1"}}},{"from":[8,7.57843,6.93934],"to":[9.5,10.57843,8.43934],"rotation":{"angle":-45,"axis":"y","origin":[8,8.07843,6.93934]},"faces":{"north":{"uv":[5.33333,0,6.33333,2],"texture":"#1"},"east":{"uv":[5.33333,2,6.33333,4],"texture":"#1"},"south":{"uv":[2.66667,5.33333,3.66667,7.33333],"texture":"#1"},"west":{"uv":[4,5.33333,5,7.33333],"texture":"#1"},"up":{"uv":[9,11,8,10],"texture":"#1"},"down":{"uv":[11,8.66667,10,9.66667],"texture":"#1"}}},{"from":[6.737,10.91409,6.25],"to":[6.767,13.91409,9.75],"rotation":{"angle":0,"axis":"y","origin":[6.75355,6.91409,5.5]},"faces":{"east":{"uv":[3.66667,13.33333,1.33333,15.33333],"texture":"#1"},"west":{"uv":[1.33333,13.33333,3.66667,15.33333],"texture":"#1"}}},{"from":[9.233,10.91409,6.25],"to":[9.263,13.91409,9.75],"rotation":{"angle":0,"axis":"y","origin":[9.24645,6.91409,5.5]},"faces":{"east":{"uv":[3.66667,13.33333,1.33333,15.33333],"texture":"#1"},"west":{"uv":[1.33333,13.33333,3.66667,15.33333],"texture":"#1"}}},{"from":[8.56967,13.96231,6],"to":[9.06967,14.46231,10],"rotation":{"angle":-45,"axis":"z","origin":[9.06967,13.71231,6]},"faces":{"north":{"uv":[11,12.66667,10.66667,13],"texture":"#1"},"east":{"uv":[6.66667,11.33333,4,11.66667],"texture":"#1"},"south":{"uv":[13,10.66667,12.66667,11],"texture":"#1"},"west":{"uv":[13.33333,5.33333,10.66667,5.66667],"texture":"#1"},"up":{"uv":[11.33333,8.66667,11.66667,6],"texture":"#1"},"down":{"uv":[8,11.33333,8.33333,14],"texture":"#1"}}},{"from":[7.75,15,6.5],"to":[8.25,19,9.5],"rotation":{"angle":0,"axis":"y","origin":[7.75,0,6]},"faces":{"north":{"uv":[8.66667,11.33333,9,14],"texture":"#1"},"east":{"uv":[3.33333,0,5.33333,2.66667],"texture":"#1"},"south":{"uv":[11.33333,8.66667,11.66667,11.33333],"texture":"#1"},"west":{"uv":[3.33333,2.66667,5.33333,5.33333],"texture":"#1"}}},{"from":[7.7475,18.01138,9.23744],"to":[8.2525,20.13438,11.36044],"rotation":{"angle":-45,"axis":"x","origin":[7.7475,16.26138,9.23744]},"faces":{"north":{"uv":[12,12,12.33333,13.33333],"texture":"#1"},"east":{"uv":[0,6.66667,1.33333,8],"texture":"#1"},"south":{"uv":[0,12.66667,0.33333,14],"texture":"#1"},"west":{"uv":[6.66667,0,8,1.33333],"texture":"#1"},"up":{"uv":[1,14,0.66667,12.66667],"texture":"#1"},"down":{"uv":[13,0.66667,12.66667,2],"texture":"#1"}}},{"from":[7.985,15,5.5],"to":[8.015,22,10.5],"rotation":{"angle":0,"axis":"y","origin":[7.985,15,5]},"faces":{"east":{"uv":[3.33333,0,0,4.66667],"texture":"#1"},"west":{"uv":[0,0,3.33333,4.66667],"texture":"#1"}}},{"from":[7.985,21.5,6.5],"to":[7.995,23.5,9.5],"rotation":{"angle":0,"axis":"x","origin":[7.99,23,7]},"faces":{"east":{"uv":[0,7,6,11],"texture":"#2"},"west":{"uv":[6,7,0,11],"texture":"#2"}}},{"from":[7.995,16.48578,9],"to":[8.005,21.48578,12],"rotation":{"angle":0,"axis":"x","origin":[8,23.83578,3]},"faces":{"east":{"uv":[10,0,0,6],"rotation":270,"texture":"#2"},"west":{"uv":[0,0,10,6],"rotation":90,"texture":"#2"}}},{"from":[7.995,16.5,4.5],"to":[8.005,18.5,5.5],"rotation":{"angle":0,"axis":"x","origin":[8.045,16,0]},"faces":{"east":{"uv":[11,2,15,0],"rotation":270,"texture":"#2"},"west":{"uv":[15,2,11,0],"rotation":90,"texture":"#2"}}}],"gui_light":"front","display":{"thirdperson_righthand":{"translation":[0,1.5,1]},"thirdperson_lefthand":{"translation":[0,1.5,1]},"firstperson_righthand":{"rotation":[-10,0,0],"translation":[2.75,1,-0.75]},"firstperson_lefthand":{"rotation":[-10,0,0],"translation":[2.75,1,-0.75]},"ground":{"rotation":[-45,0,0],"translation":[0,5,0],"scale":[0.7,0.7,0.7]},"gui":{"rotation":[-90,45,90],"translation":[1.75,-2,0],"scale":[0.7,0.7,0.7]},"head":{"rotation":[0,-90,0]},"fixed":{"rotation":[0,-90,0],"translation":[0,0,-2.25],"scale":[2,2,2]}}}