{"credit":"Polygony Creation Co.,Ltd.","texture_size":[8,8],"textures":{"1":"lightning_powerset:animations/animations_2","2":"lightning_powerset:wings","particle":"lightning_powerset:animations/animations_2"},"elements":[{"from":[6,5.61118,7],"to":[10,9.61118,9],"rotation":{"angle":45,"axis":"z","origin":[8,7.61118,7.5]},"faces":{"north":{"uv":[10.75,0.25,12.75,2.25],"texture":"#2"},"east":{"uv":[12.25,4.25,13.25,6.25],"texture":"#2"},"south":{"uv":[10.75,2.25,12.75,4.25],"texture":"#2"},"west":{"uv":[12.25,6.25,13.25,8.25],"texture":"#2"},"up":{"uv":[14.25,9.25,12.25,8.25],"texture":"#2"},"down":{"uv":[14.25,9.25,12.25,10.25],"texture":"#2"}}},{"from":[6.5,6.11118,6.5],"to":[9.5,9.11118,9.5],"rotation":{"angle":45,"axis":"z","origin":[8,7.61118,7.5]},"faces":{"north":{"uv":[10.75,4.25,12.25,5.75],"texture":"#2"},"east":{"uv":[10.75,5.75,12.25,7.25],"texture":"#2"},"south":{"uv":[10.75,7.25,12.25,8.75],"texture":"#2"},"west":{"uv":[10.75,8.75,12.25,10.25],"texture":"#2"},"up":{"uv":[12.25,11.75,10.75,10.25],"texture":"#2"},"down":{"uv":[12.25,11.75,10.75,13.25],"texture":"#2"}}},{"from":[6.33579,5.69697,6.25],"to":[7.58579,6.69697,9.75],"rotation":{"angle":45,"axis":"z","origin":[6.58579,6.19697,9]},"faces":{"north":{"uv":[0.75,14.25,1.5,14.75],"texture":"#2"},"east":{"uv":[13.25,7.25,15,7.75],"texture":"#2"},"south":{"uv":[14.25,1.75,15,2.25],"texture":"#2"},"west":{"uv":[13.25,7.75,15,8.25],"texture":"#2"},"up":{"uv":[13.5,2,12.75,0.25],"texture":"#2"},"down":{"uv":[3,12.75,2.25,14.5],"texture":"#2"}}},{"from":[8.41421,5.69697,6.25],"to":[9.66421,6.69697,9.75],"rotation":{"angle":-45,"axis":"z","origin":[9.41421,6.19697,9]},"faces":{"north":{"uv":[14.25,2.25,15,2.75],"texture":"#2"},"east":{"uv":[10.25,13.25,12,13.75],"texture":"#2"},"south":{"uv":[14.25,2.75,15,3.25],"texture":"#2"},"west":{"uv":[12.25,13.25,14,13.75],"texture":"#2"},"up":{"uv":[13.5,4,12.75,2.25],"texture":"#2"},"down":{"uv":[4,12.75,3.25,14.5],"texture":"#2"}}},{"from":[6.33579,8.52539,6.25],"to":[7.58579,9.52539,9.75],"rotation":{"angle":-45,"axis":"z","origin":[6.58579,9.02539,9]},"faces":{"north":{"uv":[14.25,4.25,15,4.75],"texture":"#2"},"east":{"uv":[0.25,13.75,2,14.25],"texture":"#2"},"south":{"uv":[14.25,4.75,15,5.25],"texture":"#2"},"west":{"uv":[13.75,0.25,15.5,0.75],"texture":"#2"},"up":{"uv":[5,14.5,4.25,12.75],"texture":"#2"},"down":{"uv":[6,12.75,5.25,14.5],"texture":"#2"}}},{"from":[8.41421,8.52539,6.25],"to":[9.66421,9.52539,9.75],"rotation":{"angle":45,"axis":"z","origin":[9.41421,9.02539,9]},"faces":{"north":{"uv":[14.25,5.25,15,5.75],"texture":"#2"},"east":{"uv":[13.75,0.75,15.5,1.25],"texture":"#2"},"south":{"uv":[14.25,5.75,15,6.25],"texture":"#2"},"west":{"uv":[13.75,1.25,15.5,1.75],"texture":"#2"},"up":{"uv":[7,14.5,6.25,12.75],"texture":"#2"},"down":{"uv":[8,12.75,7.25,14.5],"texture":"#2"}}},{"from":[2.75,9.36118,7.25],"to":[6.75,10.86118,8.75],"rotation":{"angle":-22.5,"axis":"z","origin":[0.75,9.11118,7]},"faces":{"north":{"uv":[12.25,10.25,14.25,11],"texture":"#2"},"south":{"uv":[12.25,11.25,14.25,12],"texture":"#2"},"west":{"uv":[13.75,3.25,14.5,4],"texture":"#2"},"up":{"uv":[14.25,13,12.25,12.25],"texture":"#2"},"down":{"uv":[2.25,12.75,0.25,13.5],"texture":"#2"}}},{"from":[1.13884,8.45062,7.35],"to":[2.43884,11.45062,8.65],"rotation":{"angle":45,"axis":"z","origin":[1.73884,10.45062,8]},"faces":{"north":{"uv":[8.25,12.75,9,14.25],"texture":"#2"},"east":{"uv":[9.25,12.75,10,14.25],"texture":"#2"},"south":{"uv":[13.25,4.25,14,5.75],"texture":"#2"},"west":{"uv":[13.25,5.75,14,7.25],"texture":"#2"},"up":{"uv":[12.5,14.5,11.75,13.75],"texture":"#2"}}},{"from":[0.03146,10.86802,7.4475],"to":[1.13646,13.41802,8.5525],"rotation":{"angle":22.5,"axis":"z","origin":[0.63396,12.36802,8]},"faces":{"north":{"uv":[13.75,1.75,14.25,3],"texture":"#2"},"east":{"uv":[10.25,13.75,10.75,15],"texture":"#2"},"south":{"uv":[10.75,13.75,11.25,15],"texture":"#2"},"west":{"uv":[11.25,13.75,11.75,15],"texture":"#2"},"up":{"uv":[10.75,13.25,10.25,12.75],"texture":"#2"}}},{"from":[-0.25004,13.11203,7.54695],"to":[0.65606,15.20303,8.45305],"rotation":{"angle":0,"axis":"z","origin":[0.22801,14.38253,8]},"faces":{"north":{"uv":[12.75,13.75,13.25,14.75],"texture":"#2"},"east":{"uv":[13.25,13.75,13.75,14.75],"texture":"#2"},"south":{"uv":[13.75,13.75,14.25,14.75],"texture":"#2"},"west":{"uv":[0.25,14.25,0.75,15.25],"texture":"#2"},"up":{"uv":[2.25,14.75,1.75,14.25],"texture":"#2"}}},{"from":[-0.11004,15.09303,7.64305],"to":[0.60996,16.31303,8.36305],"rotation":{"angle":-22.5,"axis":"z","origin":[-0.11004,15.34303,7.59305]},"faces":{"north":{"uv":[14.25,6.25,14.5,6.75],"texture":"#2"},"east":{"uv":[14.25,6.75,14.5,7.25],"texture":"#2"},"south":{"uv":[8.25,14.25,8.5,14.75],"texture":"#2"},"west":{"uv":[14.25,8.25,14.5,8.75],"texture":"#2"},"up":{"uv":[9,14.5,8.75,14.25],"texture":"#2"}}},{"from":[-15.50032,-5.38882,3.96383],"to":[-9.39642,19.61118,3.96383],"rotation":{"angle":45,"axis":"y","origin":[-0.57612,-2.38882,3.96383]},"faces":{"north":{"uv":[7.25,0,10.25,12.5],"texture":"#2"},"south":{"uv":[10.25,0,7.25,12.5],"texture":"#2"}}},{"from":[-7.47874,-5.38882,6.85203],"to":[-1.72874,19.61118,6.85203],"rotation":{"angle":22.5,"axis":"y","origin":[1.27126,-2.38882,6.85203]},"faces":{"north":{"uv":[4.25,0,7.25,12.5],"texture":"#2"},"south":{"uv":[7.25,0,4.25,12.5],"texture":"#2"}}},{"from":[-1.5,-5.38882,8],"to":[7,19.61118,8],"rotation":{"angle":0,"axis":"y","origin":[0,-2.38882,8]},"faces":{"north":{"uv":[0,0,4.25,12.5],"texture":"#2"},"south":{"uv":[4.25,0,0,12.5],"texture":"#2"}}},{"from":[2.7273,9.2744,7.64652],"to":[7.7273,12.2744,8.15652],"rotation":{"angle":-22.5,"axis":"z","origin":[5.2273,10.7744,7.30152]},"faces":{"north":{"uv":[0,6,10,0],"rotation":180,"texture":"#1"},"south":{"uv":[10,6,0,0],"rotation":180,"texture":"#1"}}},{"from":[-1.25004,13.20303,7.84348],"to":[-0.25004,15.20303,8.35348],"rotation":{"angle":0,"axis":"z","origin":[-0.75004,14.20303,7.59848]},"faces":{"north":{"uv":[15,2,11,0],"rotation":270,"texture":"#1"},"south":{"uv":[11,2,15,0],"rotation":90,"texture":"#1"}}},{"from":[-0.93542,7.50859,7.64653],"to":[2.06458,9.50859,8.15653],"rotation":{"angle":-45,"axis":"z","origin":[1.31458,8.25859,7.40153]},"faces":{"north":{"uv":[6,7,0,11],"rotation":180,"texture":"#1"},"south":{"uv":[0,7,6,11],"rotation":180,"texture":"#1"}}},{"from":[8.2727,9.2744,7.64652],"to":[13.2727,12.2744,8.15652],"rotation":{"angle":22.5,"axis":"z","origin":[10.7727,10.7744,7.30152]},"faces":{"north":{"uv":[10,6,0,0],"rotation":180,"texture":"#1"},"south":{"uv":[0,6,10,0],"rotation":180,"texture":"#1"}}},{"from":[13.93542,7.50859,7.64653],"to":[16.93542,9.50859,8.15653],"rotation":{"angle":45,"axis":"z","origin":[14.68542,8.25859,7.40153]},"faces":{"north":{"uv":[0,7,6,11],"rotation":180,"texture":"#1"},"south":{"uv":[6,7,0,11],"rotation":180,"texture":"#1"}}},{"from":[16.25004,13.20303,7.84348],"to":[17.25004,15.20303,8.35348],"rotation":{"angle":0,"axis":"z","origin":[16.75004,14.20303,7.59848]},"faces":{"north":{"uv":[15,0,11,2],"rotation":270,"texture":"#1"},"south":{"uv":[11,0,15,2],"rotation":90,"texture":"#1"}}},{"from":[9.25,9.36118,7.25],"to":[13.25,10.86118,8.75],"rotation":{"angle":22.5,"axis":"z","origin":[15.25,9.11118,7]},"faces":{"north":{"uv":[14.25,10.25,12.25,11],"texture":"#2"},"east":{"uv":[14.5,3.25,13.75,4],"texture":"#2"},"south":{"uv":[14.25,11.25,12.25,12],"texture":"#2"},"up":{"uv":[12.25,13,14.25,12.25],"texture":"#2"},"down":{"uv":[0.25,12.75,2.25,13.5],"texture":"#2"}}},{"from":[13.56116,8.45062,7.35],"to":[14.86116,11.45062,8.65],"rotation":{"angle":-45,"axis":"z","origin":[14.26116,10.45062,8]},"faces":{"north":{"uv":[9,12.75,8.25,14.25],"texture":"#2"},"east":{"uv":[14,5.75,13.25,7.25],"texture":"#2"},"south":{"uv":[14,4.25,13.25,5.75],"texture":"#2"},"west":{"uv":[10,12.75,9.25,14.25],"texture":"#2"},"up":{"uv":[11.75,14.5,12.5,13.75],"texture":"#2"}}},{"from":[14.86354,10.86802,7.4475],"to":[15.96854,13.41802,8.5525],"rotation":{"angle":-22.5,"axis":"z","origin":[15.36604,12.36802,8]},"faces":{"north":{"uv":[14.25,1.75,13.75,3],"texture":"#2"},"east":{"uv":[11.75,13.75,11.25,15],"texture":"#2"},"south":{"uv":[11.25,13.75,10.75,15],"texture":"#2"},"west":{"uv":[10.75,13.75,10.25,15],"texture":"#2"},"up":{"uv":[10.25,13.25,10.75,12.75],"texture":"#2"}}},{"from":[15.34394,13.11203,7.54695],"to":[16.25004,15.20303,8.45305],"rotation":{"angle":0,"axis":"z","origin":[15.77199,14.38253,8]},"faces":{"north":{"uv":[13.25,13.75,12.75,14.75],"texture":"#2"},"east":{"uv":[0.75,14.25,0.25,15.25],"texture":"#2"},"south":{"uv":[14.25,13.75,13.75,14.75],"texture":"#2"},"west":{"uv":[13.75,13.75,13.25,14.75],"texture":"#2"},"up":{"uv":[1.75,14.75,2.25,14.25],"texture":"#2"}}},{"from":[15.39004,15.09303,7.64305],"to":[16.11004,16.31303,8.36305],"rotation":{"angle":22.5,"axis":"z","origin":[16.11004,15.34303,7.59305]},"faces":{"north":{"uv":[14.5,6.25,14.25,6.75],"texture":"#2"},"east":{"uv":[14.5,8.25,14.25,8.75],"texture":"#2"},"south":{"uv":[8.5,14.25,8.25,14.75],"texture":"#2"},"west":{"uv":[14.5,6.75,14.25,7.25],"texture":"#2"},"up":{"uv":[8.75,14.5,9,14.25],"texture":"#2"}}},{"from":[9,-5.38882,8],"to":[17.5,19.61118,8],"rotation":{"angle":0,"axis":"y","origin":[16,-2.38882,8]},"faces":{"north":{"uv":[4.25,0,0,12.5],"texture":"#2"},"south":{"uv":[0,0,4.25,12.5],"texture":"#2"}}},{"from":[17.72874,-5.38882,6.85203],"to":[23.47874,19.61118,6.85203],"rotation":{"angle":-22.5,"axis":"y","origin":[14.72874,-2.38882,6.85203]},"faces":{"north":{"uv":[7.25,0,4.25,12.5],"texture":"#2"},"south":{"uv":[4.25,0,7.25,12.5],"texture":"#2"}}},{"from":[25.39642,-5.38882,3.96383],"to":[31.50032,19.61118,3.96383],"rotation":{"angle":-45,"axis":"y","origin":[16.57612,-2.38882,3.96383]},"faces":{"north":{"uv":[10.25,0,7.25,12.5],"texture":"#2"},"south":{"uv":[7.25,0,10.25,12.5],"texture":"#2"}}}],"gui_light":"front","display":{"thirdperson_righthand":{"rotation":[-134,0,-180],"scale":[0.5,0.5,0.5]},"thirdperson_lefthand":{"rotation":[68.25,0,0],"translation":[-5.5,-8,9.25]},"firstperson_righthand":{"rotation":[-19.5,180,0],"translation":[-0.25,2.75,2.25],"scale":[0.45508,0.45508,0.45508]},"firstperson_lefthand":{"scale":[0,0,0]},"ground":{"rotation":[-45,0,0],"translation":[0,5,0],"scale":[0.7,0.7,0.7]},"gui":{"rotation":[0,180,0],"scale":[0.49805,0.49805,0.49805]},"head":{"translation":[0,-13.25,8.25],"scale":[1.6,1.6,1.6]},"fixed":{"rotation":[0,180,0],"translation":[0,0,-4.5],"scale":[2,2,2]}}}