{"credit":"Made with Blockbench","textures":{"0":"space_purple_pack:sword","1":"space_purple_pack:boots","2":"space_purple_pack:boots_1","3":"space_purple_pack:wings","4":"space_purple_pack:circle","6":"space_purple_pack:wings_48","7":"space_purple_pack:wings_64","particle":"space_purple_pack:sword"},"elements":[{"from":[5.915,2.62,7.1585],"to":[10.085,6.79,8.8415],"rotation":{"angle":0,"axis":"y","origin":[8,0.13971,8]},"faces":{"north":{"uv":[0,0,16,16],"rotation":270,"texture":"#4"},"south":{"uv":[0,0,16,16],"rotation":90,"texture":"#4"}}},{"from":[12.17701,8.44142,7.65875],"to":[13.08701,9.12392,8.34125],"rotation":{"angle":0,"axis":"z","origin":[11.19456,7.7157,8]},"faces":{"north":{"uv":[12.42857,12.57143,12,12],"rotation":270,"texture":"#0"},"east":{"uv":[9.71429,13,10.14286,12.57143],"texture":"#0"},"south":{"uv":[11.85714,12.57143,11.42857,12],"rotation":90,"texture":"#0"},"west":{"uv":[12.57143,9.14286,13,9.57143],"rotation":180,"texture":"#0"},"up":{"uv":[12.42857,11.42857,12,10.85714],"rotation":90,"texture":"#0"},"down":{"uv":[12.42857,12,12,11.42857],"rotation":90,"texture":"#0"}}},{"from":[11.01071,7.1377,8],"to":[27.01071,23.1377,8],"rotation":{"angle":-22.5,"axis":"y","origin":[12.01071,8.1377,8]},"faces":{"north":{"uv":[0,16,16,0],"rotation":180,"texture":"#7"},"south":{"uv":[16,16,0,0],"rotation":180,"texture":"#7"}}},{"from":[13.74819,6.15489,7.65875],"to":[14.65819,6.83739,8.34125],"rotation":{"angle":-22.5,"axis":"z","origin":[13.47606,6.27908,7.99028]},"faces":{"north":{"uv":[12.42857,12.57143,12,12],"rotation":270,"texture":"#0"},"east":{"uv":[9.71429,13,10.14286,12.57143],"texture":"#0"},"south":{"uv":[11.85714,12.57143,11.42857,12],"rotation":90,"texture":"#0"},"west":{"uv":[12.57143,9.14286,13,9.57143],"rotation":180,"texture":"#0"},"up":{"uv":[12.42857,11.42857,12,10.85714],"rotation":90,"texture":"#0"},"down":{"uv":[12.42857,12,12,11.42857],"rotation":90,"texture":"#0"}}},{"from":[11.78827,5.79894,7.65648],"to":[14.06327,6.48144,8.34353],"rotation":{"angle":22.5,"axis":"z","origin":[13.47606,6.27908,7.99028]},"faces":{"north":{"uv":[8,8,8.42857,9.28571],"rotation":90,"texture":"#0"},"east":{"uv":[10.71429,12.57143,10.28571,13],"rotation":180,"texture":"#0"},"south":{"uv":[8,4,8.42857,5.28571],"rotation":270,"texture":"#0"},"west":{"uv":[13,10.14286,12.57143,9.71429],"texture":"#0"},"up":{"uv":[8,2.28571,8.42857,3.57143],"rotation":270,"texture":"#0"},"down":{"uv":[7.42857,8,7.85714,9.28571],"rotation":270,"texture":"#0"}}},{"from":[12.58188,4.85117,8],"to":[23.58188,15.85117,8],"rotation":{"angle":-22.5,"axis":"z","origin":[13.47606,6.27908,7.99028]},"faces":{"north":{"uv":[0,16,16,0],"rotation":180,"texture":"#6"},"south":{"uv":[0,0,16,16],"texture":"#6"}}},{"from":[12.7896,4.77863,8.5],"to":[23.7896,15.77863,8.5],"rotation":{"angle":-22.5,"axis":"y","origin":[13.2896,5.27863,8.5]},"faces":{"north":{"uv":[0,16,16,0],"rotation":180,"texture":"#6"},"south":{"uv":[0,0,16,16],"texture":"#6"}}},{"from":[12.57236,1.42448,7.99028],"to":[19.57236,8.42448,7.99028],"rotation":{"angle":-45,"axis":"z","origin":[14.44546,3.46756,7.99028]},"faces":{"north":{"uv":[0,16,16,0],"rotation":180,"texture":"#3"},"south":{"uv":[0,0,16,16],"texture":"#3"}}},{"from":[13.12605,1.09737,8.49028],"to":[20.12605,8.09737,8.49028],"rotation":{"angle":-22.5,"axis":"z","origin":[16.62605,4.59737,8.49028]},"faces":{"north":{"uv":[0,16,16,0],"rotation":180,"texture":"#3"},"south":{"uv":[0,0,16,16],"texture":"#3"}}},{"from":[9.62605,8.59737,8.49028],"to":[16.62605,15.59737,8.49028],"rotation":{"angle":22.5,"axis":"z","origin":[13.12605,12.09737,8.49028]},"faces":{"north":{"uv":[0,16,16,0],"rotation":180,"texture":"#3"},"south":{"uv":[0,0,16,16],"texture":"#3"}}},{"from":[11.65238,-2.65934,7.99028],"to":[16.90238,2.59066,7.99028],"rotation":{"angle":22.5,"axis":"z","origin":[13.69546,0.71756,7.99029]},"faces":{"north":{"uv":[12,4,0,16],"rotation":270,"texture":"#3"},"south":{"uv":[12,16,0,4],"rotation":270,"texture":"#3"}}},{"from":[10.89351,7.13117,7.65648],"to":[11.57601,9.40617,8.34353],"rotation":{"angle":-45,"axis":"z","origin":[11.19456,7.7157,8]},"faces":{"north":{"uv":[8.42857,9.28571,8,8],"texture":"#0"},"east":{"uv":[7.85714,9.28571,7.42857,8],"texture":"#0"},"south":{"uv":[8.42857,5.28571,8,4],"texture":"#0"},"west":{"uv":[8.42857,3.57143,8,2.28571],"texture":"#0"},"up":{"uv":[10.28571,13,10.71429,12.57143],"rotation":270,"texture":"#0"},"down":{"uv":[12.57143,9.71429,13,10.14286],"rotation":90,"texture":"#0"}}},{"from":[10.56654,7.48547,7.545],"to":[11.93154,8.00872,8.455],"rotation":{"angle":-22.5,"axis":"z","origin":[11.19456,7.7157,8]},"faces":{"north":{"uv":[4.14286,12.85714,3.42857,12.57143],"texture":"#0"},"east":{"uv":[1.14286,13.42857,0.57143,13.14286],"texture":"#0"},"south":{"uv":[13.28571,3.14286,12.57143,2.85714],"texture":"#0"},"west":{"uv":[0.57143,13.42857,0,13.14286],"texture":"#0"},"up":{"uv":[11.42857,1.85714,12,1.14286],"rotation":270,"texture":"#0"},"down":{"uv":[11.42857,0,12,0.71429],"rotation":90,"texture":"#0"}}},{"from":[10.05116,1.94599,7.52225],"to":[12.32616,3.31099,8.47775],"rotation":{"angle":-45,"axis":"z","origin":[13.67606,5.97908,7.99028]},"faces":{"north":{"uv":[7.42857,1.14286,8.71429,1.85714],"texture":"#0"},"east":{"uv":[11.42857,6.85714,12,7.57143],"texture":"#0"},"south":{"uv":[7.42857,0,8.71429,0.71429],"texture":"#0"},"west":{"uv":[11.42857,8,12,8.71429],"texture":"#0"},"up":{"uv":[8,3.57143,7.42857,2.28571],"rotation":90,"texture":"#0"},"down":{"uv":[8,4,7.42857,5.28571],"rotation":270,"texture":"#0"}}},{"from":[11.84592,2.34816,7.4085],"to":[13.21092,3.71316,8.5915],"rotation":{"angle":-45,"axis":"z","origin":[13.67606,5.97908,7.99028]},"faces":{"north":{"uv":[9.71429,2.28571,10.42857,3],"texture":"#0"},"east":{"uv":[9.14286,0,9.85714,0.71429],"texture":"#0"},"south":{"uv":[9.14286,1.14286,9.85714,1.85714],"texture":"#0"},"west":{"uv":[8.57143,9.14286,9.28571,9.85714],"texture":"#0"},"up":{"uv":[10.42857,4.14286,9.71429,3.42857],"rotation":90,"texture":"#0"},"down":{"uv":[10.42857,4.57143,9.71429,5.28571],"rotation":270,"texture":"#0"}}},{"from":[13.34592,0.59816,7.4085],"to":[14.71092,1.96316,8.5915],"rotation":{"angle":-45,"axis":"z","origin":[15.17606,4.22908,7.99028]},"faces":{"north":{"uv":[9.71429,2.28571,10.42857,3],"texture":"#0"},"east":{"uv":[9.14286,0,9.85714,0.71429],"texture":"#0"},"south":{"uv":[9.14286,1.14286,9.85714,1.85714],"texture":"#0"},"west":{"uv":[8.57143,9.14286,9.28571,9.85714],"texture":"#0"},"up":{"uv":[10.42857,4.14286,9.71429,3.42857],"rotation":90,"texture":"#0"},"down":{"uv":[10.42857,4.57143,9.71429,5.28571],"rotation":270,"texture":"#0"}}},{"from":[1.28908,0.59816,7.4085],"to":[2.65408,1.96316,8.5915],"rotation":{"angle":45,"axis":"z","origin":[0.82394,4.22908,7.99028]},"faces":{"north":{"uv":[10.42857,2.28571,9.71429,3],"texture":"#0"},"east":{"uv":[9.28571,9.14286,8.57143,9.85714],"texture":"#0"},"south":{"uv":[9.85714,1.14286,9.14286,1.85714],"texture":"#0"},"west":{"uv":[9.85714,0,9.14286,0.71429],"texture":"#0"},"up":{"uv":[10.42857,3.42857,9.71429,4.14286],"rotation":90,"texture":"#0"},"down":{"uv":[10.42857,5.28571,9.71429,4.57143],"rotation":270,"texture":"#0"}}},{"from":[8.04882,2.97002,7.3995],"to":[9.05882,4.88002,8.6005],"rotation":{"angle":22.5,"axis":"z","origin":[13.67606,5.97908,7.99028]},"faces":{"north":{"uv":[16,0,0,16],"rotation":180,"texture":"#2"},"east":{"uv":[16,0,0,16],"rotation":180,"texture":"#2"},"south":{"uv":[16,0,0,16],"rotation":180,"texture":"#2"},"west":{"uv":[16,0,0,16],"rotation":180,"texture":"#2"}}},{"from":[8.19882,2.47002,7.6995],"to":[8.90882,4.38002,8.3005],"rotation":{"angle":22.5,"axis":"z","origin":[13.67606,5.97908,7.99028]},"faces":{"north":{"uv":[16,0,0,16],"rotation":180,"texture":"#1"},"east":{"uv":[16,0,0,16],"rotation":180,"texture":"#1"},"south":{"uv":[16,0,0,16],"rotation":180,"texture":"#1"},"west":{"uv":[16,0,0,16],"rotation":180,"texture":"#1"}}},{"from":[8.12497,5.69356,7.545],"to":[9.48997,6.21681,8.455],"rotation":{"angle":22.5,"axis":"z","origin":[13.67606,5.97908,7.99028]},"faces":{"north":{"uv":[12.57143,0,13.28571,0.28571],"texture":"#0"},"east":{"uv":[12.57143,10.28571,13.14286,10.57143],"texture":"#0"},"south":{"uv":[0,12.57143,0.71429,12.85714],"texture":"#0"},"west":{"uv":[10.85714,12.57143,11.42857,12.85714],"texture":"#0"},"up":{"uv":[11.42857,5.28571,10.85714,4.57143],"rotation":90,"texture":"#0"},"down":{"uv":[11.42857,5.71429,10.85714,6.42857],"rotation":270,"texture":"#0"}}},{"from":[7.86378,5.06301,7.595],"to":[9.22878,5.58626,8.405],"rotation":{"angle":22.5,"axis":"z","origin":[13.67606,5.97908,7.99028]},"faces":{"north":{"uv":[1.14286,12.57143,1.85714,12.85714],"texture":"#0"},"east":{"uv":[12.57143,10.85714,13.14286,11.14286],"texture":"#0"},"south":{"uv":[12.57143,0.57143,13.28571,0.85714],"texture":"#0"},"west":{"uv":[11.42857,12.57143,12,12.85714],"texture":"#0"},"up":{"uv":[11.42857,7.57143,10.85714,6.85714],"rotation":90,"texture":"#0"},"down":{"uv":[8,10.85714,7.42857,11.57143],"rotation":270,"texture":"#0"}}},{"from":[2.91299,8.44142,7.65875],"to":[3.82299,9.12392,8.34125],"rotation":{"angle":0,"axis":"z","origin":[4.80544,7.7157,8]},"faces":{"north":{"uv":[12.42857,12,12,12.57143],"rotation":270,"texture":"#0"},"east":{"uv":[13,9.14286,12.57143,9.57143],"rotation":180,"texture":"#0"},"south":{"uv":[11.85714,12,11.42857,12.57143],"rotation":90,"texture":"#0"},"west":{"uv":[10.14286,13,9.71429,12.57143],"texture":"#0"},"up":{"uv":[12.42857,10.85714,12,11.42857],"rotation":90,"texture":"#0"},"down":{"uv":[12.42857,11.42857,12,12],"rotation":90,"texture":"#0"}}},{"from":[-11.01071,7.1377,8],"to":[4.98929,23.1377,8],"rotation":{"angle":22.5,"axis":"y","origin":[3.98929,8.1377,8]},"faces":{"north":{"uv":[16,16,0,0],"rotation":180,"texture":"#7"},"south":{"uv":[0,16,16,0],"rotation":180,"texture":"#7"}}},{"from":[1.34181,6.15489,7.65875],"to":[2.25181,6.83739,8.34125],"rotation":{"angle":22.5,"axis":"z","origin":[2.52394,6.27908,7.99028]},"faces":{"north":{"uv":[12.42857,12,12,12.57143],"rotation":270,"texture":"#0"},"east":{"uv":[13,9.14286,12.57143,9.57143],"rotation":180,"texture":"#0"},"south":{"uv":[11.85714,12,11.42857,12.57143],"rotation":90,"texture":"#0"},"west":{"uv":[10.14286,13,9.71429,12.57143],"texture":"#0"},"up":{"uv":[12.42857,10.85714,12,11.42857],"rotation":90,"texture":"#0"},"down":{"uv":[12.42857,11.42857,12,12],"rotation":90,"texture":"#0"}}},{"from":[1.93673,5.79894,7.65648],"to":[4.21173,6.48144,8.34353],"rotation":{"angle":-22.5,"axis":"z","origin":[2.52394,6.27908,7.99028]},"faces":{"north":{"uv":[8,9.28571,8.42857,8],"rotation":90,"texture":"#0"},"east":{"uv":[12.57143,10.14286,13,9.71429],"texture":"#0"},"south":{"uv":[8,5.28571,8.42857,4],"rotation":270,"texture":"#0"},"west":{"uv":[10.28571,12.57143,10.71429,13],"rotation":180,"texture":"#0"},"up":{"uv":[8,3.57143,8.42857,2.28571],"rotation":270,"texture":"#0"},"down":{"uv":[7.42857,9.28571,7.85714,8],"rotation":270,"texture":"#0"}}},{"from":[-7.58188,4.85117,8],"to":[3.41812,15.85117,8],"rotation":{"angle":22.5,"axis":"z","origin":[2.52394,6.27908,7.99028]},"faces":{"north":{"uv":[16,16,0,0],"rotation":180,"texture":"#6"},"south":{"uv":[16,0,0,16],"texture":"#6"}}},{"from":[-7.7896,4.77863,8.5],"to":[3.2104,15.77863,8.5],"rotation":{"angle":22.5,"axis":"y","origin":[2.7104,5.27863,8.5]},"faces":{"north":{"uv":[16,16,0,0],"rotation":180,"texture":"#6"},"south":{"uv":[16,0,0,16],"texture":"#6"}}},{"from":[-3.57236,1.42448,7.99028],"to":[3.42764,8.42448,7.99028],"rotation":{"angle":45,"axis":"z","origin":[1.55454,3.46756,7.99028]},"faces":{"north":{"uv":[16,16,0,0],"rotation":180,"texture":"#3"},"south":{"uv":[16,0,0,16],"texture":"#3"}}},{"from":[-4.12605,1.09737,8.49028],"to":[2.87395,8.09737,8.49028],"rotation":{"angle":22.5,"axis":"z","origin":[-0.62605,4.59737,8.49028]},"faces":{"north":{"uv":[16,16,0,0],"rotation":180,"texture":"#3"},"south":{"uv":[16,0,0,16],"texture":"#3"}}},{"from":[-0.62605,8.59737,8.49028],"to":[6.37395,15.59737,8.49028],"rotation":{"angle":-22.5,"axis":"z","origin":[2.87395,12.09737,8.49028]},"faces":{"north":{"uv":[16,16,0,0],"rotation":180,"texture":"#3"},"south":{"uv":[16,0,0,16],"texture":"#3"}}},{"from":[-0.90238,-2.65934,7.99028],"to":[4.34762,2.59066,7.99028],"rotation":{"angle":-22.5,"axis":"z","origin":[2.30454,0.71756,7.99029]},"faces":{"north":{"uv":[12,16,0,4],"rotation":270,"texture":"#3"},"south":{"uv":[12,4,0,16],"rotation":270,"texture":"#3"}}},{"from":[4.42399,7.13117,7.65648],"to":[5.10649,9.40617,8.34353],"rotation":{"angle":45,"axis":"z","origin":[4.80544,7.7157,8]},"faces":{"north":{"uv":[8,9.28571,8.42857,8],"texture":"#0"},"east":{"uv":[8,3.57143,8.42857,2.28571],"texture":"#0"},"south":{"uv":[8,5.28571,8.42857,4],"texture":"#0"},"west":{"uv":[7.42857,9.28571,7.85714,8],"texture":"#0"},"up":{"uv":[10.28571,12.57143,10.71429,13],"rotation":270,"texture":"#0"},"down":{"uv":[12.57143,10.14286,13,9.71429],"rotation":90,"texture":"#0"}}},{"from":[4.06846,7.48547,7.545],"to":[5.43346,8.00872,8.455],"rotation":{"angle":22.5,"axis":"z","origin":[4.80544,7.7157,8]},"faces":{"north":{"uv":[3.42857,12.85714,4.14286,12.57143],"texture":"#0"},"east":{"uv":[0,13.42857,0.57143,13.14286],"texture":"#0"},"south":{"uv":[12.57143,3.14286,13.28571,2.85714],"texture":"#0"},"west":{"uv":[0.57143,13.42857,1.14286,13.14286],"texture":"#0"},"up":{"uv":[11.42857,1.14286,12,1.85714],"rotation":270,"texture":"#0"},"down":{"uv":[11.42857,0.71429,12,0],"rotation":90,"texture":"#0"}}},{"from":[3.67384,1.94599,7.52225],"to":[5.94884,3.31099,8.47775],"rotation":{"angle":45,"axis":"z","origin":[2.32394,5.97908,7.99028]},"faces":{"north":{"uv":[8.71429,1.14286,7.42857,1.85714],"texture":"#0"},"east":{"uv":[12,8,11.42857,8.71429],"texture":"#0"},"south":{"uv":[8.71429,0,7.42857,0.71429],"texture":"#0"},"west":{"uv":[12,6.85714,11.42857,7.57143],"texture":"#0"},"up":{"uv":[8,2.28571,7.42857,3.57143],"rotation":90,"texture":"#0"},"down":{"uv":[8,5.28571,7.42857,4],"rotation":270,"texture":"#0"}}},{"from":[2.78908,2.34816,7.4085],"to":[4.15408,3.71316,8.5915],"rotation":{"angle":45,"axis":"z","origin":[2.32394,5.97908,7.99028]},"faces":{"north":{"uv":[10.42857,2.28571,9.71429,3],"texture":"#0"},"east":{"uv":[9.28571,9.14286,8.57143,9.85714],"texture":"#0"},"south":{"uv":[9.85714,1.14286,9.14286,1.85714],"texture":"#0"},"west":{"uv":[9.85714,0,9.14286,0.71429],"texture":"#0"},"up":{"uv":[10.42857,3.42857,9.71429,4.14286],"rotation":90,"texture":"#0"},"down":{"uv":[10.42857,5.28571,9.71429,4.57143],"rotation":270,"texture":"#0"}}},{"from":[6.94118,2.97002,7.3995],"to":[7.95118,4.88002,8.6005],"rotation":{"angle":-22.5,"axis":"z","origin":[2.32394,5.97908,7.99028]},"faces":{"north":{"uv":[0,0,16,16],"rotation":180,"texture":"#2"},"east":{"uv":[0,0,16,16],"rotation":180,"texture":"#2"},"south":{"uv":[0,0,16,16],"rotation":180,"texture":"#2"},"west":{"uv":[0,0,16,16],"rotation":180,"texture":"#2"}}},{"from":[7.09118,2.47002,7.6995],"to":[7.80118,4.38002,8.3005],"rotation":{"angle":-22.5,"axis":"z","origin":[2.32394,5.97908,7.99028]},"faces":{"north":{"uv":[0,0,16,16],"rotation":180,"texture":"#1"},"east":{"uv":[0,0,16,16],"rotation":180,"texture":"#1"},"south":{"uv":[0,0,16,16],"rotation":180,"texture":"#1"},"west":{"uv":[0,0,16,16],"rotation":180,"texture":"#1"}}},{"from":[6.51003,5.69356,7.545],"to":[7.87503,6.21681,8.455],"rotation":{"angle":-22.5,"axis":"z","origin":[2.32394,5.97908,7.99028]},"faces":{"north":{"uv":[13.28571,0,12.57143,0.28571],"texture":"#0"},"east":{"uv":[11.42857,12.57143,10.85714,12.85714],"texture":"#0"},"south":{"uv":[0.71429,12.57143,0,12.85714],"texture":"#0"},"west":{"uv":[13.14286,10.28571,12.57143,10.57143],"texture":"#0"},"up":{"uv":[11.42857,4.57143,10.85714,5.28571],"rotation":90,"texture":"#0"},"down":{"uv":[11.42857,6.42857,10.85714,5.71429],"rotation":270,"texture":"#0"}}},{"from":[6.77122,5.06301,7.595],"to":[8.13622,5.58626,8.405],"rotation":{"angle":-22.5,"axis":"z","origin":[2.32394,5.97908,7.99028]},"faces":{"north":{"uv":[1.85714,12.57143,1.14286,12.85714],"texture":"#0"},"east":{"uv":[12,12.57143,11.42857,12.85714],"texture":"#0"},"south":{"uv":[13.28571,0.57143,12.57143,0.85714],"texture":"#0"},"west":{"uv":[13.14286,10.85714,12.57143,11.14286],"texture":"#0"},"up":{"uv":[11.42857,6.85714,10.85714,7.57143],"rotation":90,"texture":"#0"},"down":{"uv":[8,11.57143,7.42857,10.85714],"rotation":270,"texture":"#0"}}},{"from":[8.34597,8.24254,7.65648],"to":[9.02847,9.15254,8.34353],"rotation":{"angle":0,"axis":"y","origin":[8,8.48416,8]},"faces":{"north":{"uv":[7.42857,12,7.85714,12.57143],"texture":"#0"},"east":{"uv":[12,5.71429,12.42857,6.28571],"texture":"#0"},"south":{"uv":[12,6.28571,12.42857,6.85714],"texture":"#0"},"west":{"uv":[12,6.85714,12.42857,7.42857],"texture":"#0"},"up":{"uv":[12.57143,5.71429,13,6.14286],"rotation":270,"texture":"#0"},"down":{"uv":[12.57143,6.71429,13,6.28571],"rotation":90,"texture":"#0"}}},{"from":[8.51735,8.22954,7.65875],"to":[9.19985,9.13954,8.34125],"rotation":{"angle":45,"axis":"z","origin":[8,8.48416,8]},"faces":{"north":{"uv":[8.57143,12,9,12.57143],"texture":"#0"},"east":{"uv":[12,7.42857,12.42857,8],"texture":"#0"},"south":{"uv":[8,12,8.42857,12.57143],"texture":"#0"},"west":{"uv":[12,8,12.42857,8.57143],"texture":"#0"},"up":{"uv":[12.57143,6.85714,13,7.28571],"rotation":270,"texture":"#0"},"down":{"uv":[7.42857,13,7.85714,12.57143],"rotation":90,"texture":"#0"}}},{"from":[7.3175,7.47373,7.545],"to":[8.6825,7.99698,8.455],"rotation":{"angle":0,"axis":"y","origin":[8,8.48416,8]},"faces":{"north":{"uv":[12.57143,5.42857,13.28571,5.14286],"texture":"#0"},"east":{"uv":[2.28571,13.42857,2.85714,13.14286],"texture":"#0"},"south":{"uv":[12.57143,4.85714,13.28571,4.57143],"texture":"#0"},"west":{"uv":[2.85714,13.42857,3.42857,13.14286],"texture":"#0"},"up":{"uv":[11.42857,5.71429,12,6.42857],"rotation":270,"texture":"#0"},"down":{"uv":[11.42857,5.28571,12,4.57143],"rotation":90,"texture":"#0"}}},{"from":[7.65414,7.14798,7.52225],"to":[8.56414,8.05798,8.47775],"rotation":{"angle":45,"axis":"z","origin":[8,8.48416,8]},"faces":{"north":{"uv":[9.71429,12,10.28571,11.42857],"texture":"#0"},"east":{"uv":[8.57143,12,9.14286,11.42857],"texture":"#0"},"south":{"uv":[9.14286,12,9.71429,11.42857],"texture":"#0"},"west":{"uv":[11.42857,9.71429,12,9.14286],"texture":"#0"},"up":{"uv":[10.28571,11.42857,10.85714,12],"rotation":270,"texture":"#0"},"down":{"uv":[11.42857,10.28571,12,9.71429],"rotation":90,"texture":"#0"}}},{"from":[4.106,2.70304,7.4085],"to":[5.47101,4.06804,8.5915],"rotation":{"angle":-45,"axis":"z","origin":[8,0.13971,8]},"faces":{"north":{"uv":[8.57143,5.71429,9.28571,6.42857],"texture":"#0"},"east":{"uv":[8.57143,2.28571,9.28571,3],"texture":"#0"},"south":{"uv":[8.57143,3.42857,9.28571,4.14286],"texture":"#0"},"west":{"uv":[8.57143,4.57143,9.28571,5.28571],"texture":"#0"},"up":{"uv":[9.28571,7.57143,8.57143,6.85714],"rotation":90,"texture":"#0"},"down":{"uv":[9.28571,8,8.57143,8.71429],"rotation":270,"texture":"#0"}}},{"from":[7.44678,4.12,7.5085],"to":[8.61678,5.29,8.4915],"rotation":{"angle":0,"axis":"y","origin":[8,0.13971,8]},"faces":{"north":{"uv":[9.71429,8,10.42857,8.71429],"rotation":270,"texture":"#0"},"east":{"uv":[10.42857,9.85714,9.71429,9.14286],"rotation":180,"texture":"#0"},"south":{"uv":[9.71429,6.85714,10.42857,7.57143],"rotation":90,"texture":"#0"},"west":{"uv":[11,0,10.28571,0.71429],"texture":"#0"},"up":{"uv":[7.42857,9.71429,8.14286,10.42857],"rotation":90,"texture":"#0"},"down":{"uv":[9.71429,5.71429,10.42857,6.42857],"rotation":90,"texture":"#0"}}},{"from":[8.12252,7.46558,7.5495],"to":[9.03252,8.37558,8.4505],"rotation":{"angle":22.5,"axis":"z","origin":[8,8.48416,8]},"faces":{"north":{"uv":[11.42857,12,12,11.42857],"texture":"#0"},"east":{"uv":[11.42857,10.85714,12,10.28571],"texture":"#0"},"south":{"uv":[10.85714,12,11.42857,11.42857],"texture":"#0"},"west":{"uv":[11.42857,11.42857,12,10.85714],"texture":"#0"},"up":{"uv":[12,0.57143,12.57143,1.14286],"rotation":270,"texture":"#0"},"down":{"uv":[12,0.57143,12.57143,0],"rotation":90,"texture":"#0"}}},{"from":[6.80015,8.22954,7.65875],"to":[7.48265,9.13954,8.34125],"rotation":{"angle":-45,"axis":"z","origin":[8,8.48416,8]},"faces":{"north":{"uv":[9,12,8.57143,12.57143],"texture":"#0"},"east":{"uv":[12.42857,8,12,8.57143],"texture":"#0"},"south":{"uv":[8.42857,12,8,12.57143],"texture":"#0"},"west":{"uv":[12.42857,7.42857,12,8],"texture":"#0"},"up":{"uv":[12.57143,7.28571,13,6.85714],"rotation":270,"texture":"#0"},"down":{"uv":[7.42857,12.57143,7.85714,13],"rotation":90,"texture":"#0"}}},{"from":[6.97153,8.24254,7.65648],"to":[7.65403,9.15254,8.34353],"rotation":{"angle":0,"axis":"y","origin":[8,8.48416,8]},"faces":{"north":{"uv":[7.85714,12,7.42857,12.57143],"texture":"#0"},"east":{"uv":[12.42857,6.85714,12,7.42857],"texture":"#0"},"south":{"uv":[12.42857,6.28571,12,6.85714],"texture":"#0"},"west":{"uv":[12.42857,5.71429,12,6.28571],"texture":"#0"},"up":{"uv":[12.57143,6.14286,13,5.71429],"rotation":270,"texture":"#0"},"down":{"uv":[12.57143,6.28571,13,6.71429],"rotation":90,"texture":"#0"}}},{"from":[6.96748,7.46558,7.5495],"to":[7.87748,8.37558,8.4505],"rotation":{"angle":-22.5,"axis":"z","origin":[8,8.48416,8]},"faces":{"north":{"uv":[12,12,11.42857,11.42857],"texture":"#0"},"east":{"uv":[12,11.42857,11.42857,10.85714],"texture":"#0"},"south":{"uv":[11.42857,12,10.85714,11.42857],"texture":"#0"},"west":{"uv":[12,10.85714,11.42857,10.28571],"texture":"#0"},"up":{"uv":[12,1.14286,12.57143,0.57143],"rotation":270,"texture":"#0"},"down":{"uv":[12,0,12.57143,0.57143],"rotation":90,"texture":"#0"}}},{"from":[7.43587,7.14798,7.52225],"to":[8.34587,8.05798,8.47775],"rotation":{"angle":-45,"axis":"z","origin":[8,8.48416,8]},"faces":{"north":{"uv":[10.28571,12,9.71429,11.42857],"texture":"#0"},"east":{"uv":[12,9.71429,11.42857,9.14286],"texture":"#0"},"south":{"uv":[9.71429,12,9.14286,11.42857],"texture":"#0"},"west":{"uv":[9.14286,12,8.57143,11.42857],"texture":"#0"},"up":{"uv":[10.28571,12,10.85714,11.42857],"rotation":270,"texture":"#0"},"down":{"uv":[11.42857,9.71429,12,10.28571],"rotation":90,"texture":"#0"}}}],"gui_light":"front","display":{"thirdperson_righthand":{"rotation":[31.25,0,0],"translation":[0,2.75,0],"scale":[0.53,0.53,0.53]},"thirdperson_lefthand":{"rotation":[69.25,0,0],"translation":[-5.75,-7.75,13.75],"scale":[1.61,1.61,1.61]},"firstperson_righthand":{"rotation":[-10.78,-8.3,4.74],"translation":[10.75,-1,-9.25],"scale":[0.67,0.67,0.67]},"firstperson_lefthand":{"rotation":[-10.78,-8.3,4.74],"translation":[10.75,6.5,-0.25],"scale":[0.01,0.01,0.01]},"ground":{"rotation":[24,0,0],"translation":[0,4,0],"scale":[0.8,0.8,0.8]},"gui":{"translation":[0,-1,0],"scale":[0.49,0.49,0.49]},"head":{"translation":[0,-5,10.25],"scale":[2.59,2.59,2.59]},"fixed":{"translation":[0,4.25,-10.75],"scale":[3,3,3]}}}