{"credit":"MadewithBlockbench","texture_size":[128,128],"textures":{"0":"elitecreatures:skeleton_overlord_animated_weapon_set/skeletonoverlord_texture_01","1":"elitecreatures:skeleton_overlord_animated_weapon_set/skeletonoverlord_animation_01","2":"elitecreatures:skeleton_overlord_animated_weapon_set/skeletonoverlord_animation_02","3":"elitecreatures:skeleton_overlord_animated_weapon_set/skeletonoverlord_animation_03","4":"elitecreatures:skeleton_overlord_animated_weapon_set/skeletonoverlord_animation_04","particle":"elitecreatures:skeleton_overlord_animated_weapon_set/skeletonoverlord_texture_01"},"elements":[{"from":[6.85,10.40273,0.84969],"to":[9.15,12.90273,3.84969],"rotation":{"angle":45,"axis":"x","origin":[8,11.65273,2.34969]},"faces":{"north":{"uv":[0.525,0.375,0.8125,0.6875],"rotation":180,"texture":"#0"},"east":{"uv":[0.375,1,0,0.6875],"texture":"#0"},"south":{"uv":[0.525,0.375,0.8125,0.6875],"rotation":180,"texture":"#0"},"west":{"uv":[0,1,0.375,0.6875],"texture":"#0"},"up":{"uv":[0,1,0.375,1.2875],"rotation":90,"texture":"#0"},"down":{"uv":[0.375,1,0,1.2875],"rotation":90,"texture":"#0"}}},{"from":[7,10.6,3.2],"to":[9,12.6,6.2],"rotation":{"angle":22.5,"axis":"x","origin":[8,11.65273,2.34969]},"faces":{"north":{"uv":[0.525,0.375,0.775,0.625],"rotation":180,"texture":"#0"},"east":{"uv":[0.375,0.9375,0,0.6875],"texture":"#0"},"south":{"uv":[0.525,0.375,0.775,0.625],"rotation":180,"texture":"#0"},"west":{"uv":[0,0.9375,0.375,0.6875],"texture":"#0"},"up":{"uv":[0,1,0.375,1.25],"rotation":90,"texture":"#0"},"down":{"uv":[0.375,1,0,1.25],"rotation":90,"texture":"#0"}}},{"from":[6.75,11.45267,-0.33426],"to":[9.25,14.45267,3.66574],"rotation":{"angle":-22.5,"axis":"x","origin":[8,9.52099,-0.48082]},"faces":{"north":{"uv":[0.5,0.375,0.8125,0],"rotation":180,"texture":"#0"},"east":{"uv":[0.5,0,0,0.375],"texture":"#0"},"south":{"uv":[0.5,0.375,0.8125,0],"rotation":180,"texture":"#0"},"west":{"uv":[0,0,0.5,0.375],"texture":"#0"},"up":{"uv":[0,0.6875,0.5,0.375],"rotation":90,"texture":"#0"},"down":{"uv":[0.5,0.6875,0,0.375],"rotation":90,"texture":"#0"}}},{"from":[7,10.6,9.8],"to":[9,12.6,12.8],"rotation":{"angle":-22.5,"axis":"x","origin":[8,11.65273,13.65031]},"faces":{"north":{"uv":[0.775,0.375,0.525,0.625],"rotation":180,"texture":"#0"},"east":{"uv":[0,0.9375,0.375,0.6875],"texture":"#0"},"south":{"uv":[0.775,0.375,0.525,0.625],"rotation":180,"texture":"#0"},"west":{"uv":[0.375,0.9375,0,0.6875],"texture":"#0"},"up":{"uv":[0.375,1,0,1.25],"rotation":90,"texture":"#0"},"down":{"uv":[0,1,0.375,1.25],"rotation":90,"texture":"#0"}}},{"from":[6.85,10.40273,12.15031],"to":[9.15,12.90273,15.15031],"rotation":{"angle":-45,"axis":"x","origin":[8,11.65273,13.65031]},"faces":{"north":{"uv":[0.8125,0.375,0.525,0.6875],"rotation":180,"texture":"#0"},"east":{"uv":[0,1,0.375,0.6875],"texture":"#0"},"south":{"uv":[0.8125,0.375,0.525,0.6875],"rotation":180,"texture":"#0"},"west":{"uv":[0.375,1,0,0.6875],"texture":"#0"},"up":{"uv":[0.375,1,0,1.2875],"rotation":90,"texture":"#0"},"down":{"uv":[0,1,0.375,1.2875],"rotation":90,"texture":"#0"}}},{"from":[6.75,11.45267,12.33426],"to":[9.25,14.45267,16.33426],"rotation":{"angle":22.5,"axis":"x","origin":[8,9.52099,16.48082]},"faces":{"north":{"uv":[0.8125,0.375,0.5,0],"rotation":180,"texture":"#0"},"east":{"uv":[0,0,0.5,0.375],"texture":"#0"},"south":{"uv":[0.8125,0.375,0.5,0],"rotation":180,"texture":"#0"},"west":{"uv":[0.5,0,0,0.375],"texture":"#0"},"up":{"uv":[0.5,0.6875,0,0.375],"rotation":90,"texture":"#0"},"down":{"uv":[0,0.6875,0.5,0.375],"rotation":90,"texture":"#0"}}},{"from":[6.85,12.87223,-3.35827],"to":[9.15,14.87223,-0.35827],"rotation":{"angle":0,"axis":"y","origin":[7.5,14.97658,-5.46647]},"faces":{"north":{"uv":[0.525,0.375,0.8125,0.625],"rotation":180,"texture":"#0"},"east":{"uv":[0.375,0.9375,0,0.6875],"texture":"#0"},"south":{"uv":[0.525,0.375,0.8125,0.625],"rotation":180,"texture":"#0"},"west":{"uv":[0,0.9375,0.375,0.6875],"texture":"#0"},"up":{"uv":[0,1,0.375,1.2875],"rotation":90,"texture":"#0"},"down":{"uv":[0.375,1,0,1.2875],"rotation":90,"texture":"#0"}}},{"from":[6.95,13.8,-5.7],"to":[9.05,15.8,-2.7],"rotation":{"angle":22.5,"axis":"x","origin":[7.5,14.97658,-5.46647]},"faces":{"north":{"uv":[0.525,0.375,0.8125,0.625],"rotation":180,"texture":"#0"},"east":{"uv":[0.375,0.9375,0,0.6875],"texture":"#0"},"south":{"uv":[0.525,0.375,0.8125,0.625],"rotation":180,"texture":"#0"},"west":{"uv":[0,0.9375,0.375,0.6875],"texture":"#0"},"up":{"uv":[0,1,0.375,1.2875],"rotation":90,"texture":"#0"},"down":{"uv":[0.375,1,0,1.2875],"rotation":90,"texture":"#0"}}},{"from":[7,13.91152,-8.30663],"to":[9,15.91152,-5.30663],"rotation":{"angle":45,"axis":"x","origin":[7.5,14.97658,-5.46647]},"faces":{"north":{"uv":[0.375,1.1875,0.625,1.4375],"rotation":180,"texture":"#0"},"east":{"uv":[0.75,0.9375,0.375,0.6875],"rotation":180,"texture":"#0"},"south":{"uv":[0.375,1.1875,0.625,1.4375],"texture":"#0"},"west":{"uv":[0.75,0.6875,0.375,0.9375],"texture":"#0"},"up":{"uv":[0.375,0.9375,0.75,1.1875],"rotation":270,"texture":"#0"},"down":{"uv":[0.375,0.9375,0.75,1.1875],"rotation":90,"texture":"#0"}}},{"from":[7.55,16.09549,-9.97039],"to":[8.45,17.29549,-9.27039],"rotation":{"angle":45,"axis":"x","origin":[7.5,14.97658,-5.46647]},"faces":{"north":{"uv":[1.175,0.525,1.0625,0.375],"rotation":180,"texture":"#0"},"east":{"uv":[0.775,0.8375,0.8625,0.6875],"rotation":180,"texture":"#0"},"south":{"uv":[1.0625,0.375,1.175,0.525],"texture":"#0"},"west":{"uv":[0.8625,0.6875,0.775,0.8375],"texture":"#0"},"up":{"uv":[0.9625,0.5625,1.05,0.675],"rotation":270,"texture":"#0"},"down":{"uv":[0.9625,0.5625,1.05,0.675],"rotation":90,"texture":"#0"}}},{"from":[7.5,16.38734,-9.4043],"to":[8.5,17.88734,-8.4043],"rotation":{"angle":22.5,"axis":"x","origin":[7.5,14.97658,-5.46647]},"faces":{"north":{"uv":[0.9375,0.5625,0.8125,0.375],"texture":"#0"},"east":{"uv":[0.9375,0.375,1.0625,0.5625],"texture":"#0"},"south":{"uv":[0.9375,0.5625,0.8125,0.375],"texture":"#0"},"west":{"uv":[1.0625,0.375,0.9375,0.5625],"texture":"#0"},"up":{"uv":[0.9375,0.6875,0.8125,0.5625],"rotation":90,"texture":"#0"},"down":{"uv":[0.9375,0.6875,0.8125,0.5625],"rotation":90,"texture":"#0"}}},{"from":[7.25,16.81108,-7.33123],"to":[8.75,18.81108,-5.83123],"rotation":{"angle":-22.5,"axis":"x","origin":[7.5,14.97658,-5.46647]},"faces":{"north":{"uv":[0.8125,0.375,1.0625,0.1875],"rotation":270,"texture":"#0"},"east":{"uv":[0.8125,0,1.0625,0.1875],"rotation":270,"texture":"#0"},"south":{"uv":[0.8125,0.375,1.0625,0.1875],"rotation":270,"texture":"#0"},"west":{"uv":[0.8125,0,1.0625,0.1875],"rotation":270,"texture":"#0"},"up":{"uv":[0,1.5,0.1875,1.3125],"texture":"#0"},"down":{"uv":[0,1.5,0.1875,1.3125],"texture":"#0"}}},{"from":[7.6,16.13401,2.46273],"to":[8.4,16.63401,3.46273],"rotation":{"angle":22.5,"axis":"x","origin":[8,15.77002,2.13645]},"faces":{"north":{"uv":[0.25,1.625,0.1875,1.5],"rotation":90,"texture":"#0"},"east":{"uv":[0,1.5,0.0625,1.625],"rotation":90,"texture":"#0"},"south":{"uv":[0.25,1.625,0.1875,1.5],"rotation":90,"texture":"#0"},"west":{"uv":[0.0625,1.5,0,1.625],"rotation":90,"texture":"#0"},"up":{"uv":[0.0625,1.625,0.1875,1.5],"rotation":180,"texture":"#0"},"down":{"uv":[0.0625,1.5,0.1875,1.625],"rotation":180,"texture":"#0"}}},{"from":[7.5,15.40982,1.49351],"to":[8.5,16.40982,2.99351],"rotation":{"angle":-22.5,"axis":"x","origin":[8,15.77002,2.13645]},"faces":{"north":{"uv":[1,1.375,1.125,1.25],"rotation":180,"texture":"#0"},"east":{"uv":[1,1.375,0.8125,1.25],"texture":"#0"},"south":{"uv":[1,1.375,1.125,1.25],"texture":"#0"},"west":{"uv":[1,1.25,0.8125,1.375],"rotation":180,"texture":"#0"},"up":{"uv":[1.1875,1.125,1,1.25],"rotation":270,"texture":"#0"},"down":{"uv":[1.1875,1.125,1,1.25],"rotation":90,"texture":"#0"}}},{"from":[7.25,14.28245,0.98868],"to":[8.75,15.78245,2.48868],"rotation":{"angle":22.5,"axis":"x","origin":[8,15.97002,2.13645]},"faces":{"north":{"uv":[0.375,1.3125,0.1875,1.5],"rotation":90,"texture":"#0"},"east":{"uv":[1,1.25,0.8125,1.0625],"rotation":90,"texture":"#0"},"south":{"uv":[0.375,1.3125,0.1875,1.5],"rotation":90,"texture":"#0"},"west":{"uv":[1,1.0625,0.8125,1.25],"rotation":90,"texture":"#0"},"up":{"uv":[0.625,1.375,0.8125,1.1875],"texture":"#0"},"down":{"uv":[0.625,1.375,0.8125,1.1875],"texture":"#0"}}},{"from":[7.55,16.09549,25.27039],"to":[8.45,17.29549,25.97039],"rotation":{"angle":-45,"axis":"x","origin":[7.5,14.97658,21.46647]},"faces":{"north":{"uv":[1.175,0.375,1.0625,0.525],"texture":"#0"},"east":{"uv":[0.8625,0.8375,0.775,0.6875],"rotation":180,"texture":"#0"},"south":{"uv":[1.0625,0.525,1.175,0.375],"rotation":180,"texture":"#0"},"west":{"uv":[0.775,0.6875,0.8625,0.8375],"texture":"#0"},"up":{"uv":[1.05,0.5625,0.9625,0.675],"rotation":270,"texture":"#0"},"down":{"uv":[1.05,0.5625,0.9625,0.675],"rotation":90,"texture":"#0"}}},{"from":[7.5,16.38734,24.4043],"to":[8.5,17.88734,25.4043],"rotation":{"angle":-22.5,"axis":"x","origin":[7.5,14.97658,21.46647]},"faces":{"north":{"uv":[0.8125,0.5625,0.9375,0.375],"texture":"#0"},"east":{"uv":[1.0625,0.375,0.9375,0.5625],"texture":"#0"},"south":{"uv":[0.8125,0.5625,0.9375,0.375],"texture":"#0"},"west":{"uv":[0.9375,0.375,1.0625,0.5625],"texture":"#0"},"up":{"uv":[0.8125,0.6875,0.9375,0.5625],"rotation":90,"texture":"#0"},"down":{"uv":[0.8125,0.6875,0.9375,0.5625],"rotation":90,"texture":"#0"}}},{"from":[7.25,16.81108,21.83123],"to":[8.75,18.81108,23.33123],"rotation":{"angle":22.5,"axis":"x","origin":[7.5,14.97658,21.46647]},"faces":{"north":{"uv":[0.8125,0.1875,1.0625,0.375],"rotation":270,"texture":"#0"},"east":{"uv":[0.8125,0.1875,1.0625,0],"rotation":270,"texture":"#0"},"south":{"uv":[0.8125,0.1875,1.0625,0.375],"rotation":270,"texture":"#0"},"west":{"uv":[0.8125,0.1875,1.0625,0],"rotation":270,"texture":"#0"},"up":{"uv":[0,1.3125,0.1875,1.5],"texture":"#0"},"down":{"uv":[0,1.3125,0.1875,1.5],"texture":"#0"}}},{"from":[7,13.91152,21.30663],"to":[9,15.91152,24.30663],"rotation":{"angle":-45,"axis":"x","origin":[7.5,14.97658,21.46647]},"faces":{"north":{"uv":[0.625,1.1875,0.375,1.4375],"texture":"#0"},"east":{"uv":[0.375,0.9375,0.75,0.6875],"rotation":180,"texture":"#0"},"south":{"uv":[0.625,1.1875,0.375,1.4375],"rotation":180,"texture":"#0"},"west":{"uv":[0.375,0.6875,0.75,0.9375],"texture":"#0"},"up":{"uv":[0.75,0.9375,0.375,1.1875],"rotation":270,"texture":"#0"},"down":{"uv":[0.75,0.9375,0.375,1.1875],"rotation":90,"texture":"#0"}}},{"from":[6.95,13.8,18.7],"to":[9.05,15.8,21.7],"rotation":{"angle":-22.5,"axis":"x","origin":[7.5,14.97658,21.46647]},"faces":{"north":{"uv":[0.8125,0.375,0.525,0.625],"rotation":180,"texture":"#0"},"east":{"uv":[0,0.9375,0.375,0.6875],"texture":"#0"},"south":{"uv":[0.8125,0.375,0.525,0.625],"rotation":180,"texture":"#0"},"west":{"uv":[0.375,0.9375,0,0.6875],"texture":"#0"},"up":{"uv":[0.375,1,0,1.2875],"rotation":90,"texture":"#0"},"down":{"uv":[0,1,0.375,1.2875],"rotation":90,"texture":"#0"}}},{"from":[6.85,12.87223,16.35827],"to":[9.15,14.87223,19.35827],"rotation":{"angle":0,"axis":"y","origin":[7.5,14.97658,21.46647]},"faces":{"north":{"uv":[0.8125,0.375,0.525,0.625],"rotation":180,"texture":"#0"},"east":{"uv":[0,0.9375,0.375,0.6875],"texture":"#0"},"south":{"uv":[0.8125,0.375,0.525,0.625],"rotation":180,"texture":"#0"},"west":{"uv":[0.375,0.9375,0,0.6875],"texture":"#0"},"up":{"uv":[0.375,1,0,1.2875],"rotation":90,"texture":"#0"},"down":{"uv":[0,1,0.375,1.2875],"rotation":90,"texture":"#0"}}},{"from":[7.25,14.28245,13.51132],"to":[8.75,15.78245,15.01132],"rotation":{"angle":-22.5,"axis":"x","origin":[8,15.97002,13.86355]},"faces":{"north":{"uv":[0.375,1.5,0.1875,1.3125],"rotation":90,"texture":"#0"},"east":{"uv":[1,1.0625,0.8125,1.25],"rotation":90,"texture":"#0"},"south":{"uv":[0.375,1.5,0.1875,1.3125],"rotation":90,"texture":"#0"},"west":{"uv":[1,1.25,0.8125,1.0625],"rotation":90,"texture":"#0"},"up":{"uv":[0.625,1.1875,0.8125,1.375],"texture":"#0"},"down":{"uv":[0.625,1.1875,0.8125,1.375],"texture":"#0"}}},{"from":[7.5,15.40982,13.00649],"to":[8.5,16.40982,14.50649],"rotation":{"angle":22.5,"axis":"x","origin":[8,15.77002,13.86355]},"faces":{"north":{"uv":[1.125,1.375,1,1.25],"texture":"#0"},"east":{"uv":[0.8125,1.375,1,1.25],"texture":"#0"},"south":{"uv":[1.125,1.375,1,1.25],"rotation":180,"texture":"#0"},"west":{"uv":[0.8125,1.25,1,1.375],"rotation":180,"texture":"#0"},"up":{"uv":[1,1.125,1.1875,1.25],"rotation":270,"texture":"#0"},"down":{"uv":[1,1.125,1.1875,1.25],"rotation":90,"texture":"#0"}}},{"from":[7.6,16.13401,12.53727],"to":[8.4,16.63401,13.53727],"rotation":{"angle":-22.5,"axis":"x","origin":[8,15.77002,13.86355]},"faces":{"north":{"uv":[0.25,1.5,0.1875,1.625],"rotation":90,"texture":"#0"},"east":{"uv":[0,1.625,0.0625,1.5],"rotation":90,"texture":"#0"},"south":{"uv":[0.25,1.5,0.1875,1.625],"rotation":90,"texture":"#0"},"west":{"uv":[0.0625,1.625,0,1.5],"rotation":90,"texture":"#0"},"up":{"uv":[0.0625,1.5,0.1875,1.625],"rotation":180,"texture":"#0"},"down":{"uv":[0.0625,1.625,0.1875,1.5],"rotation":180,"texture":"#0"}}},{"from":[8,15,-8.5],"to":[8,24,4.5],"rotation":{"angle":45,"axis":"x","origin":[8,16.81499,-4.31499]},"faces":{"north":{"uv":[0.25,1.625,0.25,3.25],"texture":"#0"},"east":{"uv":[15.1875,7.75,13.5625,6.625],"texture":"#0"},"south":{"uv":[0.6875,1.625,0.6875,3.25],"rotation":180,"texture":"#0"},"west":{"uv":[15.1875,6.625,13.5625,7.75],"rotation":180,"texture":"#0"},"up":{"uv":[0.1875,3.375,0.1875,1.75],"texture":"#0"},"down":{"uv":[0.1875,3.375,0.1875,1.75],"rotation":180,"texture":"#0"}}},{"from":[8,15,11.5],"to":[8,24,24.5],"rotation":{"angle":-45,"axis":"x","origin":[8,16.81499,20.31499]},"faces":{"north":{"uv":[0.6875,1.625,0.6875,3.25],"rotation":180,"texture":"#0"},"east":{"uv":[13.5625,7.75,15.1875,6.625],"texture":"#0"},"south":{"uv":[0.25,1.625,0.25,3.25],"texture":"#0"},"west":{"uv":[13.5625,6.625,15.1875,7.75],"rotation":180,"texture":"#0"},"up":{"uv":[0.1875,1.75,0.1875,3.375],"texture":"#0"},"down":{"uv":[0.1875,1.75,0.1875,3.375],"rotation":180,"texture":"#0"}}},{"from":[7.75,14.46415,11.18048],"to":[8.25,15.46415,11.68048],"rotation":{"angle":-22.5,"axis":"x","origin":[8,14.03431,10.91032]},"faces":{"north":{"uv":[1.375,1.5625,1.5,1.5],"rotation":90,"texture":"#0"},"east":{"uv":[1.375,1.5625,1.5,1.5],"rotation":90,"texture":"#0"},"south":{"uv":[1.375,1.5625,1.5,1.5],"rotation":270,"texture":"#0"},"west":{"uv":[1.375,1.5625,1.5,1.5],"rotation":270,"texture":"#0"},"up":{"uv":[1.3,1.5625,1.3625,1.5],"texture":"#0"},"down":{"uv":[1.3,1.5625,1.3625,1.5],"rotation":180,"texture":"#0"}}},{"from":[7.6,13.4,10.7],"to":[8.4,14.9,11.7],"rotation":{"angle":22.5,"axis":"x","origin":[8,14.03431,10.91032]},"faces":{"north":{"uv":[1.5,1.5375,1.6875,1.4375],"rotation":270,"texture":"#0"},"east":{"uv":[1.5,1.4375,1.6875,1.3125],"rotation":270,"texture":"#0"},"south":{"uv":[1.5,1.5375,1.6875,1.4375],"rotation":270,"texture":"#0"},"west":{"uv":[1.5,1.4375,1.6875,1.3125],"rotation":270,"texture":"#0"},"up":{"uv":[1.5875,1.3125,1.6875,1.1875],"texture":"#0"},"down":{"uv":[1.5875,1.3125,1.6875,1.1875],"texture":"#0"}}},{"from":[7.5,12.66415,9.08048],"to":[8.5,14.16415,11.08048],"rotation":{"angle":-22.5,"axis":"x","origin":[8,14.03431,10.91032]},"faces":{"north":{"uv":[1.5,1.3125,1.375,1.5],"texture":"#0"},"east":{"uv":[1.375,1.3125,1.125,1.5],"texture":"#0"},"south":{"uv":[1.5,1.3125,1.375,1.5],"rotation":180,"texture":"#0"},"west":{"uv":[1.375,1.3125,1.125,1.5],"rotation":180,"texture":"#0"},"up":{"uv":[1.5625,1.1875,1.3125,1.3125],"rotation":270,"texture":"#0"},"down":{"uv":[1.5625,1.1875,1.3125,1.3125],"rotation":90,"texture":"#0"}}},{"from":[5.9,10.5,5.25],"to":[5.9,12.5,10.75],"rotation":{"angle":0,"axis":"y","origin":[8,5.18501,8]},"faces":{"north":{"uv":[0,0,0,4],"texture":"#2"},"south":{"uv":[0,0,0,4],"texture":"#2"},"west":{"uv":[0,0,11,4],"texture":"#2"},"up":{"uv":[0,11,0,0],"texture":"#2"},"down":{"uv":[0,0,0,11],"texture":"#2"}}},{"from":[6,9.5,5.25],"to":[10,13.5,10.75],"rotation":{"angle":0,"axis":"y","origin":[8,5.18501,8]},"faces":{"north":{"uv":[2.375,0,2.875,0.5],"texture":"#0"},"east":{"uv":[1.6875,0,2.375,0.5],"texture":"#0"},"south":{"uv":[2.375,0,2.875,0.5],"texture":"#0"},"west":{"uv":[1.6875,0,2.375,0.5],"texture":"#0"},"up":{"uv":[1.6875,0.5,2.1875,1.1875],"texture":"#0"},"down":{"uv":[1.6875,0.5,2.1875,1.1875],"texture":"#0"}}},{"from":[6.6,5.3,6.5],"to":[9.6,8.3,9.5],"rotation":{"angle":0,"axis":"y","origin":[8,5.18501,8]},"faces":{"north":{"uv":[2.4375,1.5625,2.0625,1.1875],"texture":"#0"},"east":{"uv":[2.0625,1.5625,1.6875,1.1875],"texture":"#0"},"south":{"uv":[2.4375,1.5625,2.0625,1.1875],"texture":"#0"},"west":{"uv":[2.0625,1.5625,1.6875,1.1875],"texture":"#0"},"up":{"uv":[2.4375,1.5625,2.8125,1.1875],"rotation":90,"texture":"#0"},"down":{"uv":[2.4375,1.5625,2.8125,1.1875],"rotation":90,"texture":"#0"}}},{"from":[11.4,5,4.7],"to":[11.4,14,9.7],"rotation":{"angle":-22.5,"axis":"z","origin":[16,12,0]},"faces":{"north":{"uv":[0,0,0,9],"texture":"#1"},"east":{"uv":[5,0,0,9],"texture":"#1"},"south":{"uv":[0,0,0,9],"texture":"#1"},"west":{"uv":[0,0,5,9],"texture":"#1"},"up":{"uv":[0,5,0,0],"texture":"#1"},"down":{"uv":[0,0,0,5],"texture":"#1"}}},{"from":[7.1,8,5.75],"to":[9.1,10,10.25],"rotation":{"angle":0,"axis":"y","origin":[8,5.18501,8]},"faces":{"north":{"uv":[3.6875,0.25,3.4375,0],"texture":"#0"},"east":{"uv":[3.4375,0.25,2.875,0],"texture":"#0"},"south":{"uv":[3.6875,0.25,3.4375,0],"texture":"#0"},"west":{"uv":[3.4375,0.25,2.875,0],"texture":"#0"},"up":{"uv":[2.875,0.5,3.4375,0.25],"rotation":90,"texture":"#0"},"down":{"uv":[2.875,0.5,3.4375,0.25],"rotation":90,"texture":"#0"}}},{"from":[6.3,6.2,-2.45],"to":[7.8,10.7,-0.95],"rotation":{"angle":22.5,"axis":"x","origin":[7.05,6.70088,-2.02633]},"faces":{"north":{"uv":[5.75,0.5,6.3125,0.3125],"rotation":270,"texture":"#0"},"east":{"uv":[5.75,0.5,6.3125,0.3125],"rotation":270,"texture":"#0"},"south":{"uv":[5.75,0.5,6.3125,0.3125],"rotation":270,"texture":"#0"},"west":{"uv":[5.75,0.5,6.3125,0.3125],"rotation":270,"texture":"#0"},"up":{"uv":[6.5,0.3125,6.3125,0.125],"rotation":90,"texture":"#0"},"down":{"uv":[6.5,0.3125,6.3125,0.125],"rotation":90,"texture":"#0"}}},{"from":[6.3,10.00858,-10.13899],"to":[7.8,11.50858,-5.63899],"rotation":{"angle":-45,"axis":"x","origin":[7.025,11.07355,-9.52501]},"faces":{"north":{"uv":[6.5,0.3125,6.3125,0.125],"rotation":270,"texture":"#0"},"east":{"uv":[5.75,0.5,6.3125,0.3125],"rotation":180,"texture":"#0"},"south":{"uv":[6.5,0.3125,6.3125,0.125],"rotation":90,"texture":"#0"},"west":{"uv":[5.75,0.5,6.3125,0.3125],"texture":"#0"},"up":{"uv":[5.75,0.5,6.3125,0.3125],"rotation":90,"texture":"#0"},"down":{"uv":[5.75,0.5,6.3125,0.3125],"rotation":270,"texture":"#0"}}},{"from":[6.4,9.9279,-13.03851],"to":[7.7,11.2279,-9.53851],"rotation":{"angle":-22.5,"axis":"x","origin":[7.025,11.07355,-9.52501]},"faces":{"north":{"uv":[6.5,0.3125,6.3125,0.125],"rotation":270,"texture":"#0"},"east":{"uv":[5.75,0.5,6.1875,0.3125],"rotation":180,"texture":"#0"},"south":{"uv":[6.5,0.3125,6.3125,0.125],"rotation":90,"texture":"#0"},"west":{"uv":[5.75,0.5,6.1875,0.3125],"texture":"#0"},"up":{"uv":[5.75,0.5,6.1875,0.3125],"rotation":90,"texture":"#0"},"down":{"uv":[5.75,0.5,6.1875,0.3125],"rotation":270,"texture":"#0"}}},{"from":[6.5,8.80886,-14.00278],"to":[7.6,9.90886,-12.00278],"rotation":{"angle":0,"axis":"y","origin":[7.025,11.07355,-9.52501]},"faces":{"north":{"uv":[6.45,0.2625,6.3125,0.125],"rotation":270,"texture":"#0"},"east":{"uv":[5.75,0.45,6,0.3125],"rotation":180,"texture":"#0"},"south":{"uv":[6.45,0.2625,6.3125,0.125],"rotation":90,"texture":"#0"},"west":{"uv":[5.75,0.45,6,0.3125],"texture":"#0"},"up":{"uv":[5.75,0.45,6,0.3125],"rotation":90,"texture":"#0"},"down":{"uv":[5.75,0.45,6,0.3125],"rotation":270,"texture":"#0"}}},{"from":[6.5,2.1279,-10.23851],"to":[7.6,3.2279,-7.23851],"rotation":{"angle":-22.5,"axis":"x","origin":[7.05,12.49327,-9.79075]},"faces":{"north":{"uv":[6.475,0.2875,6.3125,0.125],"rotation":270,"texture":"#0"},"east":{"uv":[5.75,0.475,6.125,0.3125],"rotation":180,"texture":"#0"},"south":{"uv":[6.475,0.2875,6.3125,0.125],"rotation":90,"texture":"#0"},"west":{"uv":[5.75,0.475,6.125,0.3125],"texture":"#0"},"up":{"uv":[5.75,0.475,6.125,0.3125],"rotation":90,"texture":"#0"},"down":{"uv":[5.75,0.475,6.125,0.3125],"rotation":270,"texture":"#0"}}},{"from":[6.4,3.21003,-2.30846],"to":[7.7,6.71003,-1.00846],"rotation":{"angle":45,"axis":"x","origin":[7.05,6.70088,-2.02633]},"faces":{"north":{"uv":[5.75,0.5,6.1875,0.3125],"rotation":270,"texture":"#0"},"east":{"uv":[5.75,0.5,6.1875,0.3125],"rotation":270,"texture":"#0"},"south":{"uv":[5.75,0.5,6.1875,0.3125],"rotation":270,"texture":"#0"},"west":{"uv":[5.75,0.5,6.1875,0.3125],"rotation":270,"texture":"#0"},"up":{"uv":[6.5,0.3125,6.3125,0.125],"rotation":90,"texture":"#0"},"down":{"uv":[6.5,0.3125,6.3125,0.125],"rotation":90,"texture":"#0"}}},{"from":[6,5.4,-0.95],"to":[8,7.9,1.05],"rotation":{"angle":22.5,"axis":"x","origin":[7,8.68501,10]},"faces":{"north":{"uv":[5.75,0.75,6.0625,0.5],"rotation":270,"texture":"#0"},"east":{"uv":[5.75,0.75,6.0625,0.5],"rotation":270,"texture":"#0"},"south":{"uv":[5.75,0.75,6.0625,0.5],"rotation":270,"texture":"#0"},"west":{"uv":[5.75,0.75,6.0625,0.5],"rotation":270,"texture":"#0"},"up":{"uv":[6.3125,0.75,6.0625,0.5],"rotation":90,"texture":"#0"},"down":{"uv":[6.3125,0.75,6.0625,0.5],"rotation":90,"texture":"#0"}}},{"from":[6,9.67674,-6.75135],"to":[8,11.67674,-4.25135],"rotation":{"angle":-45,"axis":"x","origin":[7.025,11.07355,-9.52501]},"faces":{"north":{"uv":[6.3125,0.75,6.0625,0.5],"rotation":270,"texture":"#0"},"east":{"uv":[5.75,0.75,6.0625,0.5],"rotation":180,"texture":"#0"},"south":{"uv":[6.3125,0.75,6.0625,0.5],"rotation":90,"texture":"#0"},"west":{"uv":[5.75,0.75,6.0625,0.5],"texture":"#0"},"up":{"uv":[5.75,0.75,6.0625,0.5],"rotation":90,"texture":"#0"},"down":{"uv":[5.75,0.75,6.0625,0.5],"rotation":270,"texture":"#0"}}},{"from":[6.2,1.4,7.35],"to":[7.7,5.9,8.65],"rotation":{"angle":0,"axis":"y","origin":[7,5.18501,8]},"faces":{"north":{"uv":[5.75,0.3125,6.3125,0.125],"rotation":270,"texture":"#0"},"east":{"uv":[5.75,0.3125,6.3125,0.125],"rotation":270,"texture":"#0"},"south":{"uv":[5.75,0.3125,6.3125,0.125],"rotation":270,"texture":"#0"},"west":{"uv":[5.75,0.3125,6.3125,0.125],"rotation":270,"texture":"#0"},"up":{"uv":[6.5,0.3125,6.3125,0.125],"rotation":90,"texture":"#0"},"down":{"uv":[6.5,0.3125,6.3125,0.125],"rotation":90,"texture":"#0"}}},{"from":[5.4,0.6,7.45],"to":[6.5,2.1,8.55],"rotation":{"angle":22.5,"axis":"z","origin":[7,5.18501,8]},"faces":{"north":{"uv":[5.75,0.3125,5.9375,0.125],"rotation":270,"texture":"#0"},"east":{"uv":[5.75,0.3125,5.9375,0.125],"rotation":270,"texture":"#0"},"south":{"uv":[5.75,0.3125,5.9375,0.125],"rotation":270,"texture":"#0"},"west":{"uv":[5.75,0.3125,5.9375,0.125],"rotation":270,"texture":"#0"},"up":{"uv":[6.5,0.3125,6.3125,0.125],"rotation":90,"texture":"#0"},"down":{"uv":[6.5,0.3125,6.3125,0.125],"rotation":90,"texture":"#0"}}},{"from":[7.75,14.46415,4.31952],"to":[8.25,15.46415,4.81952],"rotation":{"angle":22.5,"axis":"x","origin":[8,14.03431,5.08968]},"faces":{"north":{"uv":[1.5,1.5625,1.375,1.5],"rotation":90,"texture":"#0"},"east":{"uv":[1.5,1.5625,1.375,1.5],"rotation":270,"texture":"#0"},"south":{"uv":[1.5,1.5625,1.375,1.5],"rotation":270,"texture":"#0"},"west":{"uv":[1.5,1.5625,1.375,1.5],"rotation":90,"texture":"#0"},"up":{"uv":[1.3625,1.5625,1.3,1.5],"rotation":180,"texture":"#0"},"down":{"uv":[1.3625,1.5625,1.3,1.5],"texture":"#0"}}},{"from":[7.6,13.4,4.3],"to":[8.4,14.9,5.3],"rotation":{"angle":-22.5,"axis":"x","origin":[8,14.03431,5.08968]},"faces":{"north":{"uv":[1.5,1.4375,1.6875,1.5375],"rotation":270,"texture":"#0"},"east":{"uv":[1.5,1.3125,1.6875,1.4375],"rotation":270,"texture":"#0"},"south":{"uv":[1.5,1.4375,1.6875,1.5375],"rotation":270,"texture":"#0"},"west":{"uv":[1.5,1.3125,1.6875,1.4375],"rotation":270,"texture":"#0"},"up":{"uv":[1.5875,1.1875,1.6875,1.3125],"texture":"#0"},"down":{"uv":[1.5875,1.1875,1.6875,1.3125],"texture":"#0"}}},{"from":[7.5,12.66415,4.91952],"to":[8.5,14.16415,6.91952],"rotation":{"angle":22.5,"axis":"x","origin":[8,14.03431,5.08968]},"faces":{"north":{"uv":[1.5,1.5,1.375,1.3125],"texture":"#0"},"east":{"uv":[1.375,1.5,1.125,1.3125],"rotation":180,"texture":"#0"},"south":{"uv":[1.5,1.5,1.375,1.3125],"rotation":180,"texture":"#0"},"west":{"uv":[1.375,1.5,1.125,1.3125],"texture":"#0"},"up":{"uv":[1.5625,1.3125,1.3125,1.1875],"rotation":90,"texture":"#0"},"down":{"uv":[1.5625,1.3125,1.3125,1.1875],"rotation":270,"texture":"#0"}}},{"from":[7.9,14,5.5],"to":[7.9,18,10.5],"rotation":{"angle":0,"axis":"y","origin":[8,5.18501,8]},"faces":{"north":{"uv":[2.5625,0.75,2.875,0.5],"texture":"#0"},"east":{"uv":[15.375,4.3125,16,3.8125],"texture":"#0"},"south":{"uv":[2.5625,0.75,2.875,0.5],"texture":"#0"},"west":{"uv":[15.375,4.3125,16,3.8125],"texture":"#0"},"up":{"uv":[2.5625,0.5,2.1875,0.8125],"rotation":270,"texture":"#0"},"down":{"uv":[2.5625,0.5,2.1875,0.8125],"rotation":270,"texture":"#0"}}},{"from":[6.75,8.48922,-5.80421],"to":[9.25,10.48922,-3.80421],"rotation":{"angle":45,"axis":"x","origin":[8,-3.31499,8]},"faces":{"north":{"uv":[1.6875,0.25,1.4375,0.5],"texture":"#0"},"east":{"uv":[1.6875,0.25,1.4375,0],"texture":"#0"},"south":{"uv":[1.6875,0.75,1.4375,0.5],"texture":"#0"},"west":{"uv":[1.6875,0.25,1.4375,0],"texture":"#0"},"up":{"uv":[1.6875,0.75,1.4375,0.5],"texture":"#0"},"down":{"uv":[1.6875,0.5,1.4375,0.25],"texture":"#0"}}},{"from":[7.75,15.5,9.9],"to":[8.25,16.5,10.4],"rotation":{"angle":-22.5,"axis":"x","origin":[8,15.275,9.575]},"faces":{"north":{"uv":[1.25,1.25,1.125,1.3125],"rotation":90,"texture":"#0"},"east":{"uv":[1.25,1.25,1.125,1.3125],"rotation":90,"texture":"#0"},"south":{"uv":[1.25,1.25,1.125,1.3125],"rotation":90,"texture":"#0"},"west":{"uv":[1.25,1.25,1.125,1.3125],"rotation":90,"texture":"#0"},"up":{"uv":[1.25,1.3125,1.3125,1.25],"texture":"#0"},"down":{"uv":[1.25,1.3125,1.3125,1.25],"texture":"#0"}}},{"from":[7.6,14.68188,9.52574],"to":[8.4,16.18188,10.52574],"rotation":{"angle":22.5,"axis":"x","origin":[8,15.275,9.575]},"faces":{"north":{"uv":[1.4375,1,1.25,1.1],"rotation":270,"texture":"#0"},"east":{"uv":[1.25,0.875,1.4375,1],"rotation":270,"texture":"#0"},"south":{"uv":[1.4375,1,1.25,1.1],"rotation":90,"texture":"#0"},"west":{"uv":[1.4375,0.875,1.25,1],"rotation":90,"texture":"#0"},"up":{"uv":[1.2125,1.25,1.3125,1.125],"texture":"#0"},"down":{"uv":[1.2125,1.25,1.3125,1.125],"rotation":180,"texture":"#0"}}},{"from":[7.5,13.8,8],"to":[8.5,15.3,10],"rotation":{"angle":-22.5,"axis":"x","origin":[8,15.275,9.575]},"faces":{"north":{"uv":[0.5,1.625,0.625,1.4375],"texture":"#0"},"east":{"uv":[0.875,1.5625,0.625,1.375],"texture":"#0"},"south":{"uv":[0.5,1.625,0.625,1.4375],"texture":"#0"},"west":{"uv":[0.625,1.5625,0.875,1.375],"texture":"#0"},"up":{"uv":[1.125,1.375,0.875,1.5],"rotation":90,"texture":"#0"},"down":{"uv":[1.125,1.375,0.875,1.5],"rotation":90,"texture":"#0"}}},{"from":[7.75,15.5,5.6],"to":[8.25,16.5,6.1],"rotation":{"angle":22.5,"axis":"x","origin":[8,15.275,6.425]},"faces":{"north":{"uv":[1.25,1.3125,1.125,1.25],"rotation":90,"texture":"#0"},"east":{"uv":[1.25,1.3125,1.125,1.25],"rotation":90,"texture":"#0"},"south":{"uv":[1.25,1.3125,1.125,1.25],"rotation":90,"texture":"#0"},"west":{"uv":[1.25,1.3125,1.125,1.25],"rotation":90,"texture":"#0"},"up":{"uv":[1.25,1.25,1.3125,1.3125],"texture":"#0"},"down":{"uv":[1.25,1.25,1.3125,1.3125],"texture":"#0"}}},{"from":[7.6,14.68188,5.47426],"to":[8.4,16.18188,6.47426],"rotation":{"angle":-22.5,"axis":"x","origin":[8,15.275,6.425]},"faces":{"north":{"uv":[1.4375,1.1,1.25,1],"rotation":90,"texture":"#0"},"east":{"uv":[1.25,1,1.4375,0.875],"rotation":270,"texture":"#0"},"south":{"uv":[1.4375,1.1,1.25,1],"rotation":270,"texture":"#0"},"west":{"uv":[1.4375,1,1.25,0.875],"rotation":90,"texture":"#0"},"up":{"uv":[1.2125,1.125,1.3125,1.25],"texture":"#0"},"down":{"uv":[1.2125,1.125,1.3125,1.25],"rotation":180,"texture":"#0"}}},{"from":[7.5,13.8,6],"to":[8.5,15.3,8],"rotation":{"angle":22.5,"axis":"x","origin":[8,15.275,6.425]},"faces":{"north":{"uv":[0.625,1.625,0.5,1.4375],"texture":"#0"},"east":{"uv":[0.625,1.5625,0.875,1.375],"texture":"#0"},"south":{"uv":[0.625,1.625,0.5,1.4375],"texture":"#0"},"west":{"uv":[0.875,1.5625,0.625,1.375],"texture":"#0"},"up":{"uv":[0.875,1.375,1.125,1.5],"rotation":90,"texture":"#0"},"down":{"uv":[0.875,1.375,1.125,1.5],"rotation":90,"texture":"#0"}}},{"from":[10,10.5,5.25],"to":[10,12.5,10.75],"rotation":{"angle":0,"axis":"y","origin":[8,-1.81499,8]},"faces":{"north":{"uv":[0,0,0,4],"texture":"#2"},"east":{"uv":[0,0,11,4],"texture":"#2"},"south":{"uv":[0,0,0,4],"texture":"#2"},"west":{"uv":[0,0,11,4],"texture":"#2"},"up":{"uv":[0,11,0,0],"texture":"#2"},"down":{"uv":[0,0,0,11],"texture":"#2"}}},{"from":[6,9.67674,20.25135],"to":[8,11.67674,22.75135],"rotation":{"angle":45,"axis":"x","origin":[7.025,11.07355,25.52501]},"faces":{"north":{"uv":[6.3125,0.5,6.0625,0.75],"rotation":90,"texture":"#0"},"east":{"uv":[6.0625,0.75,5.75,0.5],"rotation":180,"texture":"#0"},"south":{"uv":[6.3125,0.5,6.0625,0.75],"rotation":270,"texture":"#0"},"west":{"uv":[6.0625,0.75,5.75,0.5],"texture":"#0"},"up":{"uv":[6.0625,0.75,5.75,0.5],"rotation":90,"texture":"#0"},"down":{"uv":[6.0625,0.75,5.75,0.5],"rotation":270,"texture":"#0"}}},{"from":[6.3,10.00858,21.63899],"to":[7.8,11.50858,26.13899],"rotation":{"angle":45,"axis":"x","origin":[7.025,11.07355,25.52501]},"faces":{"north":{"uv":[6.5,0.125,6.3125,0.3125],"rotation":90,"texture":"#0"},"east":{"uv":[6.3125,0.5,5.75,0.3125],"rotation":180,"texture":"#0"},"south":{"uv":[6.5,0.125,6.3125,0.3125],"rotation":270,"texture":"#0"},"west":{"uv":[6.3125,0.5,5.75,0.3125],"texture":"#0"},"up":{"uv":[6.3125,0.5,5.75,0.3125],"rotation":90,"texture":"#0"},"down":{"uv":[6.3125,0.5,5.75,0.3125],"rotation":270,"texture":"#0"}}},{"from":[6.4,9.9279,25.53851],"to":[7.7,11.2279,29.03851],"rotation":{"angle":22.5,"axis":"x","origin":[7.025,11.07355,25.52501]},"faces":{"north":{"uv":[6.5,0.125,6.3125,0.3125],"rotation":90,"texture":"#0"},"east":{"uv":[6.1875,0.5,5.75,0.3125],"rotation":180,"texture":"#0"},"south":{"uv":[6.5,0.125,6.3125,0.3125],"rotation":270,"texture":"#0"},"west":{"uv":[6.1875,0.5,5.75,0.3125],"texture":"#0"},"up":{"uv":[6.1875,0.5,5.75,0.3125],"rotation":90,"texture":"#0"},"down":{"uv":[6.1875,0.5,5.75,0.3125],"rotation":270,"texture":"#0"}}},{"from":[6.5,8.80886,28.00278],"to":[7.6,9.90886,30.00278],"rotation":{"angle":0,"axis":"y","origin":[7.025,11.07355,25.52501]},"faces":{"north":{"uv":[6.45,0.125,6.3125,0.2625],"rotation":90,"texture":"#0"},"east":{"uv":[6,0.45,5.75,0.3125],"rotation":180,"texture":"#0"},"south":{"uv":[6.45,0.125,6.3125,0.2625],"rotation":270,"texture":"#0"},"west":{"uv":[6,0.45,5.75,0.3125],"texture":"#0"},"up":{"uv":[6,0.45,5.75,0.3125],"rotation":90,"texture":"#0"},"down":{"uv":[6,0.45,5.75,0.3125],"rotation":270,"texture":"#0"}}},{"from":[6,5.4,14.95],"to":[8,7.9,16.95],"rotation":{"angle":-22.5,"axis":"x","origin":[7,8.68501,6]},"faces":{"north":{"uv":[5.75,0.5,6.0625,0.75],"rotation":270,"texture":"#0"},"east":{"uv":[5.75,0.5,6.0625,0.75],"rotation":270,"texture":"#0"},"south":{"uv":[5.75,0.5,6.0625,0.75],"rotation":270,"texture":"#0"},"west":{"uv":[5.75,0.5,6.0625,0.75],"rotation":270,"texture":"#0"},"up":{"uv":[6.0625,0.75,6.3125,0.5],"rotation":90,"texture":"#0"},"down":{"uv":[6.0625,0.75,6.3125,0.5],"rotation":90,"texture":"#0"}}},{"from":[6.3,6.2,16.95],"to":[7.8,10.7,18.45],"rotation":{"angle":-22.5,"axis":"x","origin":[7.05,6.70088,18.02633]},"faces":{"north":{"uv":[5.75,0.3125,6.3125,0.5],"rotation":270,"texture":"#0"},"east":{"uv":[5.75,0.3125,6.3125,0.5],"rotation":270,"texture":"#0"},"south":{"uv":[5.75,0.3125,6.3125,0.5],"rotation":270,"texture":"#0"},"west":{"uv":[5.75,0.3125,6.3125,0.5],"rotation":270,"texture":"#0"},"up":{"uv":[6.3125,0.3125,6.5,0.125],"rotation":90,"texture":"#0"},"down":{"uv":[6.3125,0.3125,6.5,0.125],"rotation":90,"texture":"#0"}}},{"from":[7,4,14.7],"to":[7,9,21.7],"rotation":{"angle":-22.5,"axis":"x","origin":[0,5,16]},"faces":{"north":{"uv":[0,0,0,0.125],"texture":"#missing"},"east":{"uv":[7.375,0.125,6.5,0.75],"texture":"#0"},"south":{"uv":[0,0,0,0.125],"texture":"#missing"},"west":{"uv":[7.375,0.125,6.5,0.75],"texture":"#0"},"up":{"uv":[0,0.875,0,0],"texture":"#missing"},"down":{"uv":[0,0.875,0,0],"texture":"#missing"}}},{"from":[7,0,23.2],"to":[7,5,30.2],"rotation":{"angle":-45,"axis":"x","origin":[0,5,16]},"faces":{"north":{"uv":[0,0,0,0.125],"texture":"#missing"},"east":{"uv":[7.375,0.125,6.5,0.75],"texture":"#0"},"south":{"uv":[0,0,0,0.125],"texture":"#missing"},"west":{"uv":[7.375,0.125,6.5,0.75],"texture":"#0"},"up":{"uv":[0,0.875,0,0],"texture":"#missing"},"down":{"uv":[0,0.875,0,0],"texture":"#missing"}}},{"from":[7,0,-14.2],"to":[7,5,-7.2],"rotation":{"angle":45,"axis":"x","origin":[0,5,0]},"faces":{"north":{"uv":[0,0,0,0.125],"texture":"#missing"},"east":{"uv":[6.5,0.125,7.375,0.75],"texture":"#0"},"south":{"uv":[0,0,0,0.125],"texture":"#missing"},"west":{"uv":[6.5,0.125,7.375,0.75],"texture":"#0"},"up":{"uv":[0,0,0,0.875],"texture":"#missing"},"down":{"uv":[0,0,0,0.875],"texture":"#missing"}}},{"from":[7,4,-5.7],"to":[7,9,1.3],"rotation":{"angle":22.5,"axis":"x","origin":[0,5,0]},"faces":{"north":{"uv":[0,0,0,0.125],"texture":"#missing"},"east":{"uv":[6.5,0.125,7.375,0.75],"texture":"#0"},"south":{"uv":[0,0,0,0.125],"texture":"#missing"},"west":{"uv":[6.5,0.125,7.375,0.75],"texture":"#0"},"up":{"uv":[0,0,0,0.875],"texture":"#missing"},"down":{"uv":[0,0,0,0.875],"texture":"#missing"}}},{"from":[6.4,3.21003,17.00846],"to":[7.7,6.71003,18.30846],"rotation":{"angle":-45,"axis":"x","origin":[7.05,6.70088,18.02633]},"faces":{"north":{"uv":[5.75,0.3125,6.1875,0.5],"rotation":270,"texture":"#0"},"east":{"uv":[5.75,0.3125,6.1875,0.5],"rotation":270,"texture":"#0"},"south":{"uv":[5.75,0.3125,6.1875,0.5],"rotation":270,"texture":"#0"},"west":{"uv":[5.75,0.3125,6.1875,0.5],"rotation":270,"texture":"#0"},"up":{"uv":[6.3125,0.3125,6.5,0.125],"rotation":90,"texture":"#0"},"down":{"uv":[6.3125,0.3125,6.5,0.125],"rotation":90,"texture":"#0"}}},{"from":[6.5,2.1279,23.23851],"to":[7.6,3.2279,26.23851],"rotation":{"angle":22.5,"axis":"x","origin":[7.05,12.49327,25.79075]},"faces":{"north":{"uv":[6.475,0.125,6.3125,0.2875],"rotation":90,"texture":"#0"},"east":{"uv":[6.125,0.475,5.75,0.3125],"rotation":180,"texture":"#0"},"south":{"uv":[6.475,0.125,6.3125,0.2875],"rotation":270,"texture":"#0"},"west":{"uv":[6.125,0.475,5.75,0.3125],"texture":"#0"},"up":{"uv":[6.125,0.475,5.75,0.3125],"rotation":90,"texture":"#0"},"down":{"uv":[6.125,0.475,5.75,0.3125],"rotation":270,"texture":"#0"}}},{"from":[5.69182,6.14536,4.49573],"to":[7.69182,7.64536,6.99573],"rotation":{"angle":22.5,"axis":"y","origin":[6,6.89536,5.12293]},"faces":{"north":{"uv":[3.0625,0.75,2.875,0.5],"rotation":90,"texture":"#0"},"east":{"uv":[2.5625,1,2.875,1.1875],"texture":"#0"},"south":{"uv":[3.0625,0.75,2.875,0.5],"rotation":270,"texture":"#0"},"west":{"uv":[2.5625,1,2.875,1.1875],"texture":"#0"},"up":{"uv":[2.875,1,2.5625,0.75],"rotation":270,"texture":"#0"},"down":{"uv":[2.875,1,2.5625,0.75],"rotation":270,"texture":"#0"}}},{"from":[5.7214,6.39536,3.62326],"to":[7.2214,7.39536,5.62326],"rotation":{"angle":45,"axis":"y","origin":[5.8,6.89536,4.72293]},"faces":{"north":{"uv":[1.5,1.5,1.375,1.3125],"rotation":90,"texture":"#0"},"east":{"uv":[1.5625,1.3125,1.3125,1.1875],"rotation":180,"texture":"#0"},"south":{"uv":[1.5,1.5,1.375,1.3125],"rotation":90,"texture":"#0"},"west":{"uv":[1.5625,1.3125,1.3125,1.1875],"texture":"#0"},"up":{"uv":[1.375,1.5,1.125,1.3125],"rotation":90,"texture":"#0"},"down":{"uv":[1.375,1.5,1.125,1.3125],"rotation":270,"texture":"#0"}}},{"from":[5.7214,4.19536,3.62326],"to":[7.2214,5.19536,5.62326],"rotation":{"angle":45,"axis":"y","origin":[5.8,4.69536,4.72293]},"faces":{"north":{"uv":[1.5,1.5,1.375,1.3125],"rotation":90,"texture":"#0"},"east":{"uv":[1.5625,1.3125,1.3125,1.1875],"rotation":180,"texture":"#0"},"south":{"uv":[1.5,1.5,1.375,1.3125],"rotation":90,"texture":"#0"},"west":{"uv":[1.5625,1.3125,1.3125,1.1875],"texture":"#0"},"up":{"uv":[1.375,1.5,1.125,1.3125],"rotation":90,"texture":"#0"},"down":{"uv":[1.375,1.5,1.125,1.3125],"rotation":270,"texture":"#0"}}},{"from":[5.69182,3.94536,4.49573],"to":[7.69182,5.44536,6.99573],"rotation":{"angle":22.5,"axis":"y","origin":[6,4.69536,5.12293]},"faces":{"north":{"uv":[3.0625,0.75,2.875,0.5],"rotation":90,"texture":"#0"},"east":{"uv":[2.5625,1,2.875,1.1875],"texture":"#0"},"south":{"uv":[3.0625,0.75,2.875,0.5],"rotation":270,"texture":"#0"},"west":{"uv":[2.5625,1,2.875,1.1875],"texture":"#0"},"up":{"uv":[2.875,1,2.5625,0.75],"rotation":270,"texture":"#0"},"down":{"uv":[2.875,1,2.5625,0.75],"rotation":270,"texture":"#0"}}},{"from":[6.65787,4.19536,5.13646],"to":[8.15787,5.19536,7.13646],"rotation":{"angle":-22.5,"axis":"y","origin":[6,4.69536,5.12293]},"faces":{"north":{"uv":[3.3125,0.5,3.4375,0.6875],"rotation":90,"texture":"#0"},"east":{"uv":[3.3125,0.81875,3.0625,0.69375],"rotation":180,"texture":"#0"},"south":{"uv":[3.3125,0.5,3.4375,0.6875],"rotation":90,"texture":"#0"},"west":{"uv":[3.3125,0.81875,3.0625,0.69375],"texture":"#0"},"up":{"uv":[3.0625,0.6875,3.3125,0.5],"rotation":270,"texture":"#0"},"down":{"uv":[3.0625,0.5,3.3125,0.6875],"rotation":90,"texture":"#0"}}},{"from":[5.7214,1.99536,3.62326],"to":[7.2214,2.99536,5.62326],"rotation":{"angle":45,"axis":"y","origin":[5.8,2.49536,4.72293]},"faces":{"north":{"uv":[1.5,1.5,1.375,1.3125],"rotation":90,"texture":"#0"},"east":{"uv":[1.5625,1.3125,1.3125,1.1875],"rotation":180,"texture":"#0"},"south":{"uv":[1.5,1.5,1.375,1.3125],"rotation":90,"texture":"#0"},"west":{"uv":[1.5625,1.3125,1.3125,1.1875],"texture":"#0"},"up":{"uv":[1.375,1.5,1.125,1.3125],"rotation":90,"texture":"#0"},"down":{"uv":[1.375,1.5,1.125,1.3125],"rotation":270,"texture":"#0"}}},{"from":[5.69182,1.74536,4.49573],"to":[7.69182,3.24536,6.99573],"rotation":{"angle":22.5,"axis":"y","origin":[6,2.49536,5.12293]},"faces":{"north":{"uv":[3.0625,0.75,2.875,0.5],"rotation":90,"texture":"#0"},"east":{"uv":[2.5625,1,2.875,1.1875],"texture":"#0"},"south":{"uv":[3.0625,0.75,2.875,0.5],"rotation":270,"texture":"#0"},"west":{"uv":[2.5625,1,2.875,1.1875],"texture":"#0"},"up":{"uv":[2.875,1,2.5625,0.75],"rotation":270,"texture":"#0"},"down":{"uv":[2.875,1,2.5625,0.75],"rotation":270,"texture":"#0"}}},{"from":[6.65787,1.99536,5.13646],"to":[8.15787,2.99536,7.13646],"rotation":{"angle":-22.5,"axis":"y","origin":[6,2.49536,5.12293]},"faces":{"north":{"uv":[3.3125,0.5,3.4375,0.6875],"rotation":90,"texture":"#0"},"east":{"uv":[3.3125,0.81875,3.0625,0.69375],"rotation":180,"texture":"#0"},"south":{"uv":[3.3125,0.5,3.4375,0.6875],"rotation":90,"texture":"#0"},"west":{"uv":[3.3125,0.81875,3.0625,0.69375],"texture":"#0"},"up":{"uv":[3.0625,0.6875,3.3125,0.5],"rotation":270,"texture":"#0"},"down":{"uv":[3.0625,0.5,3.3125,0.6875],"rotation":90,"texture":"#0"}}},{"from":[5.7214,6.39536,10.37674],"to":[7.2214,7.39536,12.37674],"rotation":{"angle":-45,"axis":"y","origin":[5.8,6.89536,11.27707]},"faces":{"north":{"uv":[1.5,1.3125,1.375,1.5],"rotation":90,"texture":"#0"},"east":{"uv":[1.3125,1.3125,1.5625,1.1875],"rotation":180,"texture":"#0"},"south":{"uv":[1.5,1.3125,1.375,1.5],"rotation":90,"texture":"#0"},"west":{"uv":[1.3125,1.3125,1.5625,1.1875],"texture":"#0"},"up":{"uv":[1.125,1.5,1.375,1.3125],"rotation":90,"texture":"#0"},"down":{"uv":[1.125,1.5,1.375,1.3125],"rotation":270,"texture":"#0"}}},{"from":[5.69182,6.14536,9.00427],"to":[7.69182,7.64536,11.50427],"rotation":{"angle":-22.5,"axis":"y","origin":[6,6.89536,10.87707]},"faces":{"north":{"uv":[3.0625,0.5,2.875,0.75],"rotation":270,"texture":"#0"},"east":{"uv":[2.875,1,2.5625,1.1875],"texture":"#0"},"south":{"uv":[3.0625,0.5,2.875,0.75],"rotation":90,"texture":"#0"},"west":{"uv":[2.875,1,2.5625,1.1875],"texture":"#0"},"up":{"uv":[2.5625,1,2.875,0.75],"rotation":270,"texture":"#0"},"down":{"uv":[2.5625,1,2.875,0.75],"rotation":270,"texture":"#0"}}},{"from":[6.65787,4.19536,8.86354],"to":[8.15787,5.19536,10.86354],"rotation":{"angle":22.5,"axis":"y","origin":[6,4.69536,10.87707]},"faces":{"north":{"uv":[3.3125,0.6875,3.4375,0.5],"rotation":90,"texture":"#0"},"east":{"uv":[3.0625,0.81875,3.3125,0.69375],"rotation":180,"texture":"#0"},"south":{"uv":[3.3125,0.6875,3.4375,0.5],"rotation":90,"texture":"#0"},"west":{"uv":[3.0625,0.81875,3.3125,0.69375],"texture":"#0"},"up":{"uv":[3.3125,0.6875,3.0625,0.5],"rotation":270,"texture":"#0"},"down":{"uv":[3.3125,0.5,3.0625,0.6875],"rotation":90,"texture":"#0"}}},{"from":[5.69182,3.94536,9.00427],"to":[7.69182,5.44536,11.50427],"rotation":{"angle":-22.5,"axis":"y","origin":[6,4.69536,10.87707]},"faces":{"north":{"uv":[3.0625,0.5,2.875,0.75],"rotation":270,"texture":"#0"},"east":{"uv":[2.875,1,2.5625,1.1875],"texture":"#0"},"south":{"uv":[3.0625,0.5,2.875,0.75],"rotation":90,"texture":"#0"},"west":{"uv":[2.875,1,2.5625,1.1875],"texture":"#0"},"up":{"uv":[2.5625,1,2.875,0.75],"rotation":270,"texture":"#0"},"down":{"uv":[2.5625,1,2.875,0.75],"rotation":270,"texture":"#0"}}},{"from":[5.7214,4.19536,10.37674],"to":[7.2214,5.19536,12.37674],"rotation":{"angle":-45,"axis":"y","origin":[5.8,4.69536,11.27707]},"faces":{"north":{"uv":[1.5,1.3125,1.375,1.5],"rotation":90,"texture":"#0"},"east":{"uv":[1.3125,1.3125,1.5625,1.1875],"rotation":180,"texture":"#0"},"south":{"uv":[1.5,1.3125,1.375,1.5],"rotation":90,"texture":"#0"},"west":{"uv":[1.3125,1.3125,1.5625,1.1875],"texture":"#0"},"up":{"uv":[1.125,1.5,1.375,1.3125],"rotation":90,"texture":"#0"},"down":{"uv":[1.125,1.5,1.375,1.3125],"rotation":270,"texture":"#0"}}},{"from":[5.7214,1.99536,10.37674],"to":[7.2214,2.99536,12.37674],"rotation":{"angle":-45,"axis":"y","origin":[5.8,2.49536,11.27707]},"faces":{"north":{"uv":[1.5,1.3125,1.375,1.5],"rotation":90,"texture":"#0"},"east":{"uv":[1.3125,1.3125,1.5625,1.1875],"rotation":180,"texture":"#0"},"south":{"uv":[1.5,1.3125,1.375,1.5],"rotation":90,"texture":"#0"},"west":{"uv":[1.3125,1.3125,1.5625,1.1875],"texture":"#0"},"up":{"uv":[1.125,1.5,1.375,1.3125],"rotation":90,"texture":"#0"},"down":{"uv":[1.125,1.5,1.375,1.3125],"rotation":270,"texture":"#0"}}},{"from":[5.69182,1.74536,9.00427],"to":[7.69182,3.24536,11.50427],"rotation":{"angle":-22.5,"axis":"y","origin":[6,2.49536,10.87707]},"faces":{"north":{"uv":[3.0625,0.5,2.875,0.75],"rotation":270,"texture":"#0"},"east":{"uv":[2.875,1,2.5625,1.1875],"texture":"#0"},"south":{"uv":[3.0625,0.5,2.875,0.75],"rotation":90,"texture":"#0"},"west":{"uv":[2.875,1,2.5625,1.1875],"texture":"#0"},"up":{"uv":[2.5625,1,2.875,0.75],"rotation":270,"texture":"#0"},"down":{"uv":[2.5625,1,2.875,0.75],"rotation":270,"texture":"#0"}}},{"from":[6.65787,1.99536,8.86354],"to":[8.15787,2.99536,10.86354],"rotation":{"angle":22.5,"axis":"y","origin":[6,2.49536,10.87707]},"faces":{"north":{"uv":[3.3125,0.6875,3.4375,0.5],"rotation":90,"texture":"#0"},"east":{"uv":[3.0625,0.81875,3.3125,0.69375],"rotation":180,"texture":"#0"},"south":{"uv":[3.3125,0.6875,3.4375,0.5],"rotation":90,"texture":"#0"},"west":{"uv":[3.0625,0.81875,3.3125,0.69375],"texture":"#0"},"up":{"uv":[3.3125,0.6875,3.0625,0.5],"rotation":270,"texture":"#0"},"down":{"uv":[3.3125,0.5,3.0625,0.6875],"rotation":90,"texture":"#0"}}},{"from":[8.8,8,-0.5],"to":[8.8,12,2],"faces":{"north":{"uv":[0,0,0,2],"texture":"#missing"},"east":{"uv":[5.25,0.75,5.5625,1.25],"texture":"#0"},"south":{"uv":[0,0,0,2],"texture":"#missing"},"west":{"uv":[5.25,0.75,5.5625,1.25],"texture":"#0"},"up":{"uv":[0,0,0,0.375],"texture":"#missing"},"down":{"uv":[0,0,0,0.375],"texture":"#missing"}}},{"from":[8.8,4,-0.5],"to":[8.8,8,2],"rotation":{"angle":22.5,"axis":"z","origin":[8.8,8,0]},"faces":{"north":{"uv":[0,0,0,0.5],"texture":"#missing"},"east":{"uv":[5.5625,1.25,5.25,1.75],"texture":"#0"},"south":{"uv":[0,0,0,0.5],"texture":"#missing"},"west":{"uv":[5.25,1.25,5.5625,1.75],"texture":"#0"},"up":{"uv":[0,0,0,0.3125],"texture":"#missing"},"down":{"uv":[0,0,0,0.3125],"texture":"#missing"}}},{"from":[10.30762,4.33011,-0.5],"to":[13.30762,4.33011,2],"rotation":{"angle":-45,"axis":"z","origin":[10.3,4.3,0]},"faces":{"north":{"uv":[0,0.5,0,0.875],"rotation":90,"texture":"#missing"},"east":{"uv":[0,0.5,0,0.8125],"rotation":270,"texture":"#missing"},"south":{"uv":[0,0.5,0,0.875],"rotation":270,"texture":"#missing"},"west":{"uv":[0,0.5,0,0.8125],"rotation":270,"texture":"#missing"},"up":{"uv":[5.5625,1.75,5.25,2.125],"rotation":270,"texture":"#0"},"down":{"uv":[5.25,1.75,5.5625,2.125],"rotation":270,"texture":"#0"}}},{"from":[12.45,2.2,-0.5],"to":[17.45,2.2,2],"rotation":{"angle":-22.5,"axis":"z","origin":[12.45,2.2,0]},"faces":{"north":{"uv":[0,0.5,0,1.5],"rotation":90,"texture":"#missing"},"east":{"uv":[0,0.5,0,0.8125],"rotation":270,"texture":"#missing"},"south":{"uv":[0,0.5,0,1.5],"rotation":270,"texture":"#missing"},"west":{"uv":[0,0.5,0,0.8125],"rotation":270,"texture":"#missing"},"up":{"uv":[5.5625,2.125,5.25,2.75],"rotation":270,"texture":"#0"},"down":{"uv":[5.25,2.125,5.5625,2.75],"rotation":270,"texture":"#0"}}},{"from":[8.8,11.5,-7.5],"to":[8.8,15.5,-5],"rotation":{"angle":0,"axis":"y","origin":[0,3.5,-7]},"faces":{"north":{"uv":[0,0,0,2],"texture":"#missing"},"east":{"uv":[5.25,0.75,5.5625,1.25],"texture":"#0"},"south":{"uv":[0,0,0,2],"texture":"#missing"},"west":{"uv":[5.25,0.75,5.5625,1.25],"texture":"#0"},"up":{"uv":[0,0,0,0.375],"texture":"#missing"},"down":{"uv":[0,0,0,0.375],"texture":"#missing"}}},{"from":[8.8,7.5,-7.5],"to":[8.8,11.5,-5],"rotation":{"angle":22.5,"axis":"z","origin":[8.8,11.5,-7]},"faces":{"north":{"uv":[0,0,0,0.5],"texture":"#missing"},"east":{"uv":[5.5625,1.25,5.25,1.75],"texture":"#0"},"south":{"uv":[0,0,0,0.5],"texture":"#missing"},"west":{"uv":[5.25,1.25,5.5625,1.75],"texture":"#0"},"up":{"uv":[0,0,0,0.3125],"texture":"#missing"},"down":{"uv":[0,0,0,0.3125],"texture":"#missing"}}},{"from":[10.30762,7.83011,-7.5],"to":[13.30762,7.83011,-5],"rotation":{"angle":-45,"axis":"z","origin":[10.3,7.8,-7]},"faces":{"north":{"uv":[0,0.5,0,0.875],"rotation":90,"texture":"#missing"},"east":{"uv":[0,0.5,0,0.8125],"rotation":270,"texture":"#missing"},"south":{"uv":[0,0.5,0,0.875],"rotation":270,"texture":"#missing"},"west":{"uv":[0,0.5,0,0.8125],"rotation":270,"texture":"#missing"},"up":{"uv":[5.5625,1.75,5.25,2.125],"rotation":270,"texture":"#0"},"down":{"uv":[5.25,1.75,5.5625,2.125],"rotation":270,"texture":"#0"}}},{"from":[12.45,5.7,-7.5],"to":[17.45,5.7,-5],"rotation":{"angle":-22.5,"axis":"z","origin":[12.45,5.7,-7]},"faces":{"north":{"uv":[0,0.5,0,1.5],"rotation":90,"texture":"#missing"},"east":{"uv":[0,0.5,0,0.8125],"rotation":270,"texture":"#missing"},"south":{"uv":[0,0.5,0,1.5],"rotation":270,"texture":"#missing"},"west":{"uv":[0,0.5,0,0.8125],"rotation":270,"texture":"#missing"},"up":{"uv":[5.5625,2.125,5.25,2.75],"rotation":270,"texture":"#0"},"down":{"uv":[5.25,2.125,5.5625,2.75],"rotation":270,"texture":"#0"}}},{"from":[8.8,11.5,21],"to":[8.8,15.5,23.5],"rotation":{"angle":0,"axis":"y","origin":[0,3.5,23]},"faces":{"north":{"uv":[0,0,0,2],"texture":"#missing"},"east":{"uv":[5.5625,0.75,5.25,1.25],"texture":"#0"},"south":{"uv":[0,0,0,2],"texture":"#missing"},"west":{"uv":[5.5625,0.75,5.25,1.25],"texture":"#0"},"up":{"uv":[0,0.375,0,0],"texture":"#missing"},"down":{"uv":[0,0.375,0,0],"texture":"#missing"}}},{"from":[8.8,7.5,21],"to":[8.8,11.5,23.5],"rotation":{"angle":22.5,"axis":"z","origin":[8.8,11.5,23]},"faces":{"north":{"uv":[0,0,0,0.5],"texture":"#missing"},"east":{"uv":[5.25,1.25,5.5625,1.75],"texture":"#0"},"south":{"uv":[0,0,0,0.5],"texture":"#missing"},"west":{"uv":[5.5625,1.25,5.25,1.75],"texture":"#0"},"up":{"uv":[0,0.3125,0,0],"texture":"#missing"},"down":{"uv":[0,0.3125,0,0],"texture":"#missing"}}},{"from":[10.30762,7.83011,21],"to":[13.30762,7.83011,23.5],"rotation":{"angle":-45,"axis":"z","origin":[10.3,7.8,23]},"faces":{"north":{"uv":[0,0.875,0,0.5],"rotation":270,"texture":"#missing"},"east":{"uv":[0,0.8125,0,0.5],"rotation":270,"texture":"#missing"},"south":{"uv":[0,0.875,0,0.5],"rotation":90,"texture":"#missing"},"west":{"uv":[0,0.8125,0,0.5],"rotation":270,"texture":"#missing"},"up":{"uv":[5.25,1.75,5.5625,2.125],"rotation":270,"texture":"#0"},"down":{"uv":[5.5625,1.75,5.25,2.125],"rotation":270,"texture":"#0"}}},{"from":[12.45,5.7,21],"to":[17.45,5.7,23.5],"rotation":{"angle":-22.5,"axis":"z","origin":[12.45,5.7,23]},"faces":{"north":{"uv":[0,1.5,0,0.5],"rotation":270,"texture":"#missing"},"east":{"uv":[0,0.8125,0,0.5],"rotation":270,"texture":"#missing"},"south":{"uv":[0,1.5,0,0.5],"rotation":90,"texture":"#missing"},"west":{"uv":[0,0.8125,0,0.5],"rotation":270,"texture":"#missing"},"up":{"uv":[5.25,2.125,5.5625,2.75],"rotation":270,"texture":"#0"},"down":{"uv":[5.5625,2.125,5.25,2.75],"rotation":270,"texture":"#0"}}},{"from":[8.8,8,14],"to":[8.8,12,16.5],"rotation":{"angle":0,"axis":"y","origin":[0,0,16]},"faces":{"north":{"uv":[0,0,0,2],"texture":"#missing"},"east":{"uv":[5.5625,0.75,5.25,1.25],"texture":"#0"},"south":{"uv":[0,0,0,2],"texture":"#missing"},"west":{"uv":[5.5625,0.75,5.25,1.25],"texture":"#0"},"up":{"uv":[0,0.375,0,0],"texture":"#missing"},"down":{"uv":[0,0.375,0,0],"texture":"#missing"}}},{"from":[8.8,4,14],"to":[8.8,8,16.5],"rotation":{"angle":22.5,"axis":"z","origin":[8.8,8,16]},"faces":{"north":{"uv":[0,0,0,0.5],"texture":"#missing"},"east":{"uv":[5.25,1.25,5.5625,1.75],"texture":"#0"},"south":{"uv":[0,0,0,0.5],"texture":"#missing"},"west":{"uv":[5.5625,1.25,5.25,1.75],"texture":"#0"},"up":{"uv":[0,0.3125,0,0],"texture":"#missing"},"down":{"uv":[0,0.3125,0,0],"texture":"#missing"}}},{"from":[10.30762,4.33011,14],"to":[13.30762,4.33011,16.5],"rotation":{"angle":-45,"axis":"z","origin":[10.3,4.3,16]},"faces":{"north":{"uv":[0,0.875,0,0.5],"rotation":270,"texture":"#missing"},"east":{"uv":[0,0.8125,0,0.5],"rotation":270,"texture":"#missing"},"south":{"uv":[0,0.875,0,0.5],"rotation":90,"texture":"#missing"},"west":{"uv":[0,0.8125,0,0.5],"rotation":270,"texture":"#missing"},"up":{"uv":[5.25,1.75,5.5625,2.125],"rotation":270,"texture":"#0"},"down":{"uv":[5.5625,1.75,5.25,2.125],"rotation":270,"texture":"#0"}}},{"from":[12.45,2.2,14],"to":[17.45,2.2,16.5],"rotation":{"angle":-22.5,"axis":"z","origin":[12.45,2.2,16]},"faces":{"north":{"uv":[0,1.5,0,0.5],"rotation":270,"texture":"#missing"},"east":{"uv":[0,0.8125,0,0.5],"rotation":270,"texture":"#missing"},"south":{"uv":[0,1.5,0,0.5],"rotation":90,"texture":"#missing"},"west":{"uv":[0,0.8125,0,0.5],"rotation":270,"texture":"#missing"},"up":{"uv":[5.25,2.125,5.5625,2.75],"rotation":270,"texture":"#0"},"down":{"uv":[5.5625,2.125,5.25,2.75],"rotation":270,"texture":"#0"}}},{"from":[8.2,19,-4],"to":[8.2,26,2],"rotation":{"angle":45,"axis":"x","origin":[8,-5.5,4]},"faces":{"north":{"uv":[0,10,0,0],"texture":"#3"},"east":{"uv":[12,14,0,0],"texture":"#3"},"south":{"uv":[0,10,0,0],"texture":"#3"},"west":{"uv":[0,14,12,0],"texture":"#3"},"up":{"uv":[0,10,0,0],"texture":"#3"},"down":{"uv":[0,0,0,10],"texture":"#3"}}},{"from":[8.2,19,14],"to":[8.2,26,20],"rotation":{"angle":-45,"axis":"x","origin":[8,-5.5,12]},"faces":{"north":{"uv":[0,10,0,0],"texture":"#3"},"east":{"uv":[0,14,12,0],"texture":"#3"},"south":{"uv":[0,10,0,0],"texture":"#3"},"west":{"uv":[12,14,0,0],"texture":"#3"},"up":{"uv":[0,0,0,10],"texture":"#3"},"down":{"uv":[0,10,0,0],"texture":"#3"}}},{"from":[18.5,3.7,13.5],"to":[23.5,3.7,17.5],"rotation":{"angle":-22.5,"axis":"z","origin":[10,6.5,14]},"faces":{"north":{"uv":[0,0,0,8],"rotation":270,"texture":"#4"},"east":{"uv":[0,0,0,8],"rotation":90,"texture":"#4"},"south":{"uv":[0,0,0,8],"rotation":90,"texture":"#4"},"west":{"uv":[0,8,0,0],"rotation":90,"texture":"#4"},"up":{"uv":[8,0,0,10],"rotation":90,"texture":"#4"},"down":{"uv":[0,0,8,10],"rotation":90,"texture":"#4"}}},{"from":[17.5,6.7,20.3],"to":[22.5,6.7,24.3],"rotation":{"angle":-22.5,"axis":"z","origin":[10,6.5,14]},"faces":{"north":{"uv":[0,0,0,8],"rotation":270,"texture":"#4"},"east":{"uv":[0,0,0,8],"rotation":90,"texture":"#4"},"south":{"uv":[0,0,0,8],"rotation":90,"texture":"#4"},"west":{"uv":[0,8,0,0],"rotation":90,"texture":"#4"},"up":{"uv":[8,0,0,10],"rotation":90,"texture":"#4"},"down":{"uv":[0,0,8,10],"rotation":90,"texture":"#4"}}},{"from":[17.5,6.7,-8.3],"to":[22.5,6.7,-4.3],"rotation":{"angle":-22.5,"axis":"z","origin":[10,6.5,2]},"faces":{"north":{"uv":[0,8,0,0],"rotation":90,"texture":"#4"},"east":{"uv":[0,8,0,0],"rotation":90,"texture":"#4"},"south":{"uv":[0,8,0,0],"rotation":270,"texture":"#4"},"west":{"uv":[0,0,0,8],"rotation":90,"texture":"#4"},"up":{"uv":[0,0,8,10],"rotation":90,"texture":"#4"},"down":{"uv":[8,0,0,10],"rotation":90,"texture":"#4"}}},{"from":[18.5,3.7,-1.5],"to":[23.5,3.7,2.5],"rotation":{"angle":-22.5,"axis":"z","origin":[10,6.5,2]},"faces":{"north":{"uv":[0,8,0,0],"rotation":90,"texture":"#4"},"east":{"uv":[0,8,0,0],"rotation":90,"texture":"#4"},"south":{"uv":[0,8,0,0],"rotation":270,"texture":"#4"},"west":{"uv":[0,0,0,8],"rotation":90,"texture":"#4"},"up":{"uv":[0,0,8,10],"rotation":90,"texture":"#4"},"down":{"uv":[8,0,0,10],"rotation":90,"texture":"#4"}}},{"from":[7.5,10.93214,18.33155],"to":[8.5,12.93214,19.83155],"rotation":{"angle":0,"axis":"y","origin":[8,-0.36786,15.38155]},"faces":{"north":{"uv":[0,1.625,0.25,1.75],"rotation":270,"texture":"#0"},"east":{"uv":[0,1.75,0.1875,2],"texture":"#0"},"south":{"uv":[0,1.625,0.25,1.75],"rotation":90,"texture":"#0"},"west":{"uv":[0,1.75,0.1875,2],"rotation":180,"texture":"#0"},"up":{"uv":[0.25,1.625,0.4375,1.75],"rotation":90,"texture":"#0"},"down":{"uv":[0.25,1.625,0.4375,1.75],"rotation":90,"texture":"#0"}}},{"from":[7.25,9.6,18.58155],"to":[8.75,11.6,19.58155],"rotation":{"angle":0,"axis":"y","origin":[8,8.5,19.04077]},"faces":{"north":{"uv":[0,1.75,0.1875,2],"texture":"#0"},"east":{"uv":[0.375,1.75,0.625,1.875],"rotation":270,"texture":"#0"},"south":{"uv":[0,1.75,0.1875,2],"rotation":180,"texture":"#0"},"west":{"uv":[0.375,1.75,0.625,1.875],"rotation":270,"texture":"#0"},"up":{"uv":[0.25,1.625,0.4375,1.75],"texture":"#0"},"down":{"uv":[0.25,1.625,0.4375,1.75],"rotation":180,"texture":"#0"}}},{"from":[7.5,8.23214,18.33155],"to":[8.5,10.23214,19.83155],"rotation":{"angle":22.5,"axis":"z","origin":[8,10.21607,19.04077]},"faces":{"north":{"uv":[0.375,1.75,0.625,1.875],"rotation":90,"texture":"#0"},"east":{"uv":[0,1.75,0.1875,2],"texture":"#0"},"south":{"uv":[0.375,1.75,0.625,1.875],"rotation":90,"texture":"#0"},"west":{"uv":[0,1.75,0.1875,2],"rotation":180,"texture":"#0"},"up":{"uv":[0.25,1.625,0.4375,1.75],"rotation":90,"texture":"#0"},"down":{"uv":[0.25,1.625,0.4375,1.75],"rotation":90,"texture":"#0"}}},{"from":[7.25,6.9,18.58155],"to":[8.75,8.9,19.58155],"rotation":{"angle":22.5,"axis":"z","origin":[8,10.21607,19.04077]},"faces":{"north":{"uv":[0.1875,1.75,0.375,2],"rotation":180,"texture":"#0"},"east":{"uv":[0.4375,1.625,0.6875,1.75],"rotation":270,"texture":"#0"},"south":{"uv":[0.1875,1.75,0.375,2],"rotation":180,"texture":"#0"},"west":{"uv":[0.4375,1.625,0.6875,1.75],"rotation":270,"texture":"#0"},"up":{"uv":[0.25,1.625,0.4375,1.75],"rotation":180,"texture":"#0"},"down":{"uv":[0.6875,1.625,0.875,1.75],"rotation":180,"texture":"#0"}}},{"from":[8,4.9,17.5],"to":[8,7.9,20.5],"rotation":{"angle":22.5,"axis":"z","origin":[8,10.21607,19.04077]},"faces":{"north":{"uv":[0,0,0,0.375],"texture":"#missing"},"east":{"uv":[14.125,2.5625,13.75,2.9375],"texture":"#0"},"south":{"uv":[0,0,0,0.375],"texture":"#missing"},"west":{"uv":[14.125,2.5625,13.75,2.9375],"texture":"#0"},"up":{"uv":[0,0.375,0,0],"texture":"#missing"},"down":{"uv":[0,0.375,0,0],"texture":"#missing"}}},{"from":[7.5,10.93214,-3.83155],"to":[8.5,12.93214,-2.33155],"rotation":{"angle":0,"axis":"y","origin":[8,-0.36786,0.61845]},"faces":{"north":{"uv":[0,1.75,0.25,1.625],"rotation":90,"texture":"#0"},"east":{"uv":[0.1875,1.75,0,2],"texture":"#0"},"south":{"uv":[0,1.75,0.25,1.625],"rotation":270,"texture":"#0"},"west":{"uv":[0.1875,1.75,0,2],"rotation":180,"texture":"#0"},"up":{"uv":[0.4375,1.625,0.25,1.75],"rotation":90,"texture":"#0"},"down":{"uv":[0.4375,1.625,0.25,1.75],"rotation":90,"texture":"#0"}}},{"from":[7.25,9.6,-3.58155],"to":[8.75,11.6,-2.58155],"rotation":{"angle":0,"axis":"y","origin":[8,8.5,-3.04077]},"faces":{"north":{"uv":[0.1875,1.75,0,2],"rotation":180,"texture":"#0"},"east":{"uv":[0.375,1.875,0.625,1.75],"rotation":270,"texture":"#0"},"south":{"uv":[0.1875,1.75,0,2],"texture":"#0"},"west":{"uv":[0.375,1.875,0.625,1.75],"rotation":270,"texture":"#0"},"up":{"uv":[0.25,1.75,0.4375,1.625],"texture":"#0"},"down":{"uv":[0.25,1.75,0.4375,1.625],"rotation":180,"texture":"#0"}}},{"from":[7.5,8.23214,-3.83155],"to":[8.5,10.23214,-2.33155],"rotation":{"angle":22.5,"axis":"z","origin":[8,10.21607,-3.04077]},"faces":{"north":{"uv":[0.375,1.875,0.625,1.75],"rotation":90,"texture":"#0"},"east":{"uv":[0.1875,1.75,0,2],"texture":"#0"},"south":{"uv":[0.375,1.875,0.625,1.75],"rotation":90,"texture":"#0"},"west":{"uv":[0.1875,1.75,0,2],"rotation":180,"texture":"#0"},"up":{"uv":[0.4375,1.625,0.25,1.75],"rotation":90,"texture":"#0"},"down":{"uv":[0.4375,1.625,0.25,1.75],"rotation":90,"texture":"#0"}}},{"from":[7.25,6.9,-3.58155],"to":[8.75,8.9,-2.58155],"rotation":{"angle":22.5,"axis":"z","origin":[8,10.21607,-3.04077]},"faces":{"north":{"uv":[0.375,1.75,0.1875,2],"rotation":180,"texture":"#0"},"east":{"uv":[0.4375,1.75,0.6875,1.625],"rotation":270,"texture":"#0"},"south":{"uv":[0.375,1.75,0.1875,2],"rotation":180,"texture":"#0"},"west":{"uv":[0.4375,1.75,0.6875,1.625],"rotation":270,"texture":"#0"},"up":{"uv":[0.25,1.75,0.4375,1.625],"rotation":180,"texture":"#0"},"down":{"uv":[0.6875,1.75,0.875,1.625],"rotation":180,"texture":"#0"}}},{"from":[8,4.9,-4.5],"to":[8,7.9,-1.5],"rotation":{"angle":22.5,"axis":"z","origin":[8,10.21607,-3.04077]},"faces":{"north":{"uv":[0,0,0,0.375],"texture":"#missing"},"east":{"uv":[13.75,2.5625,14.125,2.9375],"texture":"#0"},"south":{"uv":[0,0,0,0.375],"texture":"#missing"},"west":{"uv":[13.75,2.5625,14.125,2.9375],"texture":"#0"},"up":{"uv":[0,0,0,0.375],"texture":"#missing"},"down":{"uv":[0,0,0,0.375],"texture":"#missing"}}}],"gui_light":"front","display":{"thirdperson_righthand":{"rotation":[67.5,90,0],"translation":[0,0.5,0],"scale":[0.29883,0.29883,0.29883]},"thirdperson_lefthand":{"rotation":[67.5,90,0],"translation":[-6,-6.75,9]},"firstperson_righthand":{"rotation":[0,90,0],"translation":[2,2.25,0],"scale":[0.34414,0.34414,0.34414]},"firstperson_lefthand":{"translation":[14.75,0,0],"scale":[0,0,0]},"ground":{"translation":[0,6,0],"scale":[0.8,0.8,0.8]},"gui":{"rotation":[-90,-90,-90],"translation":[0,-0.75,-1.5],"scale":[0.35938,0.35938,0.35938]},"head":{"scale":[0,0,0]},"fixed":{"rotation":[0,90,0],"translation":[0,-1,-5.25],"scale":[2.6,2.6,2.6]}}}