{"credit":"Made with Blockbench","textures":{"0":"space_blue_pack:sword","1":"space_blue_pack:boots","2":"space_blue_pack:boots_1","3":"space_blue_pack:pickaxe_animated","4":"space_blue_pack:circle","particle":"space_blue_pack:sword"},"elements":[{"from":[7.1585,2.62,5.915],"to":[8.8415,6.79,10.085],"rotation":{"angle":0,"axis":"y","origin":[8,4.705,8]},"faces":{"east":{"uv":[0,0,16,16],"rotation":90,"texture":"#4"},"west":{"uv":[0,0,16,16],"rotation":270,"texture":"#4"}}},{"from":[7.3995,6.63521,9.72045],"to":[8.6005,7.64521,11.63045],"rotation":{"angle":-45,"axis":"x","origin":[8,7.14021,10.92545]},"faces":{"east":{"uv":[0,0,16,16],"rotation":270,"texture":"#2"},"west":{"uv":[0,0,16,16],"rotation":90,"texture":"#2"},"up":{"uv":[0,0,16,16],"rotation":180,"texture":"#2"},"down":{"uv":[0,0,16,16],"texture":"#2"}}},{"from":[7.6995,6.78521,10.22045],"to":[8.3005,7.49521,12.13045],"rotation":{"angle":-45,"axis":"x","origin":[8,7.14021,10.92545]},"faces":{"east":{"uv":[0,0,16,16],"rotation":270,"texture":"#1"},"west":{"uv":[0,0,16,16],"rotation":90,"texture":"#1"},"up":{"uv":[0,0,16,16],"rotation":180,"texture":"#1"},"down":{"uv":[0,0,16,16],"texture":"#1"}}},{"from":[7.2995,-7.56579,7.295],"to":[8.7005,-5.65579,8.705],"rotation":{"angle":0,"axis":"y","origin":[8,-6.73579,8]},"faces":{"north":{"uv":[0,0,16,16],"rotation":180,"texture":"#2"},"east":{"uv":[0,0,16,16],"rotation":180,"texture":"#2"},"south":{"uv":[0,0,16,16],"rotation":180,"texture":"#2"},"west":{"uv":[0,0,16,16],"rotation":180,"texture":"#2"}}},{"from":[7.5495,-7.81579,7.545],"to":[8.4505,-5.90579,8.455],"rotation":{"angle":0,"axis":"y","origin":[8,-6.73579,8]},"faces":{"north":{"uv":[0,0,16,16],"rotation":180,"texture":"#1"},"east":{"uv":[0,0,16,16],"rotation":180,"texture":"#1"},"south":{"uv":[0,0,16,16],"rotation":180,"texture":"#1"},"west":{"uv":[0,0,16,16],"rotation":180,"texture":"#1"}}},{"from":[7.65648,-5.15254,6.97153],"to":[8.34353,-4.24254,7.65403],"rotation":{"angle":0,"axis":"y","origin":[8,-4.96525,7.42367]},"faces":{"north":{"uv":[12,6.28571,12.42857,5.71429],"texture":"#0"},"east":{"uv":[12,6.85714,12.42857,6.28571],"texture":"#0"},"south":{"uv":[12,7.42857,12.42857,6.85714],"texture":"#0"},"west":{"uv":[7.42857,12.57143,7.85714,12],"texture":"#0"},"up":{"uv":[13,6.71429,12.57143,6.28571],"texture":"#0"},"down":{"uv":[13,5.71429,12.57143,6.14286],"texture":"#0"}}},{"from":[7.65875,-5.68797,6.97153],"to":[8.34125,-4.77797,7.65403],"rotation":{"angle":-45,"axis":"x","origin":[8,-4.96525,7.42367]},"faces":{"north":{"uv":[12,8,12.42857,7.42857],"texture":"#0"},"east":{"uv":[8,12.57143,8.42857,12],"texture":"#0"},"south":{"uv":[12,8.57143,12.42857,8],"texture":"#0"},"west":{"uv":[8.57143,12.57143,9,12],"texture":"#0"},"up":{"uv":[7.85714,13,7.42857,12.57143],"texture":"#0"},"down":{"uv":[13,6.85714,12.57143,7.28571],"texture":"#0"}}},{"from":[7.65648,1.0534,7.69054],"to":[8.34353,2.8734,8.37304],"rotation":{"angle":0,"axis":"y","origin":[8,7.54756,7.27544]},"faces":{"north":{"uv":[10.28571,1.14286,10.71429,2.14286],"texture":"#0"},"east":{"uv":[8.57143,10.28571,9,11.28571],"texture":"#0"},"south":{"uv":[9.14286,10.28571,9.57143,11.28571],"texture":"#0"},"west":{"uv":[9.71429,10.28571,10.14286,11.28571],"texture":"#0"},"up":{"uv":[13,9,12.57143,8.57143],"texture":"#0"},"down":{"uv":[9.57143,12.57143,9.14286,13],"texture":"#0"}}},{"from":[7.65648,-0.7666,7.69054],"to":[8.34353,1.0534,8.37304],"rotation":{"angle":0,"axis":"y","origin":[8,5.72756,7.27544]},"faces":{"north":{"uv":[13.28572,10.28571,13.71429,11.28571],"texture":"#0"},"east":{"uv":[13.71429,10.28571,13.28572,11.28571],"texture":"#0"},"south":{"uv":[13.28572,10.28571,13.71429,11.28571],"texture":"#0"},"west":{"uv":[13.28572,10.28571,13.71429,11.28571],"texture":"#0"},"up":{"uv":[13,9,12.57143,8.57143],"texture":"#0"},"down":{"uv":[9.57143,12.57143,9.14286,13],"texture":"#0"}}},{"from":[7.65648,-2.5866,7.65875],"to":[8.34353,-0.7666,8.34125],"rotation":{"angle":0,"axis":"y","origin":[8,3.90756,7.24365]},"faces":{"north":{"uv":[10.28571,1.14286,10.71429,2.14286],"texture":"#0"},"east":{"uv":[8.57143,10.28571,9,11.28571],"texture":"#0"},"south":{"uv":[9.14286,10.28571,9.57143,11.28571],"texture":"#0"},"west":{"uv":[9.71429,10.28571,10.14286,11.28571],"texture":"#0"},"up":{"uv":[13,9,12.57143,8.57143],"texture":"#0"},"down":{"uv":[9.57143,12.57143,9.14286,13],"texture":"#0"}}},{"from":[7.65875,5.19515,3.81717],"to":[8.34125,6.10515,4.49967],"rotation":{"angle":45,"axis":"x","origin":[8,6.15916,4.51061]},"faces":{"north":{"uv":[12,10.85714,12.42857,11.42857],"texture":"#0"},"east":{"uv":[11.42857,12,11.85714,12.57143],"texture":"#0"},"south":{"uv":[12,11.42857,12.42857,12],"texture":"#0"},"west":{"uv":[12,12,12.42857,12.57143],"texture":"#0"},"up":{"uv":[13,9.57143,12.57143,9.14286],"texture":"#0"},"down":{"uv":[10.14286,12.57143,9.71429,13],"texture":"#0"}}},{"from":[7.65648,5.9288,3.98208],"to":[8.34353,6.6113,6.25708],"rotation":{"angle":0,"axis":"y","origin":[8,6.15916,4.51061]},"faces":{"north":{"uv":[10.71429,12.57143,10.28571,13],"rotation":180,"texture":"#0"},"east":{"uv":[8,4,8.42857,5.28571],"rotation":270,"texture":"#0"},"south":{"uv":[13,10.14286,12.57143,9.71429],"texture":"#0"},"west":{"uv":[8,8,8.42857,9.28571],"rotation":90,"texture":"#0"},"up":{"uv":[8,2.28571,8.42857,3.57143],"rotation":180,"texture":"#0"},"down":{"uv":[7.42857,8,7.85714,9.28571],"texture":"#0"}}},{"from":[8,4.31914,0.61112],"to":[8,9.73164,6.18888],"rotation":{"angle":0,"axis":"y","origin":[8,5.52539,10.9]},"faces":{"east":{"uv":[0,16,16,0],"rotation":270,"texture":"#3"},"west":{"uv":[0,0,16,16],"rotation":270,"texture":"#3"}}},{"from":[7.545,4.21484,7.42814],"to":[8.455,4.73809,8.79314],"rotation":{"angle":22.5,"axis":"x","origin":[8,7.54756,6.5]},"faces":{"north":{"uv":[12.57143,10.28571,13.14286,10.57143],"texture":"#0"},"east":{"uv":[0,12.57143,0.71429,12.85714],"texture":"#0"},"south":{"uv":[10.85714,12.57143,11.42857,12.85714],"texture":"#0"},"west":{"uv":[12.57143,0,13.28571,0.28571],"texture":"#0"},"up":{"uv":[11.42857,5.28571,10.85714,4.57143],"texture":"#0"},"down":{"uv":[11.42857,5.71429,10.85714,6.42857],"texture":"#0"}}},{"from":[7.595,3.58429,7.68933],"to":[8.405,4.10754,9.05433],"rotation":{"angle":22.5,"axis":"x","origin":[7.95,7.54756,6.5]},"faces":{"north":{"uv":[12.57143,10.85714,13.14286,11.14286],"texture":"#0"},"east":{"uv":[12.57143,0.57143,13.28571,0.85714],"texture":"#0"},"south":{"uv":[11.42857,12.57143,12,12.85714],"texture":"#0"},"west":{"uv":[1.14286,12.57143,1.85714,12.85714],"texture":"#0"},"up":{"uv":[11.42857,7.57143,10.85714,6.85714],"texture":"#0"},"down":{"uv":[8,10.85714,7.42857,11.57143],"texture":"#0"}}},{"from":[7.545,6.05137,4.41491],"to":[8.455,7.41637,4.93816],"rotation":{"angle":22.5,"axis":"x","origin":[8,6.73387,4.67654]},"faces":{"north":{"uv":[11.42857,8,10.85714,8.71429],"rotation":180,"texture":"#0"},"east":{"uv":[12.57143,1.14286,13.28571,1.42857],"rotation":270,"texture":"#0"},"south":{"uv":[8.57143,11.57143,8,10.85714],"texture":"#0"},"west":{"uv":[12.57143,1.71429,13.28571,2],"rotation":90,"texture":"#0"},"up":{"uv":[12.57143,11.42857,13.14286,11.71429],"rotation":180,"texture":"#0"},"down":{"uv":[12,12.57143,12.57143,12.85714],"texture":"#0"}}},{"from":[7.545,6.48667,5.46582],"to":[8.455,7.85167,5.98907],"rotation":{"angle":22.5,"axis":"x","origin":[8,6.73387,4.67654]},"faces":{"north":{"uv":[12,1.14286,11.42857,1.85714],"rotation":180,"texture":"#0"},"east":{"uv":[12.57143,2.85714,13.28571,3.14286],"rotation":270,"texture":"#0"},"south":{"uv":[12,0.71429,11.42857,0],"texture":"#0"},"west":{"uv":[3.42857,12.57143,4.14286,12.85714],"rotation":90,"texture":"#0"},"up":{"uv":[0,13.14286,0.57143,13.42857],"rotation":180,"texture":"#0"},"down":{"uv":[0.57143,13.14286,1.14286,13.42857],"texture":"#0"}}},{"from":[7.545,-3.31448,7.3175],"to":[8.455,-2.79123,8.6825],"rotation":{"angle":0,"axis":"y","origin":[8,-3.05285,8]},"faces":{"north":{"uv":[1.14286,13.14286,1.71429,13.42857],"texture":"#0"},"east":{"uv":[12.57143,3.42857,13.28571,3.71429],"texture":"#0"},"south":{"uv":[1.71429,13.14286,2.28571,13.42857],"texture":"#0"},"west":{"uv":[12.57143,4,13.28571,4.28571],"texture":"#0"},"up":{"uv":[12,3,11.42857,2.28571],"texture":"#0"},"down":{"uv":[12,3.42857,11.42857,4.14286],"texture":"#0"}}},{"from":[7.545,0.93552,7.51794],"to":[8.455,1.45877,8.53294],"rotation":{"angle":0,"axis":"y","origin":[8,-3.05285,6.80044]},"faces":{"north":{"uv":[1.14286,13.14286,1.71429,13.42857],"texture":"#0"},"east":{"uv":[13.57143,4,14.14285,4.28572],"texture":"#0"},"south":{"uv":[1.71429,13.14286,2.28571,13.42857],"texture":"#0"},"west":{"uv":[13.57143,4,14.14285,4.28571],"texture":"#0"},"up":{"uv":[11.42857,2.42857,12,3],"texture":"#0"},"down":{"uv":[12,3.42857,11.42857,4.14286],"texture":"#0"}}},{"from":[7.545,2.83552,7.51794],"to":[8.455,3.35877,8.53294],"rotation":{"angle":0,"axis":"y","origin":[8,-3.05285,6.80044]},"faces":{"north":{"uv":[1.14286,13.14286,1.71429,13.42857],"texture":"#0"},"east":{"uv":[13.57143,4,14.14285,4.28572],"texture":"#0"},"south":{"uv":[1.71429,13.14286,2.28571,13.42857],"texture":"#0"},"west":{"uv":[13.57143,4,14.14285,4.28571],"texture":"#0"},"up":{"uv":[11.42857,2.42857,12,3],"texture":"#0"},"down":{"uv":[12,3.42857,11.42857,4.14286],"texture":"#0"}}},{"from":[7.545,-1.16448,7.51794],"to":[8.455,-0.64123,8.53294],"rotation":{"angle":0,"axis":"y","origin":[8,-3.05285,6.80044]},"faces":{"north":{"uv":[1.14286,13.14286,1.71429,13.42857],"texture":"#0"},"east":{"uv":[13.57143,4,14.14285,4.28572],"texture":"#0"},"south":{"uv":[1.71429,13.14286,2.28571,13.42857],"texture":"#0"},"west":{"uv":[13.57143,4,14.14285,4.28571],"texture":"#0"},"up":{"uv":[11.42857,2.42857,12,3],"texture":"#0"},"down":{"uv":[12,3.42857,11.42857,4.14286],"texture":"#0"}}},{"from":[7.545,-3.99698,7.3175],"to":[8.455,-3.47373,8.6825],"rotation":{"angle":0,"axis":"y","origin":[8,-3.73535,8]},"faces":{"north":{"uv":[2.28571,13.14286,2.85714,13.42857],"texture":"#0"},"east":{"uv":[12.57143,4.57143,13.28571,4.85714],"texture":"#0"},"south":{"uv":[2.85714,13.14286,3.42857,13.42857],"texture":"#0"},"west":{"uv":[12.57143,5.14286,13.28571,5.42857],"texture":"#0"},"up":{"uv":[12,5.28571,11.42857,4.57143],"texture":"#0"},"down":{"uv":[12,5.71429,11.42857,6.42857],"texture":"#0"}}},{"from":[7.52225,-2.14863,1.02628],"to":[8.47775,-1.23863,1.93628],"rotation":{"angle":-45,"axis":"x","origin":[8,4.20757,7.1]},"faces":{"north":{"uv":[8.57143,11.42857,9.14286,12],"texture":"#0"},"east":{"uv":[9.14286,11.42857,9.71429,12],"texture":"#0"},"south":{"uv":[11.42857,9.14286,12,9.71429],"texture":"#0"},"west":{"uv":[9.71429,11.42857,10.28571,12],"texture":"#0"},"up":{"uv":[12,10.28571,11.42857,9.71429],"texture":"#0"},"down":{"uv":[10.85714,11.42857,10.28571,12],"texture":"#0"}}},{"from":[7.52225,5.35831,3.78789],"to":[8.47775,6.72331,6.06289],"rotation":{"angle":-45,"axis":"x","origin":[8,7.54756,6.5]},"faces":{"north":{"uv":[11.42857,6.85714,12,7.57143],"texture":"#0"},"east":{"uv":[7.42857,0,8.71429,0.71429],"texture":"#0"},"south":{"uv":[11.42857,8,12,8.71429],"texture":"#0"},"west":{"uv":[7.42857,1.14286,8.71429,1.85714],"texture":"#0"},"up":{"uv":[8,3.57143,7.42857,2.28571],"texture":"#0"},"down":{"uv":[8,4,7.42857,5.28571],"texture":"#0"}}},{"from":[7.4085,3.83008,4.85896],"to":[8.5915,5.19508,6.22397],"rotation":{"angle":-45,"axis":"x","origin":[8,7.54756,6.52544]},"faces":{"north":{"uv":[8.57143,2.28571,9.28571,3],"texture":"#0"},"east":{"uv":[8.57143,3.42857,9.28571,4.14286],"texture":"#0"},"south":{"uv":[8.57143,4.57143,9.28571,5.28571],"texture":"#0"},"west":{"uv":[8.57143,5.71429,9.28571,6.42857],"texture":"#0"},"up":{"uv":[9.28571,7.57143,8.57143,6.85714],"texture":"#0"},"down":{"uv":[9.28571,8,8.57143,8.71429],"texture":"#0"}}},{"from":[7.4085,5.76048,2.90313],"to":[8.5915,7.12548,4.26813],"rotation":{"angle":-45,"axis":"x","origin":[8,7.54756,6.5]},"faces":{"north":{"uv":[9.14286,0,9.85714,0.71429],"texture":"#0"},"east":{"uv":[9.14286,1.14286,9.85714,1.85714],"texture":"#0"},"south":{"uv":[8.57143,9.14286,9.28571,9.85714],"texture":"#0"},"west":{"uv":[9.71429,2.28571,10.42857,3],"texture":"#0"},"up":{"uv":[10.42857,4.14286,9.71429,3.42857],"texture":"#0"},"down":{"uv":[10.42857,4.57143,9.71429,5.28571],"texture":"#0"}}},{"from":[7.545,4.21484,7.20686],"to":[8.455,4.73809,8.57186],"rotation":{"angle":-22.5,"axis":"x","origin":[8,7.54756,9.5]},"faces":{"north":{"uv":[11.42857,12.57143,10.85714,12.85714],"texture":"#0"},"east":{"uv":[0.71429,12.57143,0,12.85714],"texture":"#0"},"south":{"uv":[13.14286,10.28571,12.57143,10.57143],"texture":"#0"},"west":{"uv":[13.28571,0,12.57143,0.28571],"texture":"#0"},"up":{"uv":[11.42857,4.57143,10.85714,5.28571],"texture":"#0"},"down":{"uv":[11.42857,6.42857,10.85714,5.71429],"texture":"#0"}}},{"from":[7.595,3.58429,6.94567],"to":[8.405,4.10754,8.31067],"rotation":{"angle":-22.5,"axis":"x","origin":[7.95,7.54756,9.5]},"faces":{"north":{"uv":[12,12.57143,11.42857,12.85714],"texture":"#0"},"east":{"uv":[13.28571,0.57143,12.57143,0.85714],"texture":"#0"},"south":{"uv":[13.14286,10.85714,12.57143,11.14286],"texture":"#0"},"west":{"uv":[1.85714,12.57143,1.14286,12.85714],"texture":"#0"},"up":{"uv":[11.42857,6.85714,10.85714,7.57143],"texture":"#0"},"down":{"uv":[8,11.57143,7.42857,10.85714],"texture":"#0"}}},{"from":[7.52225,5.35831,9.93711],"to":[8.47775,6.72331,12.21211],"rotation":{"angle":45,"axis":"x","origin":[8,7.54756,9.5]},"faces":{"north":{"uv":[12,8,11.42857,8.71429],"texture":"#0"},"east":{"uv":[8.71429,0,7.42857,0.71429],"texture":"#0"},"south":{"uv":[12,6.85714,11.42857,7.57143],"texture":"#0"},"west":{"uv":[8.71429,1.14286,7.42857,1.85714],"texture":"#0"},"up":{"uv":[8,2.28571,7.42857,3.57143],"texture":"#0"},"down":{"uv":[8,5.28571,7.42857,4],"texture":"#0"}}},{"from":[7.4085,5.76048,11.73187],"to":[8.5915,7.12548,13.09687],"rotation":{"angle":45,"axis":"x","origin":[8,7.54756,9.5]},"faces":{"north":{"uv":[9.28571,9.14286,8.57143,9.85714],"texture":"#0"},"east":{"uv":[9.85714,1.14286,9.14286,1.85714],"texture":"#0"},"south":{"uv":[9.85714,0,9.14286,0.71429],"texture":"#0"},"west":{"uv":[10.42857,2.28571,9.71429,3],"texture":"#0"},"up":{"uv":[10.42857,3.42857,9.71429,4.14286],"texture":"#0"},"down":{"uv":[10.42857,5.28571,9.71429,4.57143],"texture":"#0"}}},{"from":[7.5085,4.12,7.38322],"to":[8.4915,5.29,8.55322],"rotation":{"angle":0,"axis":"y","origin":[8,-2.34677,7.06571]},"faces":{"north":{"uv":[10.42857,9.85714,9.71429,9.14286],"rotation":180,"texture":"#0"},"east":{"uv":[9.71429,6.85714,10.42857,7.57143],"rotation":90,"texture":"#0"},"south":{"uv":[11,0,10.28571,0.71429],"texture":"#0"},"west":{"uv":[9.71429,8,10.42857,8.71429],"rotation":270,"texture":"#0"},"up":{"uv":[7.42857,9.71429,8.14286,10.42857],"texture":"#0"},"down":{"uv":[9.71429,5.71429,10.42857,6.42857],"rotation":180,"texture":"#0"}}},{"from":[7.5495,-4.05838,3.57279],"to":[8.4505,-3.14838,4.48279],"rotation":{"angle":-22.5,"axis":"x","origin":[7.95,4.20757,7.1]},"faces":{"north":{"uv":[11.42857,10.28571,12,10.85714],"texture":"#0"},"east":{"uv":[10.85714,11.42857,11.42857,12],"texture":"#0"},"south":{"uv":[11.42857,10.85714,12,11.42857],"texture":"#0"},"west":{"uv":[11.42857,11.42857,12,12],"texture":"#0"},"up":{"uv":[12.57143,0.57143,12,0],"texture":"#0"},"down":{"uv":[12.57143,0.57143,12,1.14286],"texture":"#0"}}},{"from":[7.65875,-5.68797,8.34597],"to":[8.34125,-4.77797,9.02847],"rotation":{"angle":45,"axis":"x","origin":[8,-4.96525,8.57633]},"faces":{"north":{"uv":[12.42857,8.57143,12,8],"texture":"#0"},"east":{"uv":[8.42857,12.57143,8,12],"texture":"#0"},"south":{"uv":[12.42857,8,12,7.42857],"texture":"#0"},"west":{"uv":[9,12.57143,8.57143,12],"texture":"#0"},"up":{"uv":[7.85714,12.57143,7.42857,13],"texture":"#0"},"down":{"uv":[13,7.28571,12.57143,6.85714],"texture":"#0"}}},{"from":[7.65648,-5.15254,8.34597],"to":[8.34353,-4.24254,9.02847],"rotation":{"angle":0,"axis":"y","origin":[8,-4.96525,8.57633]},"faces":{"north":{"uv":[12.42857,7.42857,12,6.85714],"texture":"#0"},"east":{"uv":[12.42857,6.85714,12,6.28571],"texture":"#0"},"south":{"uv":[12.42857,6.28571,12,5.71429],"texture":"#0"},"west":{"uv":[7.85714,12.57143,7.42857,12],"texture":"#0"},"up":{"uv":[13,6.28571,12.57143,6.71429],"texture":"#0"},"down":{"uv":[13,6.14286,12.57143,5.71429],"texture":"#0"}}},{"from":[7.5495,-4.05838,11.51721],"to":[8.4505,-3.14838,12.42721],"rotation":{"angle":22.5,"axis":"x","origin":[7.95,4.20757,8.9]},"faces":{"north":{"uv":[12,10.85714,11.42857,11.42857],"texture":"#0"},"east":{"uv":[11.42857,11.42857,10.85714,12],"texture":"#0"},"south":{"uv":[12,10.28571,11.42857,10.85714],"texture":"#0"},"west":{"uv":[12,11.42857,11.42857,12],"texture":"#0"},"up":{"uv":[12.57143,0,12,0.57143],"texture":"#0"},"down":{"uv":[12.57143,1.14286,12,0.57143],"texture":"#0"}}},{"from":[7.52225,-2.14863,14.06372],"to":[8.47775,-1.23863,14.97372],"rotation":{"angle":45,"axis":"x","origin":[8,4.20757,8.9]},"faces":{"north":{"uv":[12,9.14286,11.42857,9.71429],"texture":"#0"},"east":{"uv":[9.71429,11.42857,9.14286,12],"texture":"#0"},"south":{"uv":[9.14286,11.42857,8.57143,12],"texture":"#0"},"west":{"uv":[10.28571,11.42857,9.71429,12],"texture":"#0"},"up":{"uv":[12,9.71429,11.42857,10.28571],"texture":"#0"},"down":{"uv":[10.85714,12,10.28571,11.42857],"texture":"#0"}}}],"gui_light":"front","display":{"thirdperson_righthand":{"translation":[0,9.5,1],"scale":[1.2,1.2,1.2]},"thirdperson_lefthand":{"translation":[0,9.5,1],"scale":[1.2,1.2,1.2]},"firstperson_righthand":{"rotation":[-10.78,-8.3,4.74],"translation":[10.75,6.5,-9.25],"scale":[1.16,1.16,1.16]},"firstperson_lefthand":{"rotation":[-10.78,-8.3,4.74],"translation":[10.75,6.5,-9.25],"scale":[1.16,1.16,1.16]},"ground":{"rotation":[0,0,43],"translation":[-3.75,5,0],"scale":[0.8,0.8,0.8]},"gui":{"rotation":[-90,45,90],"translation":[-3,3,0],"scale":[0.85,0.85,0.85]},"head":{"scale":[0.02,0.01,0.01]},"fixed":{"rotation":[0,-90,0],"translation":[0,21.25,-1.5],"scale":[3,3,3]}}}